journal_id,posting_datetime,debit_account,credit_account,amount,currency,source,user_id,user_role,is_reversal,description
JE000001,2025-03-08T12:41:00,Cash,Accounts Receivable,1744.43,CNY,automated,batch,System,False,Synthetic journal entry for audit analytics
JE000002,2025-02-22T09:39:00,Cash,Accounts Receivable,25588.35,CNY,subledger,u002,Accountant,False,Synthetic journal entry for audit analytics
JE000003,2025-11-04T15:46:00,Cash,Inventory,996949.71,CNY,automated,batch,System,False,Synthetic journal entry for audit analytics
JE000004,2025-06-28T15:01:00,Accounts Receivable,Inventory,365441.43,CNY,automated,batch,System,False,Synthetic journal entry for audit analytics
JE000005,2025-06-04T14:11:00,Accounts Receivable,Accounts Receivable,13354.25,CNY,subledger,u003,Senior Accountant,False,Synthetic journal entry for audit analytics
JE000006,2025-01-27T16:18:00,Accounts Receivable,Inventory,100410.04,CNY,automated,batch,System,False,Synthetic journal entry for audit analytics
JE000007,2025-07-27T13:58:00,Cash,Revenue,4100.57,CNY,manual,u001,Accountant,False,Synthetic journal entry for audit analytics
JE000008,2025-10-29T15:22:00,Cash,Inventory,1311144.38,CNY,subledger,u002,Accountant,False,Synthetic journal entry for audit analytics
JE000009,2025-04-02T18:30:00,Cash,Accounts Receivable,1328339.17,CNY,manual,u001,Accountant,False,Synthetic journal entry for audit analytics
JE000010,2025-08-01T14:52:00,Sales Returns,Inventory,81614.3,CNY,subledger,u001,Accountant,False,Synthetic journal entry for audit analytics
JE000011,2025-11-17T09:15:00,Accounts Receivable,Inventory,59063.37,CNY,subledger,u004,Controller,False,Synthetic journal entry for audit analytics
JE000012,2025-07-17T15:25:00,Accounts Receivable,Inventory,2505.77,CNY,manual,u003,Senior Accountant,False,Synthetic journal entry for audit analytics
JE000013,2025-02-23T10:09:00,Cash,Accounts Receivable,1159548.25,CNY,automated,batch,System,False,Synthetic journal entry for audit analytics
JE000014,2025-11-21T17:35:00,Cash,Inventory,86331.35,CNY,manual,u002,Accountant,False,Synthetic journal entry for audit analytics
JE000015,2025-07-06T11:24:00,Cash,Inventory,1956.58,CNY,subledger,u003,Senior Accountant,False,Synthetic journal entry for audit analytics
JE000016,2025-02-01T10:40:00,Accounts Receivable,Inventory,565753.38,CNY,subledger,u002,Accountant,False,Synthetic journal entry for audit analytics
JE000017,2025-11-01T08:58:00,Accounts Receivable,Revenue,5882.47,CNY,subledger,u001,Accountant,False,Synthetic journal entry for audit analytics
JE000018,2025-10-13T13:56:00,Sales Returns,Revenue,2320.65,CNY,manual,u002,Accountant,False,Synthetic journal entry for audit analytics
JE000019,2025-11-23T09:27:00,Sales Returns,Inventory,134131.05,CNY,manual,u001,Accountant,False,Synthetic journal entry for audit analytics
JE000020,2025-10-23T10:20:00,Cash,Revenue,1909.03,CNY,automated,batch,System,False,Synthetic journal entry for audit analytics
JE000021,2025-02-26T15:00:00,Sales Returns,Inventory,2612.36,CNY,manual,u001,Accountant,False,Synthetic journal entry for audit analytics
JE000022,2025-11-20T08:58:00,Accounts Receivable,Inventory,6677.7,CNY,automated,batch,System,False,Synthetic journal entry for audit analytics
JE000023,2025-10-22T16:57:00,Sales Returns,Accounts Receivable,118911.86,CNY,manual,u002,Accountant,False,Synthetic journal entry for audit analytics
JE000024,2025-01-31T10:23:00,Sales Returns,Revenue,19991.21,CNY,automated,batch,System,False,Synthetic journal entry for audit analytics
JE000025,2025-03-15T10:55:00,Cash,Accounts Receivable,310313.32,CNY,automated,batch,System,False,Synthetic journal entry for audit analytics
JE000026,2025-03-17T18:11:00,Accounts Receivable,Revenue,4799.4,CNY,subledger,u001,Accountant,False,Synthetic journal entry for audit analytics
JE000027,2025-01-07T13:31:00,Accounts Receivable,Revenue,41747.49,CNY,subledger,u001,Accountant,False,Synthetic journal entry for audit analytics
JE000028,2025-11-29T18:15:00,Cash,Accounts Receivable,573075.19,CNY,subledger,u001,Accountant,False,Synthetic journal entry for audit analytics
JE000029,2025-08-07T15:21:00,Cash,Accounts Receivable,6433.52,CNY,automated,batch,System,False,Synthetic journal entry for audit analytics
JE000030,2025-08-10T18:21:00,Accounts Receivable,Inventory,3410.6,CNY,automated,batch,System,False,Synthetic journal entry for audit analytics
JE000031,2025-07-12T15:47:00,Sales Returns,Accounts Receivable,53364.09,CNY,manual,u001,Accountant,False,Synthetic journal entry for audit analytics
JE000032,2025-07-27T09:50:00,Sales Returns,Accounts Receivable,1258365.79,CNY,automated,batch,System,False,Synthetic journal entry for audit analytics
JE000033,2025-01-08T15:13:00,Cash,Revenue,1626.04,CNY,manual,u001,Accountant,False,Synthetic journal entry for audit analytics
JE000034,2025-02-18T17:00:00,Sales Returns,Revenue,59370.66,CNY,automated,batch,System,False,Synthetic journal entry for audit analytics
JE000035,2025-11-12T16:15:00,Accounts Receivable,Inventory,8510.83,CNY,automated,batch,System,False,Synthetic journal entry for audit analytics
JE000036,2025-12-30T14:21:00,Sales Returns,Revenue,1240275.49,CNY,manual,u002,Accountant,False,Synthetic journal entry for audit analytics
JE000037,2025-03-14T16:45:00,Accounts Receivable,Accounts Receivable,4464.83,CNY,manual,u002,Accountant,False,Synthetic journal entry for audit analytics
JE000038,2025-03-14T18:08:00,Accounts Receivable,Accounts Receivable,1500478.99,CNY,manual,u001,Accountant,False,Synthetic journal entry for audit analytics
JE000039,2025-06-21T12:59:00,Cash,Accounts Receivable,872154.0,CNY,manual,u001,Accountant,False,Synthetic journal entry for audit analytics
JE000040,2025-10-11T15:16:00,Accounts Receivable,Revenue,106599.87,CNY,automated,batch,System,False,Synthetic journal entry for audit analytics
JE000041,2025-09-15T08:27:00,Sales Returns,Revenue,3300.84,CNY,automated,batch,System,False,Synthetic journal entry for audit analytics
JE000042,2025-06-30T10:47:00,Accounts Receivable,Inventory,43801.48,CNY,automated,batch,System,False,Synthetic journal entry for audit analytics
JE000043,2025-12-01T12:53:00,Accounts Receivable,Accounts Receivable,90290.65,CNY,manual,u003,Senior Accountant,False,Synthetic journal entry for audit analytics
JE000044,2025-03-13T12:32:00,Sales Returns,Revenue,488885.44,CNY,automated,batch,System,False,Synthetic journal entry for audit analytics
JE000045,2025-10-29T10:01:00,Cash,Accounts Receivable,681267.53,CNY,manual,u001,Accountant,False,Synthetic journal entry for audit analytics
JE000046,2025-09-10T15:45:00,Accounts Receivable,Revenue,7793.6,CNY,automated,batch,System,False,Synthetic journal entry for audit analytics
JE000047,2025-10-19T16:21:00,Cash,Revenue,2620.63,CNY,subledger,u001,Accountant,False,Synthetic journal entry for audit analytics
JE000048,2025-06-28T18:18:00,Cash,Revenue,2930.59,CNY,manual,u003,Senior Accountant,False,Synthetic journal entry for audit analytics
JE000049,2025-10-25T09:27:00,Sales Returns,Accounts Receivable,2058.34,CNY,automated,batch,System,False,Synthetic journal entry for audit analytics
JE000050,2025-07-22T17:12:00,Accounts Receivable,Accounts Receivable,1266.01,CNY,manual,u001,Accountant,False,Synthetic journal entry for audit analytics
JE000051,2025-02-09T16:49:00,Cash,Revenue,144317.24,CNY,manual,u003,Senior Accountant,False,Synthetic journal entry for audit analytics
JE000052,2025-04-09T11:11:00,Cash,Accounts Receivable,474765.38,CNY,automated,batch,System,False,Synthetic journal entry for audit analytics
JE000053,2025-07-29T15:05:00,Accounts Receivable,Revenue,52241.21,CNY,manual,u002,Accountant,False,Synthetic journal entry for audit analytics
JE000054,2025-10-10T12:57:00,Accounts Receivable,Accounts Receivable,72945.9,CNY,subledger,u002,Accountant,False,Synthetic journal entry for audit analytics
JE000055,2025-06-21T18:49:00,Sales Returns,Inventory,820993.34,CNY,manual,u001,Accountant,False,Synthetic journal entry for audit analytics
JE000056,2025-10-09T10:27:00,Cash,Inventory,183196.64,CNY,manual,u002,Accountant,False,Synthetic journal entry for audit analytics
JE000057,2025-04-27T15:20:00,Accounts Receivable,Revenue,37343.47,CNY,manual,u003,Senior Accountant,False,Synthetic journal entry for audit analytics
JE000058,2025-07-07T13:29:00,Accounts Receivable,Revenue,62453.74,CNY,manual,u001,Accountant,False,Synthetic journal entry for audit analytics
JE000059,2025-03-26T08:50:00,Cash,Revenue,46168.02,CNY,manual,u001,Accountant,False,Synthetic journal entry for audit analytics
JE000060,2025-12-29T17:53:00,Accounts Receivable,Inventory,1061077.58,CNY,manual,u001,Accountant,False,Synthetic journal entry for audit analytics
JE000061,2025-09-19T09:07:00,Cash,Accounts Receivable,32697.26,CNY,subledger,u001,Accountant,False,Synthetic journal entry for audit analytics
JE000062,2025-07-28T16:17:00,Sales Returns,Revenue,7682.63,CNY,manual,u002,Accountant,False,Synthetic journal entry for audit analytics
JE000063,2025-01-16T08:43:00,Sales Returns,Inventory,5801.93,CNY,subledger,u001,Accountant,False,Synthetic journal entry for audit analytics
JE000064,2025-04-05T17:29:00,Cash,Inventory,986139.42,CNY,manual,u001,Accountant,False,Synthetic journal entry for audit analytics
JE000065,2025-06-13T17:14:00,Cash,Revenue,19556.47,CNY,subledger,u001,Accountant,False,Synthetic journal entry for audit analytics
JE000066,2025-05-01T15:03:00,Accounts Receivable,Revenue,104731.73,CNY,manual,u001,Accountant,False,Synthetic journal entry for audit analytics
JE000067,2025-08-13T15:23:00,Accounts Receivable,Accounts Receivable,62752.32,CNY,automated,batch,System,False,Synthetic journal entry for audit analytics
JE000068,2025-08-18T11:17:00,Sales Returns,Revenue,65101.43,CNY,manual,u001,Accountant,False,Synthetic journal entry for audit analytics
JE000069,2025-07-26T12:01:00,Accounts Receivable,Accounts Receivable,1919.45,CNY,manual,u002,Accountant,False,Synthetic journal entry for audit analytics
JE000070,2025-06-16T14:26:00,Accounts Receivable,Accounts Receivable,112659.85,CNY,automated,batch,System,False,Synthetic journal entry for audit analytics
JE000071,2025-02-07T09:36:00,Sales Returns,Accounts Receivable,960404.73,CNY,manual,u003,Senior Accountant,False,Synthetic journal entry for audit analytics
JE000072,2025-05-02T09:39:00,Accounts Receivable,Revenue,110157.29,CNY,automated,batch,System,False,Synthetic journal entry for audit analytics
JE000073,2025-12-26T10:07:00,Cash,Revenue,1724.34,CNY,subledger,u001,Accountant,False,Synthetic journal entry for audit analytics
JE000074,2025-03-03T12:11:00,Sales Returns,Accounts Receivable,1185742.48,CNY,automated,batch,System,False,Synthetic journal entry for audit analytics
JE000075,2025-09-24T18:10:00,Sales Returns,Accounts Receivable,1051181.07,CNY,automated,batch,System,False,Synthetic journal entry for audit analytics
JE000076,2025-06-18T10:23:00,Cash,Inventory,47244.26,CNY,manual,u002,Accountant,False,Synthetic journal entry for audit analytics
JE000077,2025-09-18T09:02:00,Sales Returns,Inventory,1102990.93,CNY,automated,batch,System,False,Synthetic journal entry for audit analytics
JE000078,2025-10-26T14:05:00,Sales Returns,Accounts Receivable,593527.34,CNY,manual,u004,Controller,False,Synthetic journal entry for audit analytics
JE000079,2025-05-10T13:25:00,Sales Returns,Accounts Receivable,19003.31,CNY,automated,batch,System,False,Synthetic journal entry for audit analytics
JE000080,2025-04-02T15:39:00,Cash,Accounts Receivable,5882.19,CNY,manual,u002,Accountant,False,Synthetic journal entry for audit analytics
JE000081,2025-10-05T15:06:00,Sales Returns,Revenue,1128861.98,CNY,manual,u002,Accountant,False,Synthetic journal entry for audit analytics
JE000082,2025-12-29T13:35:00,Cash,Accounts Receivable,571104.27,CNY,manual,u001,Accountant,False,Synthetic journal entry for audit analytics
JE000083,2025-04-29T13:44:00,Accounts Receivable,Inventory,1924.55,CNY,manual,u001,Accountant,False,Synthetic journal entry for audit analytics
JE000084,2025-12-09T08:31:00,Sales Returns,Inventory,63418.18,CNY,manual,u003,Senior Accountant,False,Synthetic journal entry for audit analytics
JE000085,2025-03-03T15:10:00,Cash,Inventory,1397.53,CNY,manual,u003,Senior Accountant,False,Synthetic journal entry for audit analytics
JE000086,2025-03-25T18:19:00,Sales Returns,Accounts Receivable,110266.66,CNY,subledger,u001,Accountant,False,Synthetic journal entry for audit analytics
JE000087,2025-08-27T16:35:00,Accounts Receivable,Revenue,507255.45,CNY,automated,batch,System,False,Synthetic journal entry for audit analytics
JE000088,2025-12-01T10:17:00,Sales Returns,Accounts Receivable,22301.32,CNY,manual,u001,Accountant,False,Synthetic journal entry for audit analytics
JE000089,2025-12-06T10:46:00,Accounts Receivable,Inventory,492109.04,CNY,manual,u001,Accountant,False,Synthetic journal entry for audit analytics
JE000090,2025-01-09T16:30:00,Cash,Revenue,18012.13,CNY,subledger,u003,Senior Accountant,False,Synthetic journal entry for audit analytics
JE000091,2025-12-30T17:45:00,Accounts Receivable,Revenue,234469.65,CNY,automated,batch,System,False,Synthetic journal entry for audit analytics
JE000092,2025-11-24T12:49:00,Cash,Accounts Receivable,12675.02,CNY,manual,u005,CFO,False,Synthetic journal entry for audit analytics
JE000093,2025-12-19T17:31:00,Accounts Receivable,Inventory,82458.15,CNY,automated,batch,System,False,Synthetic journal entry for audit analytics
JE000094,2025-01-03T09:43:00,Cash,Inventory,10231.59,CNY,manual,u004,Controller,False,Synthetic journal entry for audit analytics
JE000095,2025-06-11T16:39:00,Cash,Inventory,758375.03,CNY,automated,batch,System,False,Synthetic journal entry for audit analytics
JE000096,2025-05-04T18:43:00,Cash,Inventory,333901.63,CNY,automated,batch,System,False,Synthetic journal entry for audit analytics
JE000097,2025-07-25T17:39:00,Cash,Inventory,341262.99,CNY,automated,batch,System,False,Synthetic journal entry for audit analytics
JE000098,2025-04-19T10:54:00,Accounts Receivable,Inventory,483278.86,CNY,manual,u002,Accountant,False,Synthetic journal entry for audit analytics
JE000099,2025-11-28T18:29:00,Accounts Receivable,Inventory,716521.13,CNY,subledger,u001,Accountant,False,Synthetic journal entry for audit analytics
JE000100,2025-02-19T09:29:00,Cash,Inventory,18615.66,CNY,subledger,u001,Accountant,False,Synthetic journal entry for audit analytics
JE000101,2025-09-29T11:43:00,Accounts Receivable,Revenue,367783.71,CNY,subledger,u001,Accountant,False,Synthetic journal entry for audit analytics
JE000102,2025-11-22T14:05:00,Sales Returns,Inventory,1826.51,CNY,manual,u002,Accountant,False,Synthetic journal entry for audit analytics
JE000103,2025-05-22T16:22:00,Accounts Receivable,Inventory,3725.8,CNY,subledger,u003,Senior Accountant,False,Synthetic journal entry for audit analytics
JE000104,2025-06-01T09:15:00,Sales Returns,Revenue,3195.98,CNY,automated,batch,System,False,Synthetic journal entry for audit analytics
JE000105,2025-01-19T09:52:00,Sales Returns,Accounts Receivable,1275093.79,CNY,manual,u003,Senior Accountant,False,Synthetic journal entry for audit analytics
JE000106,2025-05-08T10:52:00,Sales Returns,Inventory,1096757.6,CNY,manual,u004,Controller,False,Synthetic journal entry for audit analytics
JE000107,2025-07-22T17:28:00,Sales Returns,Revenue,59185.7,CNY,subledger,u002,Accountant,False,Synthetic journal entry for audit analytics
JE000108,2025-11-10T08:13:00,Cash,Inventory,1739.51,CNY,automated,batch,System,False,Synthetic journal entry for audit analytics
JE000109,2025-10-31T17:00:00,Sales Returns,Revenue,36701.46,CNY,manual,u002,Accountant,False,Synthetic journal entry for audit analytics
JE000110,2025-12-09T11:41:00,Cash,Inventory,7271.43,CNY,manual,u002,Accountant,False,Synthetic journal entry for audit analytics
JE000111,2025-09-22T15:38:00,Cash,Accounts Receivable,58901.66,CNY,automated,batch,System,False,Synthetic journal entry for audit analytics
JE000112,2025-05-30T15:31:00,Accounts Receivable,Accounts Receivable,734076.98,CNY,manual,u003,Senior Accountant,False,Synthetic journal entry for audit analytics
JE000113,2025-09-27T18:09:00,Sales Returns,Revenue,353560.44,CNY,manual,u001,Accountant,False,Synthetic journal entry for audit analytics
JE000114,2025-10-20T10:41:00,Cash,Inventory,401477.09,CNY,manual,u001,Accountant,False,Synthetic journal entry for audit analytics
JE000115,2025-10-27T18:31:00,Cash,Revenue,7515.06,CNY,manual,u002,Accountant,False,Synthetic journal entry for audit analytics
JE000116,2025-09-13T08:20:00,Cash,Inventory,3897.76,CNY,manual,u001,Accountant,False,Synthetic journal entry for audit analytics
JE000117,2025-08-02T09:35:00,Cash,Revenue,1943.67,CNY,automated,batch,System,False,Synthetic journal entry for audit analytics
JE000118,2025-01-03T15:34:00,Cash,Accounts Receivable,44742.69,CNY,manual,u002,Accountant,False,Synthetic journal entry for audit analytics
JE000119,2025-07-18T10:54:00,Cash,Revenue,1072127.67,CNY,automated,batch,System,False,Synthetic journal entry for audit analytics
JE000120,2025-02-12T18:29:00,Sales Returns,Accounts Receivable,10533.13,CNY,manual,u002,Accountant,False,Synthetic journal entry for audit analytics
JE000121,2025-08-15T14:05:00,Cash,Accounts Receivable,908812.53,CNY,manual,u001,Accountant,False,Synthetic journal entry for audit analytics
JE000122,2025-04-28T15:13:00,Sales Returns,Accounts Receivable,6099.8,CNY,manual,u001,Accountant,False,Synthetic journal entry for audit analytics
JE000123,2025-03-20T09:08:00,Accounts Receivable,Revenue,15583.05,CNY,subledger,u001,Accountant,False,Synthetic journal entry for audit analytics
JE000124,2025-05-13T10:20:00,Accounts Receivable,Revenue,5210.85,CNY,manual,u001,Accountant,False,Synthetic journal entry for audit analytics
JE000125,2025-10-23T11:30:00,Cash,Revenue,22692.27,CNY,manual,u002,Accountant,False,Synthetic journal entry for audit analytics
JE000126,2025-07-13T15:45:00,Sales Returns,Inventory,68883.99,CNY,subledger,u002,Accountant,False,Synthetic journal entry for audit analytics
JE000127,2025-09-24T15:16:00,Sales Returns,Revenue,42954.43,CNY,manual,u002,Accountant,False,Synthetic journal entry for audit analytics
JE000128,2025-06-01T14:11:00,Sales Returns,Inventory,1766.66,CNY,subledger,u002,Accountant,False,Synthetic journal entry for audit analytics
JE000129,2025-07-16T13:59:00,Accounts Receivable,Revenue,1010172.13,CNY,automated,batch,System,False,Synthetic journal entry for audit analytics
JE000130,2025-01-23T17:21:00,Sales Returns,Accounts Receivable,72161.77,CNY,manual,u002,Accountant,False,Synthetic journal entry for audit analytics
JE000131,2025-07-02T08:21:00,Accounts Receivable,Inventory,141387.43,CNY,automated,batch,System,False,Synthetic journal entry for audit analytics
JE000132,2025-12-03T13:55:00,Sales Returns,Inventory,560232.62,CNY,subledger,u001,Accountant,False,Synthetic journal entry for audit analytics
JE000133,2025-12-17T14:27:00,Cash,Revenue,234043.72,CNY,subledger,u001,Accountant,False,Synthetic journal entry for audit analytics
JE000134,2025-06-02T12:34:00,Cash,Accounts Receivable,389665.39,CNY,manual,u003,Senior Accountant,False,Synthetic journal entry for audit analytics
JE000135,2025-10-09T16:13:00,Accounts Receivable,Revenue,1811.83,CNY,manual,u002,Accountant,False,Synthetic journal entry for audit analytics
JE000136,2025-04-01T12:44:00,Sales Returns,Revenue,11538.89,CNY,subledger,u004,Controller,False,Synthetic journal entry for audit analytics
JE000137,2025-12-10T11:00:00,Accounts Receivable,Revenue,861981.18,CNY,manual,u002,Accountant,False,Synthetic journal entry for audit analytics
JE000138,2025-09-23T16:39:00,Cash,Inventory,24007.19,CNY,manual,u003,Senior Accountant,False,Synthetic journal entry for audit analytics
JE000139,2025-10-07T13:18:00,Sales Returns,Accounts Receivable,121244.47,CNY,manual,u001,Accountant,False,Synthetic journal entry for audit analytics
JE000140,2025-06-08T13:11:00,Sales Returns,Revenue,211546.79,CNY,subledger,u001,Accountant,False,Synthetic journal entry for audit analytics
JE000141,2025-09-05T18:11:00,Cash,Revenue,137370.96,CNY,automated,batch,System,False,Synthetic journal entry for audit analytics
JE000142,2025-11-22T17:55:00,Sales Returns,Revenue,114472.97,CNY,subledger,u002,Accountant,False,Synthetic journal entry for audit analytics
JE000143,2025-10-30T15:04:00,Cash,Revenue,25756.62,CNY,subledger,u001,Accountant,False,Synthetic journal entry for audit analytics
JE000144,2025-03-02T13:56:00,Sales Returns,Inventory,157001.69,CNY,subledger,u001,Accountant,False,Synthetic journal entry for audit analytics
JE000145,2025-06-12T09:26:00,Accounts Receivable,Accounts Receivable,1496352.41,CNY,automated,batch,System,False,Synthetic journal entry for audit analytics
JE000146,2025-09-13T17:24:00,Accounts Receivable,Revenue,43434.71,CNY,manual,u003,Senior Accountant,False,Synthetic journal entry for audit analytics
JE000147,2025-09-03T17:14:00,Cash,Accounts Receivable,9058.84,CNY,manual,u003,Senior Accountant,False,Synthetic journal entry for audit analytics
JE000148,2025-03-04T15:31:00,Cash,Accounts Receivable,162695.46,CNY,manual,u001,Accountant,False,Synthetic journal entry for audit analytics
JE000149,2025-07-16T09:09:00,Cash,Accounts Receivable,15795.5,CNY,manual,u001,Accountant,False,Synthetic journal entry for audit analytics
JE000150,2025-06-01T08:47:00,Accounts Receivable,Revenue,1382.95,CNY,manual,u002,Accountant,False,Synthetic journal entry for audit analytics
JE000151,2025-02-13T17:27:00,Accounts Receivable,Accounts Receivable,4877.4,CNY,manual,u002,Accountant,False,Synthetic journal entry for audit analytics
JE000152,2025-02-25T11:42:00,Accounts Receivable,Inventory,9343.4,CNY,manual,u001,Accountant,False,Synthetic journal entry for audit analytics
JE000153,2025-06-07T12:46:00,Cash,Revenue,11270.99,CNY,automated,batch,System,False,Synthetic journal entry for audit analytics
JE000154,2025-07-09T10:36:00,Accounts Receivable,Revenue,12839.88,CNY,manual,u004,Controller,False,Synthetic journal entry for audit analytics
JE000155,2025-09-02T08:01:00,Cash,Inventory,85156.1,CNY,subledger,u001,Accountant,False,Synthetic journal entry for audit analytics
JE000156,2025-12-13T16:55:00,Sales Returns,Accounts Receivable,4257.06,CNY,manual,u001,Accountant,False,Synthetic journal entry for audit analytics
JE000157,2025-06-01T08:15:00,Accounts Receivable,Revenue,260496.56,CNY,manual,u001,Accountant,False,Synthetic journal entry for audit analytics
JE000158,2025-07-16T12:06:00,Cash,Inventory,51486.01,CNY,manual,u003,Senior Accountant,False,Synthetic journal entry for audit analytics
JE000159,2025-04-30T13:51:00,Cash,Inventory,7757.25,CNY,automated,batch,System,False,Synthetic journal entry for audit analytics
JE000160,2025-12-25T18:30:00,Sales Returns,Accounts Receivable,67618.43,CNY,subledger,u001,Accountant,False,Synthetic journal entry for audit analytics
JE000161,2025-04-23T13:42:00,Sales Returns,Inventory,1575.82,CNY,automated,batch,System,False,Synthetic journal entry for audit analytics
JE000162,2025-11-10T18:11:00,Accounts Receivable,Inventory,809656.31,CNY,automated,batch,System,False,Synthetic journal entry for audit analytics
JE000163,2025-08-24T08:46:00,Accounts Receivable,Accounts Receivable,386209.83,CNY,manual,u001,Accountant,False,Synthetic journal entry for audit analytics
JE000164,2025-11-26T11:39:00,Accounts Receivable,Accounts Receivable,235017.51,CNY,automated,batch,System,False,Synthetic journal entry for audit analytics
JE000165,2025-01-13T17:44:00,Sales Returns,Inventory,22494.0,CNY,automated,batch,System,False,Synthetic journal entry for audit analytics
JE000166,2025-05-29T13:19:00,Cash,Inventory,100643.95,CNY,manual,u001,Accountant,False,Synthetic journal entry for audit analytics
JE000167,2025-02-08T11:28:00,Cash,Inventory,12516.66,CNY,automated,batch,System,False,Synthetic journal entry for audit analytics
JE000168,2025-04-12T14:10:00,Sales Returns,Inventory,386394.74,CNY,automated,batch,System,False,Synthetic journal entry for audit analytics
JE000169,2025-09-11T12:49:00,Sales Returns,Inventory,260673.74,CNY,subledger,u004,Controller,False,Synthetic journal entry for audit analytics
JE000170,2025-09-28T10:01:00,Cash,Accounts Receivable,1128.43,CNY,automated,batch,System,False,Synthetic journal entry for audit analytics
JE000171,2025-02-23T17:16:00,Accounts Receivable,Accounts Receivable,2100.14,CNY,manual,u001,Accountant,False,Synthetic journal entry for audit analytics
JE000172,2025-06-21T14:24:00,Sales Returns,Inventory,25329.74,CNY,manual,u001,Accountant,False,Synthetic journal entry for audit analytics
JE000173,2025-07-15T10:41:00,Cash,Inventory,18515.78,CNY,subledger,u002,Accountant,False,Synthetic journal entry for audit analytics
JE000174,2025-01-23T18:38:00,Sales Returns,Revenue,2205.94,CNY,subledger,u004,Controller,False,Synthetic journal entry for audit analytics
JE000175,2025-09-14T14:52:00,Cash,Inventory,9020.94,CNY,automated,batch,System,False,Synthetic journal entry for audit analytics
JE000176,2025-01-14T09:36:00,Sales Returns,Accounts Receivable,100634.59,CNY,automated,batch,System,False,Synthetic journal entry for audit analytics
JE000177,2025-11-25T14:29:00,Accounts Receivable,Accounts Receivable,5184.69,CNY,manual,u003,Senior Accountant,False,Synthetic journal entry for audit analytics
JE000178,2025-03-06T18:03:00,Sales Returns,Revenue,38188.0,CNY,manual,u003,Senior Accountant,False,Synthetic journal entry for audit analytics
JE000179,2025-05-01T09:47:00,Accounts Receivable,Inventory,2281.29,CNY,manual,u003,Senior Accountant,False,Synthetic journal entry for audit analytics
JE000180,2025-11-06T11:51:00,Sales Returns,Revenue,89869.67,CNY,manual,u001,Accountant,False,Synthetic journal entry for audit analytics
JE000181,2025-05-02T15:05:00,Accounts Receivable,Inventory,437593.07,CNY,subledger,u003,Senior Accountant,False,Synthetic journal entry for audit analytics
JE000182,2025-05-22T16:01:00,Sales Returns,Inventory,121004.88,CNY,automated,batch,System,False,Synthetic journal entry for audit analytics
JE000183,2025-04-21T14:20:00,Sales Returns,Inventory,8930.06,CNY,manual,u001,Accountant,False,Synthetic journal entry for audit analytics
JE000184,2025-01-28T18:02:00,Accounts Receivable,Inventory,75361.46,CNY,manual,u003,Senior Accountant,False,Synthetic journal entry for audit analytics
JE000185,2025-04-09T14:32:00,Accounts Receivable,Accounts Receivable,250895.11,CNY,manual,u001,Accountant,False,Synthetic journal entry for audit analytics
JE000186,2025-10-09T16:52:00,Sales Returns,Accounts Receivable,17239.52,CNY,subledger,u002,Accountant,False,Synthetic journal entry for audit analytics
JE000187,2025-03-07T09:05:00,Cash,Inventory,1248533.48,CNY,manual,u001,Accountant,False,Synthetic journal entry for audit analytics
JE000188,2025-09-16T09:51:00,Sales Returns,Revenue,22643.34,CNY,manual,u001,Accountant,False,Synthetic journal entry for audit analytics
JE000189,2025-10-15T13:07:00,Accounts Receivable,Accounts Receivable,3063.54,CNY,automated,batch,System,False,Synthetic journal entry for audit analytics
JE000190,2025-04-25T08:05:00,Accounts Receivable,Accounts Receivable,4306.07,CNY,automated,batch,System,False,Synthetic journal entry for audit analytics
JE000191,2025-03-31T16:34:00,Cash,Accounts Receivable,921415.04,CNY,manual,u001,Accountant,False,Synthetic journal entry for audit analytics
JE000192,2025-05-31T15:58:00,Cash,Revenue,442130.52,CNY,manual,u001,Accountant,False,Synthetic journal entry for audit analytics
JE000193,2025-12-30T11:18:00,Accounts Receivable,Revenue,1274.95,CNY,manual,u002,Accountant,False,Synthetic journal entry for audit analytics
JE000194,2025-04-08T09:53:00,Accounts Receivable,Revenue,8826.64,CNY,manual,u003,Senior Accountant,False,Synthetic journal entry for audit analytics
JE000195,2025-08-02T10:13:00,Accounts Receivable,Accounts Receivable,11690.19,CNY,automated,batch,System,False,Synthetic journal entry for audit analytics
JE000196,2025-03-08T11:36:00,Cash,Accounts Receivable,4377.42,CNY,manual,u001,Accountant,False,Synthetic journal entry for audit analytics
JE000197,2025-02-27T13:07:00,Cash,Accounts Receivable,5549.54,CNY,manual,u003,Senior Accountant,False,Synthetic journal entry for audit analytics
JE000198,2025-01-28T16:27:00,Cash,Inventory,133049.45,CNY,manual,u003,Senior Accountant,False,Synthetic journal entry for audit analytics
JE000199,2025-07-17T13:10:00,Sales Returns,Accounts Receivable,98933.42,CNY,manual,u002,Accountant,False,Synthetic journal entry for audit analytics
JE000200,2025-11-23T11:55:00,Cash,Accounts Receivable,144088.26,CNY,automated,batch,System,False,Synthetic journal entry for audit analytics
JE000201,2025-03-19T10:31:00,Sales Returns,Accounts Receivable,8186.99,CNY,automated,batch,System,False,Synthetic journal entry for audit analytics
JE000202,2025-03-08T12:51:00,Cash,Inventory,1954.61,CNY,manual,u001,Accountant,False,Synthetic journal entry for audit analytics
JE000203,2025-03-27T17:47:00,Accounts Receivable,Accounts Receivable,149781.55,CNY,manual,u004,Controller,False,Synthetic journal entry for audit analytics
JE000204,2025-12-12T17:34:00,Cash,Revenue,15916.35,CNY,automated,batch,System,False,Synthetic journal entry for audit analytics
JE000205,2025-06-03T15:57:00,Cash,Revenue,55680.04,CNY,automated,batch,System,False,Synthetic journal entry for audit analytics
JE000206,2025-01-26T18:59:00,Cash,Inventory,19808.46,CNY,manual,u001,Accountant,False,Synthetic journal entry for audit analytics
JE000207,2025-07-29T10:27:00,Cash,Accounts Receivable,75924.73,CNY,manual,u003,Senior Accountant,False,Synthetic journal entry for audit analytics
JE000208,2025-06-18T12:50:00,Sales Returns,Inventory,455488.32,CNY,automated,batch,System,False,Synthetic journal entry for audit analytics
JE000209,2025-12-03T08:26:00,Accounts Receivable,Accounts Receivable,3057.62,CNY,manual,u001,Accountant,False,Synthetic journal entry for audit analytics
JE000210,2025-08-24T08:20:00,Accounts Receivable,Inventory,2048.19,CNY,automated,batch,System,False,Synthetic journal entry for audit analytics
JE000211,2025-05-31T08:31:00,Accounts Receivable,Revenue,121808.08,CNY,manual,u003,Senior Accountant,False,Synthetic journal entry for audit analytics
JE000212,2025-04-17T16:09:00,Cash,Accounts Receivable,258145.81,CNY,manual,u002,Accountant,False,Synthetic journal entry for audit analytics
JE000213,2025-03-28T14:28:00,Sales Returns,Inventory,2939.37,CNY,manual,u002,Accountant,False,Synthetic journal entry for audit analytics
JE000214,2025-08-12T08:19:00,Accounts Receivable,Inventory,2856.71,CNY,subledger,u002,Accountant,False,Synthetic journal entry for audit analytics
JE000215,2025-04-27T12:08:00,Cash,Inventory,103060.26,CNY,manual,u003,Senior Accountant,False,Synthetic journal entry for audit analytics
JE000216,2025-03-23T13:13:00,Sales Returns,Accounts Receivable,18139.5,CNY,automated,batch,System,False,Synthetic journal entry for audit analytics
JE000217,2025-02-18T09:42:00,Cash,Accounts Receivable,159665.04,CNY,automated,batch,System,False,Synthetic journal entry for audit analytics
JE000218,2025-09-30T16:54:00,Accounts Receivable,Accounts Receivable,82094.89,CNY,manual,u002,Accountant,False,Synthetic journal entry for audit analytics
JE000219,2025-08-11T17:11:00,Sales Returns,Inventory,2383.18,CNY,manual,u001,Accountant,False,Synthetic journal entry for audit analytics
JE000220,2025-06-18T12:22:00,Cash,Revenue,4649.39,CNY,automated,batch,System,False,Synthetic journal entry for audit analytics
JE000221,2025-03-07T17:38:00,Cash,Accounts Receivable,11426.72,CNY,automated,batch,System,False,Synthetic journal entry for audit analytics
JE000222,2025-12-09T15:02:00,Accounts Receivable,Inventory,1546.82,CNY,subledger,u001,Accountant,False,Synthetic journal entry for audit analytics
JE000223,2025-02-05T16:14:00,Cash,Inventory,44050.51,CNY,subledger,u001,Accountant,False,Synthetic journal entry for audit analytics
JE000224,2025-09-21T08:48:00,Cash,Accounts Receivable,765368.14,CNY,automated,batch,System,False,Synthetic journal entry for audit analytics
JE000225,2025-11-27T13:43:00,Accounts Receivable,Inventory,1271.89,CNY,automated,batch,System,False,Synthetic journal entry for audit analytics
JE000226,2025-09-14T14:48:00,Accounts Receivable,Accounts Receivable,67871.08,CNY,automated,batch,System,False,Synthetic journal entry for audit analytics
JE000227,2025-10-27T11:17:00,Accounts Receivable,Inventory,364955.04,CNY,automated,batch,System,False,Synthetic journal entry for audit analytics
JE000228,2025-07-21T16:56:00,Sales Returns,Revenue,1581334.67,CNY,manual,u002,Accountant,False,Synthetic journal entry for audit analytics
JE000229,2025-07-20T16:32:00,Sales Returns,Inventory,8963.6,CNY,manual,u003,Senior Accountant,False,Synthetic journal entry for audit analytics
JE000230,2025-09-22T14:52:00,Accounts Receivable,Inventory,10766.44,CNY,automated,batch,System,False,Synthetic journal entry for audit analytics
JE000231,2025-03-06T09:31:00,Accounts Receivable,Accounts Receivable,785726.76,CNY,manual,u002,Accountant,False,Synthetic journal entry for audit analytics
JE000232,2025-04-13T12:15:00,Sales Returns,Accounts Receivable,501019.86,CNY,automated,batch,System,False,Synthetic journal entry for audit analytics
JE000233,2025-10-31T10:33:00,Sales Returns,Inventory,32721.35,CNY,manual,u003,Senior Accountant,False,Synthetic journal entry for audit analytics
JE000234,2025-03-17T08:44:00,Sales Returns,Inventory,421654.44,CNY,manual,u003,Senior Accountant,False,Synthetic journal entry for audit analytics
JE000235,2025-11-30T08:06:00,Accounts Receivable,Accounts Receivable,10493.62,CNY,automated,batch,System,False,Synthetic journal entry for audit analytics
JE000236,2025-07-20T12:59:00,Accounts Receivable,Inventory,7883.42,CNY,subledger,u002,Accountant,False,Synthetic journal entry for audit analytics
JE000237,2025-11-28T14:09:00,Accounts Receivable,Accounts Receivable,35156.85,CNY,automated,batch,System,False,Synthetic journal entry for audit analytics
JE000238,2025-02-17T09:22:00,Cash,Inventory,5529.14,CNY,automated,batch,System,False,Synthetic journal entry for audit analytics
JE000239,2025-10-04T08:17:00,Sales Returns,Revenue,555504.35,CNY,manual,u003,Senior Accountant,False,Synthetic journal entry for audit analytics
JE000240,2025-11-21T18:39:00,Sales Returns,Inventory,74382.3,CNY,manual,u001,Accountant,False,Synthetic journal entry for audit analytics
JE000241,2025-05-18T12:39:00,Accounts Receivable,Revenue,201921.88,CNY,manual,u001,Accountant,False,Synthetic journal entry for audit analytics
JE000242,2025-02-06T14:16:00,Accounts Receivable,Revenue,87784.78,CNY,manual,u001,Accountant,False,Synthetic journal entry for audit analytics
JE000243,2025-11-27T14:37:00,Cash,Revenue,2755.02,CNY,automated,batch,System,False,Synthetic journal entry for audit analytics
JE000244,2025-12-27T18:21:00,Sales Returns,Revenue,4252.71,CNY,automated,batch,System,False,Synthetic journal entry for audit analytics
JE000245,2025-02-09T08:45:00,Cash,Inventory,98954.99,CNY,manual,u003,Senior Accountant,False,Synthetic journal entry for audit analytics
JE000246,2025-01-25T15:25:00,Accounts Receivable,Accounts Receivable,14347.28,CNY,manual,u002,Accountant,False,Synthetic journal entry for audit analytics
JE000247,2025-09-13T11:14:00,Sales Returns,Inventory,4097.47,CNY,manual,u001,Accountant,False,Synthetic journal entry for audit analytics
JE000248,2025-10-17T10:02:00,Accounts Receivable,Inventory,53394.43,CNY,subledger,u002,Accountant,False,Synthetic journal entry for audit analytics
JE000249,2025-04-20T08:53:00,Sales Returns,Accounts Receivable,52833.95,CNY,subledger,u001,Accountant,False,Synthetic journal entry for audit analytics
JE000250,2025-11-16T11:41:00,Sales Returns,Revenue,123763.34,CNY,subledger,u002,Accountant,False,Synthetic journal entry for audit analytics
JE000251,2025-10-20T17:33:00,Accounts Receivable,Inventory,5687.53,CNY,manual,u002,Accountant,False,Synthetic journal entry for audit analytics
JE000252,2025-01-26T09:33:00,Cash,Accounts Receivable,352759.07,CNY,manual,u003,Senior Accountant,False,Synthetic journal entry for audit analytics
JE000253,2025-08-20T08:03:00,Sales Returns,Accounts Receivable,9739.25,CNY,manual,u003,Senior Accountant,False,Synthetic journal entry for audit analytics
JE000254,2025-11-09T09:34:00,Cash,Revenue,225437.52,CNY,manual,u001,Accountant,False,Synthetic journal entry for audit analytics
JE000255,2025-02-03T13:19:00,Cash,Accounts Receivable,9031.14,CNY,manual,u001,Accountant,False,Synthetic journal entry for audit analytics
JE000256,2025-09-03T08:41:00,Sales Returns,Accounts Receivable,234452.72,CNY,manual,u002,Accountant,False,Synthetic journal entry for audit analytics
JE000257,2025-03-27T18:44:00,Sales Returns,Revenue,1535.6,CNY,subledger,u001,Accountant,False,Synthetic journal entry for audit analytics
JE000258,2025-01-07T15:02:00,Cash,Inventory,4740.61,CNY,manual,u001,Accountant,False,Synthetic journal entry for audit analytics
JE000259,2025-02-21T15:39:00,Sales Returns,Revenue,991543.08,CNY,automated,batch,System,False,Synthetic journal entry for audit analytics
JE000260,2025-12-27T17:45:00,Cash,Revenue,2142.26,CNY,manual,u002,Accountant,False,Synthetic journal entry for audit analytics
JE000261,2025-02-04T08:30:00,Sales Returns,Revenue,79089.39,CNY,manual,u003,Senior Accountant,False,Synthetic journal entry for audit analytics
JE000262,2025-11-24T12:07:00,Cash,Inventory,8370.2,CNY,manual,u001,Accountant,False,Synthetic journal entry for audit analytics
JE000263,2025-10-16T08:42:00,Sales Returns,Revenue,1411.98,CNY,automated,batch,System,False,Synthetic journal entry for audit analytics
JE000264,2025-01-15T08:45:00,Sales Returns,Accounts Receivable,4400.13,CNY,automated,batch,System,False,Synthetic journal entry for audit analytics
JE000265,2025-09-03T12:04:00,Accounts Receivable,Inventory,28969.1,CNY,subledger,u001,Accountant,False,Synthetic journal entry for audit analytics
JE000266,2025-12-28T11:52:00,Accounts Receivable,Accounts Receivable,55146.89,CNY,subledger,u002,Accountant,False,Synthetic journal entry for audit analytics
JE000267,2025-03-30T15:34:00,Accounts Receivable,Inventory,529850.67,CNY,subledger,u003,Senior Accountant,False,Synthetic journal entry for audit analytics
JE000268,2025-09-24T11:49:00,Sales Returns,Revenue,18275.69,CNY,automated,batch,System,False,Synthetic journal entry for audit analytics
JE000269,2025-03-19T10:29:00,Cash,Accounts Receivable,76518.1,CNY,manual,u001,Accountant,False,Synthetic journal entry for audit analytics
JE000270,2025-11-27T09:11:00,Sales Returns,Inventory,14163.58,CNY,manual,u001,Accountant,False,Synthetic journal entry for audit analytics
JE000271,2025-05-06T14:29:00,Cash,Accounts Receivable,19974.78,CNY,automated,batch,System,False,Synthetic journal entry for audit analytics
JE000272,2025-08-02T10:26:00,Cash,Inventory,47222.33,CNY,subledger,u001,Accountant,False,Synthetic journal entry for audit analytics
JE000273,2025-06-22T16:29:00,Cash,Inventory,166638.2,CNY,automated,batch,System,False,Synthetic journal entry for audit analytics
JE000274,2025-04-15T11:56:00,Sales Returns,Inventory,4717.38,CNY,automated,batch,System,False,Synthetic journal entry for audit analytics
JE000275,2025-12-11T10:16:00,Accounts Receivable,Inventory,2915.49,CNY,automated,batch,System,False,Synthetic journal entry for audit analytics
JE000276,2025-03-13T18:58:00,Cash,Revenue,1655.94,CNY,automated,batch,System,False,Synthetic journal entry for audit analytics
JE000277,2025-09-09T11:14:00,Accounts Receivable,Accounts Receivable,17969.78,CNY,automated,batch,System,False,Synthetic journal entry for audit analytics
JE000278,2025-12-10T18:35:00,Sales Returns,Inventory,11562.03,CNY,automated,batch,System,False,Synthetic journal entry for audit analytics
JE000279,2025-09-05T14:43:00,Cash,Accounts Receivable,1201574.61,CNY,subledger,u002,Accountant,False,Synthetic journal entry for audit analytics
JE000280,2025-08-06T13:47:00,Accounts Receivable,Inventory,14292.24,CNY,automated,batch,System,False,Synthetic journal entry for audit analytics
JE000281,2025-03-24T18:36:00,Cash,Accounts Receivable,187355.44,CNY,manual,u002,Accountant,False,Synthetic journal entry for audit analytics
JE000282,2025-02-03T11:21:00,Sales Returns,Accounts Receivable,707603.21,CNY,subledger,u001,Accountant,False,Synthetic journal entry for audit analytics
JE000283,2025-12-19T13:53:00,Cash,Inventory,19848.57,CNY,manual,u002,Accountant,False,Synthetic journal entry for audit analytics
JE000284,2025-01-26T10:41:00,Cash,Accounts Receivable,147393.86,CNY,automated,batch,System,False,Synthetic journal entry for audit analytics
JE000285,2025-07-12T17:44:00,Accounts Receivable,Inventory,547232.81,CNY,manual,u001,Accountant,False,Synthetic journal entry for audit analytics
JE000286,2025-07-16T09:06:00,Cash,Revenue,7504.92,CNY,automated,batch,System,False,Synthetic journal entry for audit analytics
JE000287,2025-05-13T15:09:00,Accounts Receivable,Revenue,3922.84,CNY,manual,u002,Accountant,False,Synthetic journal entry for audit analytics
JE000288,2025-12-13T14:08:00,Sales Returns,Inventory,1010981.45,CNY,automated,batch,System,False,Synthetic journal entry for audit analytics
JE000289,2025-04-07T10:08:00,Sales Returns,Accounts Receivable,3724.33,CNY,manual,u002,Accountant,False,Synthetic journal entry for audit analytics
JE000290,2025-05-02T18:40:00,Accounts Receivable,Revenue,193057.61,CNY,manual,u004,Controller,False,Synthetic journal entry for audit analytics
JE000291,2025-02-21T18:08:00,Sales Returns,Inventory,1689.92,CNY,manual,u001,Accountant,False,Synthetic journal entry for audit analytics
JE000292,2025-03-28T10:38:00,Cash,Inventory,939802.26,CNY,manual,u001,Accountant,False,Synthetic journal entry for audit analytics
JE000293,2025-03-21T11:31:00,Sales Returns,Accounts Receivable,1018279.14,CNY,manual,u003,Senior Accountant,False,Synthetic journal entry for audit analytics
JE000294,2025-05-11T15:04:00,Cash,Accounts Receivable,1593.13,CNY,manual,u001,Accountant,False,Synthetic journal entry for audit analytics
JE000295,2025-10-30T11:55:00,Cash,Inventory,2292.55,CNY,manual,u003,Senior Accountant,False,Synthetic journal entry for audit analytics
JE000296,2025-03-07T10:48:00,Cash,Inventory,690126.54,CNY,manual,u004,Controller,False,Synthetic journal entry for audit analytics
JE000297,2025-11-23T15:36:00,Sales Returns,Revenue,169664.8,CNY,automated,batch,System,False,Synthetic journal entry for audit analytics
JE000298,2025-12-16T18:29:00,Accounts Receivable,Accounts Receivable,1468.53,CNY,automated,batch,System,False,Synthetic journal entry for audit analytics
JE000299,2025-06-03T17:16:00,Accounts Receivable,Inventory,207159.66,CNY,automated,batch,System,False,Synthetic journal entry for audit analytics
JE000300,2025-03-09T18:41:00,Sales Returns,Accounts Receivable,1147009.0,CNY,manual,u002,Accountant,False,Synthetic journal entry for audit analytics
JE000301,2025-07-23T17:38:00,Accounts Receivable,Accounts Receivable,92336.64,CNY,automated,batch,System,False,Synthetic journal entry for audit analytics
JE000302,2025-10-02T15:04:00,Accounts Receivable,Revenue,22578.25,CNY,subledger,u003,Senior Accountant,False,Synthetic journal entry for audit analytics
JE000303,2025-01-08T18:11:00,Cash,Revenue,23010.62,CNY,subledger,u003,Senior Accountant,False,Synthetic journal entry for audit analytics
JE000304,2025-05-12T15:51:00,Cash,Accounts Receivable,1696.91,CNY,subledger,u003,Senior Accountant,False,Synthetic journal entry for audit analytics
JE000305,2025-09-22T17:49:00,Sales Returns,Inventory,42608.94,CNY,subledger,u001,Accountant,False,Synthetic journal entry for audit analytics
JE000306,2025-11-15T12:28:00,Sales Returns,Inventory,4201.16,CNY,subledger,u002,Accountant,False,Synthetic journal entry for audit analytics
JE000307,2025-02-17T13:03:00,Sales Returns,Inventory,347489.77,CNY,automated,batch,System,False,Synthetic journal entry for audit analytics
JE000308,2025-07-23T09:47:00,Accounts Receivable,Revenue,233764.67,CNY,automated,batch,System,False,Synthetic journal entry for audit analytics
JE000309,2025-01-03T18:52:00,Accounts Receivable,Revenue,485295.06,CNY,automated,batch,System,False,Synthetic journal entry for audit analytics
JE000310,2025-07-10T14:45:00,Cash,Accounts Receivable,681343.28,CNY,subledger,u001,Accountant,False,Synthetic journal entry for audit analytics
JE000311,2025-07-14T17:29:00,Accounts Receivable,Accounts Receivable,613521.29,CNY,manual,u003,Senior Accountant,False,Synthetic journal entry for audit analytics
JE000312,2025-10-23T18:04:00,Sales Returns,Revenue,188140.99,CNY,automated,batch,System,False,Synthetic journal entry for audit analytics
JE000313,2025-01-21T12:57:00,Cash,Revenue,71315.19,CNY,manual,u002,Accountant,False,Synthetic journal entry for audit analytics
JE000314,2025-08-10T11:31:00,Accounts Receivable,Revenue,2063.54,CNY,subledger,u003,Senior Accountant,False,Synthetic journal entry for audit analytics
JE000315,2025-04-18T16:45:00,Cash,Revenue,17385.96,CNY,automated,batch,System,False,Synthetic journal entry for audit analytics
JE000316,2025-08-28T17:06:00,Cash,Revenue,5943.16,CNY,manual,u001,Accountant,False,Synthetic journal entry for audit analytics
JE000317,2025-03-01T08:35:00,Cash,Inventory,18260.74,CNY,manual,u001,Accountant,False,Synthetic journal entry for audit analytics
JE000318,2025-12-10T12:42:00,Cash,Accounts Receivable,335370.64,CNY,manual,u002,Accountant,False,Synthetic journal entry for audit analytics
JE000319,2025-07-06T14:34:00,Cash,Revenue,91547.74,CNY,automated,batch,System,False,Synthetic journal entry for audit analytics
JE000320,2025-09-01T16:39:00,Sales Returns,Accounts Receivable,77321.26,CNY,manual,u001,Accountant,False,Synthetic journal entry for audit analytics
JE000321,2025-09-20T13:22:00,Sales Returns,Accounts Receivable,206075.26,CNY,automated,batch,System,False,Synthetic journal entry for audit analytics
JE000322,2025-02-21T14:03:00,Sales Returns,Inventory,24612.61,CNY,subledger,u001,Accountant,False,Synthetic journal entry for audit analytics
JE000323,2025-08-06T15:45:00,Cash,Inventory,1535349.11,CNY,automated,batch,System,False,Synthetic journal entry for audit analytics
JE000324,2025-08-10T12:37:00,Accounts Receivable,Revenue,2046.57,CNY,automated,batch,System,False,Synthetic journal entry for audit analytics
JE000325,2025-06-07T08:42:00,Sales Returns,Revenue,10576.76,CNY,subledger,u003,Senior Accountant,False,Synthetic journal entry for audit analytics
JE000326,2025-02-22T10:19:00,Accounts Receivable,Revenue,5010.1,CNY,subledger,u003,Senior Accountant,False,Synthetic journal entry for audit analytics
JE000327,2025-11-14T12:33:00,Sales Returns,Revenue,8094.69,CNY,automated,batch,System,False,Synthetic journal entry for audit analytics
JE000328,2025-06-05T17:23:00,Accounts Receivable,Inventory,655829.23,CNY,subledger,u002,Accountant,False,Synthetic journal entry for audit analytics
JE000329,2025-09-10T13:50:00,Cash,Inventory,10454.58,CNY,automated,batch,System,False,Synthetic journal entry for audit analytics
JE000330,2025-04-22T17:01:00,Cash,Revenue,1207984.14,CNY,manual,u002,Accountant,False,Synthetic journal entry for audit analytics
JE000331,2025-04-15T17:20:00,Sales Returns,Revenue,72926.53,CNY,automated,batch,System,False,Synthetic journal entry for audit analytics
JE000332,2025-02-28T11:00:00,Sales Returns,Revenue,164959.68,CNY,manual,u002,Accountant,False,Synthetic journal entry for audit analytics
JE000333,2025-10-31T08:19:00,Sales Returns,Accounts Receivable,851509.75,CNY,subledger,u002,Accountant,False,Synthetic journal entry for audit analytics
JE000334,2025-09-27T09:38:00,Cash,Accounts Receivable,58699.96,CNY,automated,batch,System,False,Synthetic journal entry for audit analytics
JE000335,2025-12-09T17:38:00,Accounts Receivable,Inventory,315636.94,CNY,manual,u001,Accountant,False,Synthetic journal entry for audit analytics
JE000336,2025-06-29T09:34:00,Sales Returns,Accounts Receivable,31637.13,CNY,manual,u003,Senior Accountant,False,Synthetic journal entry for audit analytics
JE000337,2025-07-10T16:50:00,Sales Returns,Accounts Receivable,15442.94,CNY,manual,u001,Accountant,False,Synthetic journal entry for audit analytics
JE000338,2025-08-12T14:37:00,Sales Returns,Accounts Receivable,116504.19,CNY,automated,batch,System,False,Synthetic journal entry for audit analytics
JE000339,2025-11-16T15:26:00,Accounts Receivable,Inventory,609757.01,CNY,automated,batch,System,False,Synthetic journal entry for audit analytics
JE000340,2025-03-23T16:19:00,Sales Returns,Revenue,21313.02,CNY,automated,batch,System,False,Synthetic journal entry for audit analytics
JE000341,2025-06-30T09:20:00,Cash,Inventory,633326.43,CNY,manual,u003,Senior Accountant,False,Synthetic journal entry for audit analytics
JE000342,2025-05-31T14:46:00,Cash,Revenue,39470.69,CNY,automated,batch,System,False,Synthetic journal entry for audit analytics
JE000343,2025-11-25T13:25:00,Accounts Receivable,Accounts Receivable,1106387.0,CNY,manual,u002,Accountant,False,Synthetic journal entry for audit analytics
JE000344,2025-10-06T09:43:00,Accounts Receivable,Inventory,1964.97,CNY,manual,u001,Accountant,False,Synthetic journal entry for audit analytics
JE000345,2025-09-01T14:37:00,Cash,Accounts Receivable,600522.17,CNY,subledger,u005,CFO,False,Synthetic journal entry for audit analytics
JE000346,2025-06-09T12:30:00,Sales Returns,Accounts Receivable,4532.04,CNY,manual,u003,Senior Accountant,False,Synthetic journal entry for audit analytics
JE000347,2025-01-18T11:08:00,Sales Returns,Inventory,62228.1,CNY,manual,u002,Accountant,False,Synthetic journal entry for audit analytics
JE000348,2025-07-09T16:00:00,Cash,Accounts Receivable,132732.85,CNY,automated,batch,System,False,Synthetic journal entry for audit analytics
JE000349,2025-12-31T17:10:00,Accounts Receivable,Inventory,1448.58,CNY,subledger,u004,Controller,False,Synthetic journal entry for audit analytics
JE000350,2025-03-02T11:41:00,Accounts Receivable,Revenue,4844.4,CNY,manual,u002,Accountant,False,Synthetic journal entry for audit analytics
JE000351,2025-08-20T14:27:00,Cash,Revenue,4012.64,CNY,manual,u003,Senior Accountant,False,Synthetic journal entry for audit analytics
JE000352,2025-10-05T12:16:00,Cash,Accounts Receivable,79610.33,CNY,subledger,u002,Accountant,False,Synthetic journal entry for audit analytics
JE000353,2025-01-01T16:13:00,Accounts Receivable,Inventory,1063.9,CNY,manual,u002,Accountant,False,Synthetic journal entry for audit analytics
JE000354,2025-12-03T09:37:00,Cash,Inventory,205803.24,CNY,manual,u002,Accountant,False,Synthetic journal entry for audit analytics
JE000355,2025-06-07T11:21:00,Cash,Inventory,4050.94,CNY,subledger,u004,Controller,False,Synthetic journal entry for audit analytics
JE000356,2025-08-14T10:07:00,Sales Returns,Revenue,24925.59,CNY,manual,u002,Accountant,False,Synthetic journal entry for audit analytics
JE000357,2025-05-31T17:05:00,Sales Returns,Inventory,13098.53,CNY,manual,u002,Accountant,False,Synthetic journal entry for audit analytics
JE000358,2025-08-19T10:17:00,Accounts Receivable,Revenue,229399.25,CNY,subledger,u001,Accountant,False,Synthetic journal entry for audit analytics
JE000359,2025-04-30T15:21:00,Accounts Receivable,Revenue,837960.77,CNY,subledger,u003,Senior Accountant,False,Synthetic journal entry for audit analytics
JE000360,2025-10-08T16:41:00,Cash,Inventory,513027.81,CNY,manual,u002,Accountant,False,Synthetic journal entry for audit analytics
JE000361,2025-12-21T16:24:00,Sales Returns,Accounts Receivable,1446.27,CNY,automated,batch,System,False,Synthetic journal entry for audit analytics
JE000362,2025-02-17T14:21:00,Sales Returns,Revenue,7581.64,CNY,subledger,u001,Accountant,False,Synthetic journal entry for audit analytics
JE000363,2025-05-08T14:11:00,Sales Returns,Inventory,12199.85,CNY,manual,u001,Accountant,False,Synthetic journal entry for audit analytics
JE000364,2025-03-26T16:30:00,Cash,Accounts Receivable,396421.94,CNY,manual,u001,Accountant,False,Synthetic journal entry for audit analytics
JE000365,2025-07-04T16:17:00,Sales Returns,Revenue,1693.71,CNY,automated,batch,System,False,Synthetic journal entry for audit analytics
JE000366,2025-09-07T15:58:00,Accounts Receivable,Revenue,8373.54,CNY,manual,u001,Accountant,False,Synthetic journal entry for audit analytics
JE000367,2025-08-25T13:02:00,Accounts Receivable,Inventory,386937.13,CNY,manual,u003,Senior Accountant,False,Synthetic journal entry for audit analytics
JE000368,2025-09-08T18:10:00,Cash,Inventory,4072.06,CNY,manual,u003,Senior Accountant,False,Synthetic journal entry for audit analytics
JE000369,2025-07-29T17:25:00,Cash,Revenue,680191.82,CNY,automated,batch,System,False,Synthetic journal entry for audit analytics
JE000370,2025-12-31T16:58:00,Accounts Receivable,Revenue,29624.4,CNY,manual,u001,Accountant,False,Synthetic journal entry for audit analytics
JE000371,2025-08-07T15:59:00,Cash,Revenue,1081086.43,CNY,manual,u001,Accountant,False,Synthetic journal entry for audit analytics
JE000372,2025-09-30T13:54:00,Sales Returns,Inventory,3327.9,CNY,automated,batch,System,False,Synthetic journal entry for audit analytics
JE000373,2025-07-10T13:43:00,Accounts Receivable,Accounts Receivable,112582.35,CNY,manual,u002,Accountant,False,Synthetic journal entry for audit analytics
JE000374,2025-06-30T08:00:00,Accounts Receivable,Revenue,776642.31,CNY,manual,u002,Accountant,False,Synthetic journal entry for audit analytics
JE000375,2025-08-24T11:39:00,Sales Returns,Accounts Receivable,1075.78,CNY,automated,batch,System,False,Synthetic journal entry for audit analytics
JE000376,2025-09-30T16:24:00,Accounts Receivable,Inventory,1867.04,CNY,automated,batch,System,False,Synthetic journal entry for audit analytics
JE000377,2025-12-13T11:00:00,Accounts Receivable,Inventory,4493.68,CNY,subledger,u001,Accountant,False,Synthetic journal entry for audit analytics
JE000378,2025-03-09T18:27:00,Cash,Accounts Receivable,5324.01,CNY,automated,batch,System,False,Synthetic journal entry for audit analytics
JE000379,2025-10-29T16:26:00,Sales Returns,Inventory,19058.7,CNY,automated,batch,System,False,Synthetic journal entry for audit analytics
JE000380,2025-08-05T14:22:00,Accounts Receivable,Inventory,32758.47,CNY,automated,batch,System,False,Synthetic journal entry for audit analytics
JE000381,2025-04-12T18:44:00,Accounts Receivable,Accounts Receivable,33963.33,CNY,manual,u002,Accountant,False,Synthetic journal entry for audit analytics
JE000382,2025-07-04T09:37:00,Cash,Revenue,9618.66,CNY,automated,batch,System,False,Synthetic journal entry for audit analytics
JE000383,2025-05-15T13:53:00,Accounts Receivable,Inventory,553937.38,CNY,automated,batch,System,False,Synthetic journal entry for audit analytics
JE000384,2025-07-31T10:22:00,Accounts Receivable,Revenue,1123112.79,CNY,automated,batch,System,False,Synthetic journal entry for audit analytics
JE000385,2025-04-18T11:43:00,Sales Returns,Inventory,1074171.85,CNY,subledger,u001,Accountant,False,Synthetic journal entry for audit analytics
JE000386,2025-05-12T12:18:00,Sales Returns,Accounts Receivable,90920.93,CNY,manual,u002,Accountant,False,Synthetic journal entry for audit analytics
JE000387,2025-08-17T15:02:00,Accounts Receivable,Inventory,41639.46,CNY,automated,batch,System,False,Synthetic journal entry for audit analytics
JE000388,2025-04-12T18:27:00,Accounts Receivable,Inventory,39199.42,CNY,subledger,u003,Senior Accountant,False,Synthetic journal entry for audit analytics
JE000389,2025-12-30T23:02:00,Other Receivables,Other Income,2000000,CNY,manual,u005,CFO,False,Synthetic journal entry for audit analytics
JE000390,2025-07-30T11:47:00,Sales Returns,Inventory,20762.73,CNY,manual,u001,Accountant,False,Synthetic journal entry for audit analytics
JE000391,2025-08-04T11:09:00,Sales Returns,Accounts Receivable,8613.57,CNY,manual,u001,Accountant,False,Synthetic journal entry for audit analytics
JE000392,2025-05-20T17:42:00,Sales Returns,Revenue,243478.83,CNY,manual,u003,Senior Accountant,False,Synthetic journal entry for audit analytics
JE000393,2025-12-18T10:27:00,Sales Returns,Revenue,693895.81,CNY,subledger,u001,Accountant,False,Synthetic journal entry for audit analytics
JE000394,2025-01-29T14:22:00,Accounts Receivable,Accounts Receivable,2170.33,CNY,manual,u001,Accountant,False,Synthetic journal entry for audit analytics
JE000395,2025-04-15T13:51:00,Cash,Revenue,26867.41,CNY,automated,batch,System,False,Synthetic journal entry for audit analytics
JE000396,2025-02-12T11:14:00,Cash,Inventory,2785.64,CNY,subledger,u003,Senior Accountant,False,Synthetic journal entry for audit analytics
JE000397,2025-05-12T08:55:00,Cash,Accounts Receivable,340039.1,CNY,subledger,u003,Senior Accountant,False,Synthetic journal entry for audit analytics
JE000398,2025-12-15T09:14:00,Accounts Receivable,Revenue,2705.7,CNY,automated,batch,System,False,Synthetic journal entry for audit analytics
JE000399,2025-05-31T15:38:00,Sales Returns,Accounts Receivable,1383322.88,CNY,automated,batch,System,False,Synthetic journal entry for audit analytics
JE000400,2025-06-09T12:06:00,Cash,Revenue,1287.6,CNY,automated,batch,System,False,Synthetic journal entry for audit analytics
JE000401,2025-01-25T09:09:00,Accounts Receivable,Revenue,130148.9,CNY,automated,batch,System,False,Synthetic journal entry for audit analytics
JE000402,2025-03-20T14:10:00,Cash,Accounts Receivable,95841.48,CNY,manual,u002,Accountant,False,Synthetic journal entry for audit analytics
JE000403,2025-08-22T13:57:00,Cash,Accounts Receivable,256895.13,CNY,subledger,u003,Senior Accountant,False,Synthetic journal entry for audit analytics
JE000404,2025-01-13T17:12:00,Cash,Accounts Receivable,11395.93,CNY,manual,u002,Accountant,False,Synthetic journal entry for audit analytics
JE000405,2025-12-07T09:41:00,Accounts Receivable,Revenue,7225.05,CNY,manual,u003,Senior Accountant,False,Synthetic journal entry for audit analytics
JE000406,2025-03-12T17:14:00,Sales Returns,Inventory,824897.69,CNY,manual,u003,Senior Accountant,False,Synthetic journal entry for audit analytics
JE000407,2025-06-09T08:48:00,Accounts Receivable,Inventory,1091861.46,CNY,subledger,u001,Accountant,False,Synthetic journal entry for audit analytics
JE000408,2025-02-27T15:44:00,Accounts Receivable,Accounts Receivable,62949.44,CNY,subledger,u002,Accountant,False,Synthetic journal entry for audit analytics
JE000409,2025-04-13T13:56:00,Sales Returns,Inventory,21468.18,CNY,subledger,u003,Senior Accountant,False,Synthetic journal entry for audit analytics
JE000410,2025-04-21T17:23:00,Cash,Accounts Receivable,2537.52,CNY,manual,u002,Accountant,False,Synthetic journal entry for audit analytics
JE000411,2025-10-09T15:30:00,Cash,Accounts Receivable,486427.91,CNY,automated,batch,System,False,Synthetic journal entry for audit analytics
JE000412,2025-04-10T12:37:00,Cash,Accounts Receivable,935275.54,CNY,manual,u002,Accountant,False,Synthetic journal entry for audit analytics
JE000413,2025-08-14T11:43:00,Sales Returns,Accounts Receivable,7591.71,CNY,manual,u003,Senior Accountant,False,Synthetic journal entry for audit analytics
JE000414,2025-10-10T14:59:00,Cash,Inventory,225077.54,CNY,manual,u001,Accountant,False,Synthetic journal entry for audit analytics
JE000415,2025-11-15T13:03:00,Cash,Inventory,3078.69,CNY,automated,batch,System,False,Synthetic journal entry for audit analytics
JE000416,2025-09-03T12:47:00,Accounts Receivable,Inventory,42673.39,CNY,manual,u002,Accountant,False,Synthetic journal entry for audit analytics
JE000417,2025-01-20T10:46:00,Accounts Receivable,Inventory,8748.37,CNY,subledger,u003,Senior Accountant,False,Synthetic journal entry for audit analytics
JE000418,2025-08-29T15:42:00,Sales Returns,Inventory,3359.6,CNY,automated,batch,System,False,Synthetic journal entry for audit analytics
JE000419,2025-01-22T09:04:00,Sales Returns,Revenue,19474.32,CNY,manual,u001,Accountant,False,Synthetic journal entry for audit analytics
JE000420,2025-11-07T08:11:00,Sales Returns,Revenue,2927.36,CNY,automated,batch,System,False,Synthetic journal entry for audit analytics
JE000421,2025-01-16T16:12:00,Sales Returns,Revenue,2715.43,CNY,automated,batch,System,False,Synthetic journal entry for audit analytics
JE000422,2025-08-27T08:59:00,Cash,Inventory,12895.46,CNY,automated,batch,System,False,Synthetic journal entry for audit analytics
JE000423,2025-04-24T17:07:00,Cash,Inventory,73251.55,CNY,manual,u004,Controller,False,Synthetic journal entry for audit analytics
JE000424,2025-11-23T13:12:00,Accounts Receivable,Revenue,10920.89,CNY,manual,u002,Accountant,False,Synthetic journal entry for audit analytics
JE000425,2025-01-07T13:21:00,Cash,Revenue,3599.19,CNY,manual,u002,Accountant,False,Synthetic journal entry for audit analytics
JE000426,2025-05-20T13:02:00,Accounts Receivable,Accounts Receivable,3359.0,CNY,manual,u002,Accountant,False,Synthetic journal entry for audit analytics
JE000427,2025-03-24T16:16:00,Sales Returns,Revenue,2382.41,CNY,manual,u003,Senior Accountant,False,Synthetic journal entry for audit analytics
JE000428,2025-12-08T08:46:00,Sales Returns,Revenue,25395.9,CNY,automated,batch,System,False,Synthetic journal entry for audit analytics
JE000429,2025-11-26T18:29:00,Sales Returns,Inventory,349192.72,CNY,subledger,u002,Accountant,False,Synthetic journal entry for audit analytics
JE000430,2025-11-20T14:52:00,Sales Returns,Revenue,10552.75,CNY,manual,u001,Accountant,False,Synthetic journal entry for audit analytics
JE000431,2025-04-14T10:24:00,Accounts Receivable,Accounts Receivable,231383.37,CNY,automated,batch,System,False,Synthetic journal entry for audit analytics
JE000432,2025-11-03T08:18:00,Sales Returns,Inventory,9248.82,CNY,manual,u002,Accountant,False,Synthetic journal entry for audit analytics
JE000433,2025-11-03T12:50:00,Accounts Receivable,Accounts Receivable,10987.73,CNY,manual,u003,Senior Accountant,False,Synthetic journal entry for audit analytics
JE000434,2025-06-12T17:33:00,Accounts Receivable,Revenue,135686.08,CNY,automated,batch,System,False,Synthetic journal entry for audit analytics
JE000435,2025-08-15T10:51:00,Accounts Receivable,Revenue,266968.39,CNY,automated,batch,System,False,Synthetic journal entry for audit analytics
JE000436,2025-07-22T14:36:00,Cash,Accounts Receivable,422146.67,CNY,subledger,u001,Accountant,False,Synthetic journal entry for audit analytics
JE000437,2025-06-09T17:47:00,Cash,Accounts Receivable,1304.13,CNY,manual,u001,Accountant,False,Synthetic journal entry for audit analytics
JE000438,2025-12-18T17:21:00,Sales Returns,Inventory,9061.37,CNY,manual,u001,Accountant,False,Synthetic journal entry for audit analytics
JE000439,2025-07-26T13:53:00,Cash,Revenue,319578.52,CNY,manual,u003,Senior Accountant,False,Synthetic journal entry for audit analytics
JE000440,2025-11-21T10:59:00,Sales Returns,Accounts Receivable,131880.54,CNY,subledger,u002,Accountant,False,Synthetic journal entry for audit analytics
JE000441,2025-06-18T15:14:00,Accounts Receivable,Accounts Receivable,8482.91,CNY,manual,u002,Accountant,False,Synthetic journal entry for audit analytics
JE000442,2025-03-03T12:06:00,Accounts Receivable,Inventory,43003.01,CNY,manual,u003,Senior Accountant,False,Synthetic journal entry for audit analytics
JE000443,2025-08-16T16:30:00,Sales Returns,Revenue,959864.86,CNY,manual,u003,Senior Accountant,False,Synthetic journal entry for audit analytics
JE000444,2025-09-14T12:21:00,Sales Returns,Accounts Receivable,20497.08,CNY,subledger,u002,Accountant,False,Synthetic journal entry for audit analytics
JE000445,2025-08-30T13:52:00,Sales Returns,Accounts Receivable,25928.03,CNY,subledger,u005,CFO,False,Synthetic journal entry for audit analytics
JE000446,2025-06-28T14:38:00,Cash,Accounts Receivable,146214.96,CNY,subledger,u004,Controller,False,Synthetic journal entry for audit analytics
JE000447,2025-12-07T18:01:00,Cash,Accounts Receivable,1233.65,CNY,subledger,u003,Senior Accountant,False,Synthetic journal entry for audit analytics
JE000448,2025-08-07T17:00:00,Sales Returns,Revenue,1279.67,CNY,subledger,u003,Senior Accountant,False,Synthetic journal entry for audit analytics
JE000449,2025-04-12T13:10:00,Cash,Revenue,1102717.1,CNY,manual,u001,Accountant,False,Synthetic journal entry for audit analytics
JE000450,2025-01-14T08:46:00,Sales Returns,Accounts Receivable,6947.0,CNY,manual,u003,Senior Accountant,False,Synthetic journal entry for audit analytics
JE000451,2025-12-31T16:26:00,Accounts Receivable,Inventory,15824.14,CNY,automated,batch,System,False,Synthetic journal entry for audit analytics
JE000452,2025-02-06T18:04:00,Cash,Inventory,1162080.2,CNY,manual,u001,Accountant,False,Synthetic journal entry for audit analytics
JE000453,2025-12-25T11:12:00,Accounts Receivable,Revenue,4527.95,CNY,subledger,u001,Accountant,False,Synthetic journal entry for audit analytics
JE000454,2025-06-03T18:42:00,Cash,Accounts Receivable,655679.72,CNY,subledger,u001,Accountant,False,Synthetic journal entry for audit analytics
JE000455,2025-05-14T16:18:00,Cash,Accounts Receivable,132898.18,CNY,subledger,u003,Senior Accountant,False,Synthetic journal entry for audit analytics
JE000456,2025-02-24T12:49:00,Sales Returns,Accounts Receivable,28782.88,CNY,manual,u001,Accountant,False,Synthetic journal entry for audit analytics
JE000457,2025-09-04T18:46:00,Sales Returns,Revenue,1270679.41,CNY,manual,u003,Senior Accountant,False,Synthetic journal entry for audit analytics
JE000458,2025-09-13T17:18:00,Accounts Receivable,Revenue,5456.45,CNY,manual,u001,Accountant,False,Synthetic journal entry for audit analytics
JE000459,2025-07-16T15:57:00,Sales Returns,Accounts Receivable,667189.58,CNY,subledger,u002,Accountant,False,Synthetic journal entry for audit analytics
JE000460,2025-03-23T09:58:00,Sales Returns,Accounts Receivable,22044.5,CNY,manual,u002,Accountant,False,Synthetic journal entry for audit analytics
JE000461,2025-08-15T12:30:00,Accounts Receivable,Inventory,1149060.47,CNY,subledger,u003,Senior Accountant,False,Synthetic journal entry for audit analytics
JE000462,2025-12-24T10:57:00,Sales Returns,Accounts Receivable,66378.56,CNY,automated,batch,System,False,Synthetic journal entry for audit analytics
JE000463,2025-03-20T09:14:00,Cash,Revenue,57483.39,CNY,automated,batch,System,False,Synthetic journal entry for audit analytics
JE000464,2025-05-17T08:28:00,Cash,Revenue,140507.7,CNY,manual,u003,Senior Accountant,False,Synthetic journal entry for audit analytics
JE000465,2025-01-26T12:54:00,Accounts Receivable,Accounts Receivable,92434.57,CNY,subledger,u002,Accountant,False,Synthetic journal entry for audit analytics
JE000466,2025-03-04T10:25:00,Sales Returns,Revenue,323407.6,CNY,manual,u003,Senior Accountant,False,Synthetic journal entry for audit analytics
JE000467,2025-03-27T09:26:00,Accounts Receivable,Accounts Receivable,1890.25,CNY,subledger,u001,Accountant,False,Synthetic journal entry for audit analytics
JE000468,2025-09-20T11:24:00,Accounts Receivable,Revenue,117328.01,CNY,automated,batch,System,False,Synthetic journal entry for audit analytics
JE000469,2025-12-24T16:13:00,Cash,Accounts Receivable,72186.76,CNY,automated,batch,System,False,Synthetic journal entry for audit analytics
JE000470,2025-01-27T16:11:00,Accounts Receivable,Inventory,1709.02,CNY,subledger,u003,Senior Accountant,False,Synthetic journal entry for audit analytics
JE000471,2025-06-22T14:40:00,Accounts Receivable,Inventory,30609.28,CNY,manual,u002,Accountant,False,Synthetic journal entry for audit analytics
JE000472,2025-10-14T17:26:00,Cash,Inventory,4890.33,CNY,automated,batch,System,False,Synthetic journal entry for audit analytics
JE000473,2025-05-14T09:31:00,Accounts Receivable,Accounts Receivable,877551.3,CNY,automated,batch,System,False,Synthetic journal entry for audit analytics
JE000474,2025-06-05T09:31:00,Accounts Receivable,Accounts Receivable,31770.88,CNY,manual,u003,Senior Accountant,False,Synthetic journal entry for audit analytics
JE000475,2025-10-25T12:39:00,Sales Returns,Inventory,121157.89,CNY,subledger,u001,Accountant,False,Synthetic journal entry for audit analytics
JE000476,2025-09-05T14:30:00,Sales Returns,Inventory,3460.18,CNY,automated,batch,System,False,Synthetic journal entry for audit analytics
JE000477,2025-08-19T11:56:00,Cash,Inventory,50735.71,CNY,subledger,u002,Accountant,False,Synthetic journal entry for audit analytics
JE000478,2025-05-15T11:53:00,Cash,Inventory,1387.63,CNY,manual,u003,Senior Accountant,False,Synthetic journal entry for audit analytics
JE000479,2025-04-07T16:47:00,Cash,Accounts Receivable,15336.27,CNY,automated,batch,System,False,Synthetic journal entry for audit analytics
JE000480,2025-06-23T15:34:00,Sales Returns,Inventory,5458.08,CNY,manual,u001,Accountant,False,Synthetic journal entry for audit analytics
JE000481,2025-02-12T16:00:00,Sales Returns,Inventory,15937.74,CNY,automated,batch,System,False,Synthetic journal entry for audit analytics
JE000482,2025-01-31T09:51:00,Sales Returns,Revenue,5556.3,CNY,subledger,u001,Accountant,False,Synthetic journal entry for audit analytics
JE000483,2025-09-28T11:59:00,Sales Returns,Accounts Receivable,1769.28,CNY,manual,u002,Accountant,False,Synthetic journal entry for audit analytics
JE000484,2025-05-16T17:32:00,Cash,Revenue,1380.18,CNY,manual,u004,Controller,False,Synthetic journal entry for audit analytics
JE000485,2025-03-27T09:22:00,Accounts Receivable,Accounts Receivable,1348.06,CNY,subledger,u005,CFO,False,Synthetic journal entry for audit analytics
JE000486,2025-06-21T13:40:00,Accounts Receivable,Inventory,21356.67,CNY,manual,u001,Accountant,False,Synthetic journal entry for audit analytics
JE000487,2025-02-23T12:26:00,Accounts Receivable,Revenue,1111688.82,CNY,manual,u003,Senior Accountant,False,Synthetic journal entry for audit analytics
JE000488,2025-10-12T13:17:00,Cash,Accounts Receivable,2326.27,CNY,automated,batch,System,False,Synthetic journal entry for audit analytics
JE000489,2025-07-19T14:44:00,Accounts Receivable,Revenue,4398.52,CNY,manual,u003,Senior Accountant,False,Synthetic journal entry for audit analytics
JE000490,2025-12-26T18:52:00,Sales Returns,Accounts Receivable,164408.27,CNY,manual,u001,Accountant,False,Synthetic journal entry for audit analytics
JE000491,2025-08-30T17:59:00,Cash,Accounts Receivable,39868.6,CNY,automated,batch,System,False,Synthetic journal entry for audit analytics
JE000492,2025-08-02T08:59:00,Accounts Receivable,Accounts Receivable,189886.12,CNY,manual,u002,Accountant,False,Synthetic journal entry for audit analytics
JE000493,2025-02-22T16:27:00,Sales Returns,Inventory,1422153.85,CNY,subledger,u004,Controller,False,Synthetic journal entry for audit analytics
JE000494,2025-11-10T11:51:00,Accounts Receivable,Accounts Receivable,1025263.46,CNY,automated,batch,System,False,Synthetic journal entry for audit analytics
JE000495,2025-01-22T14:03:00,Cash,Revenue,151690.95,CNY,subledger,u001,Accountant,False,Synthetic journal entry for audit analytics
JE000496,2025-06-28T12:37:00,Cash,Revenue,6160.94,CNY,subledger,u004,Controller,False,Synthetic journal entry for audit analytics
JE000497,2025-11-21T11:27:00,Cash,Accounts Receivable,95270.17,CNY,subledger,u001,Accountant,False,Synthetic journal entry for audit analytics
JE000498,2025-01-26T15:50:00,Cash,Accounts Receivable,3262.57,CNY,automated,batch,System,False,Synthetic journal entry for audit analytics
JE000499,2025-11-05T18:00:00,Accounts Receivable,Inventory,4643.25,CNY,subledger,u002,Accountant,False,Synthetic journal entry for audit analytics
JE000500,2025-08-28T09:48:00,Sales Returns,Revenue,13585.33,CNY,manual,u003,Senior Accountant,False,Synthetic journal entry for audit analytics
JE000501,2025-06-08T16:35:00,Accounts Receivable,Inventory,14854.75,CNY,subledger,u001,Accountant,False,Synthetic journal entry for audit analytics
JE000502,2025-12-26T16:51:00,Sales Returns,Revenue,60056.4,CNY,manual,u001,Accountant,False,Synthetic journal entry for audit analytics
JE000503,2025-12-17T14:52:00,Accounts Receivable,Revenue,63063.21,CNY,automated,batch,System,False,Synthetic journal entry for audit analytics
JE000504,2025-01-30T14:54:00,Cash,Revenue,7704.65,CNY,subledger,u002,Accountant,False,Synthetic journal entry for audit analytics
JE000505,2025-07-20T10:46:00,Accounts Receivable,Accounts Receivable,202539.64,CNY,manual,u002,Accountant,False,Synthetic journal entry for audit analytics
JE000506,2025-11-09T14:41:00,Accounts Receivable,Revenue,158184.24,CNY,subledger,u001,Accountant,False,Synthetic journal entry for audit analytics
JE000507,2025-11-14T15:31:00,Sales Returns,Inventory,2544.58,CNY,manual,u002,Accountant,False,Synthetic journal entry for audit analytics
JE000508,2025-09-24T09:12:00,Accounts Receivable,Revenue,434140.43,CNY,manual,u003,Senior Accountant,False,Synthetic journal entry for audit analytics
JE000509,2025-12-11T15:49:00,Sales Returns,Revenue,46030.79,CNY,manual,u003,Senior Accountant,False,Synthetic journal entry for audit analytics
JE000510,2025-03-03T12:48:00,Accounts Receivable,Accounts Receivable,524148.84,CNY,automated,batch,System,False,Synthetic journal entry for audit analytics
JE000511,2025-07-13T18:47:00,Accounts Receivable,Inventory,7346.01,CNY,manual,u003,Senior Accountant,False,Synthetic journal entry for audit analytics
JE000512,2025-02-01T15:38:00,Accounts Receivable,Accounts Receivable,3557.21,CNY,subledger,u001,Accountant,False,Synthetic journal entry for audit analytics
JE000513,2025-12-15T16:01:00,Cash,Revenue,534314.2,CNY,manual,u002,Accountant,False,Synthetic journal entry for audit analytics
JE000514,2025-02-09T09:45:00,Accounts Receivable,Accounts Receivable,3274.2,CNY,manual,u001,Accountant,False,Synthetic journal entry for audit analytics
JE000515,2025-02-22T18:23:00,Accounts Receivable,Accounts Receivable,42776.36,CNY,automated,batch,System,False,Synthetic journal entry for audit analytics
JE000516,2025-04-29T14:42:00,Sales Returns,Accounts Receivable,4473.33,CNY,automated,batch,System,False,Synthetic journal entry for audit analytics
JE000517,2025-10-04T15:18:00,Sales Returns,Revenue,1828.8,CNY,subledger,u002,Accountant,False,Synthetic journal entry for audit analytics
JE000518,2025-06-19T18:50:00,Accounts Receivable,Inventory,145601.61,CNY,subledger,u003,Senior Accountant,False,Synthetic journal entry for audit analytics
JE000519,2025-10-05T17:47:00,Sales Returns,Accounts Receivable,3611.5,CNY,manual,u002,Accountant,False,Synthetic journal entry for audit analytics
JE000520,2025-11-11T10:11:00,Sales Returns,Inventory,30648.19,CNY,manual,u001,Accountant,False,Synthetic journal entry for audit analytics
JE000521,2025-10-29T15:50:00,Accounts Receivable,Inventory,27950.98,CNY,manual,u001,Accountant,False,Synthetic journal entry for audit analytics
JE000522,2025-01-04T17:44:00,Sales Returns,Revenue,421536.4,CNY,automated,batch,System,False,Synthetic journal entry for audit analytics
JE000523,2025-10-31T09:22:00,Accounts Receivable,Revenue,147247.29,CNY,automated,batch,System,False,Synthetic journal entry for audit analytics
JE000524,2025-04-10T14:35:00,Sales Returns,Revenue,1621.15,CNY,manual,u002,Accountant,False,Synthetic journal entry for audit analytics
JE000525,2025-12-02T10:06:00,Accounts Receivable,Revenue,47316.41,CNY,manual,u004,Controller,False,Synthetic journal entry for audit analytics
JE000526,2025-05-15T13:43:00,Accounts Receivable,Revenue,198293.29,CNY,subledger,u002,Accountant,False,Synthetic journal entry for audit analytics
JE000527,2025-12-05T09:23:00,Accounts Receivable,Revenue,1304228.79,CNY,manual,u001,Accountant,False,Synthetic journal entry for audit analytics
JE000528,2025-11-27T11:01:00,Cash,Revenue,5068.89,CNY,automated,batch,System,False,Synthetic journal entry for audit analytics
JE000529,2025-10-15T16:28:00,Sales Returns,Revenue,2418.67,CNY,manual,u003,Senior Accountant,False,Synthetic journal entry for audit analytics
JE000530,2025-02-11T16:59:00,Sales Returns,Accounts Receivable,2622.11,CNY,automated,batch,System,False,Synthetic journal entry for audit analytics
JE000531,2025-10-04T10:53:00,Cash,Revenue,184876.68,CNY,automated,batch,System,False,Synthetic journal entry for audit analytics
JE000532,2025-10-29T08:37:00,Sales Returns,Accounts Receivable,69328.32,CNY,manual,u003,Senior Accountant,False,Synthetic journal entry for audit analytics
JE000533,2025-08-12T09:27:00,Cash,Accounts Receivable,1631.87,CNY,automated,batch,System,False,Synthetic journal entry for audit analytics
JE000534,2025-11-10T17:58:00,Accounts Receivable,Revenue,2107.41,CNY,manual,u001,Accountant,False,Synthetic journal entry for audit analytics
JE000535,2025-02-24T15:23:00,Sales Returns,Accounts Receivable,4409.42,CNY,automated,batch,System,False,Synthetic journal entry for audit analytics
JE000536,2025-08-28T12:15:00,Accounts Receivable,Revenue,28864.92,CNY,subledger,u003,Senior Accountant,False,Synthetic journal entry for audit analytics
JE000537,2025-09-06T08:36:00,Cash,Revenue,3986.9,CNY,subledger,u001,Accountant,False,Synthetic journal entry for audit analytics
JE000538,2025-08-30T18:20:00,Sales Returns,Revenue,10232.84,CNY,manual,u003,Senior Accountant,False,Synthetic journal entry for audit analytics
JE000539,2025-10-06T12:34:00,Cash,Accounts Receivable,1463353.04,CNY,subledger,u003,Senior Accountant,False,Synthetic journal entry for audit analytics
JE000540,2025-05-29T14:42:00,Cash,Inventory,1338.44,CNY,subledger,u001,Accountant,False,Synthetic journal entry for audit analytics
JE000541,2025-08-19T16:30:00,Accounts Receivable,Inventory,717250.35,CNY,subledger,u001,Accountant,False,Synthetic journal entry for audit analytics
JE000542,2025-01-02T16:50:00,Accounts Receivable,Inventory,184718.62,CNY,automated,batch,System,False,Synthetic journal entry for audit analytics
JE000543,2025-01-17T13:28:00,Cash,Accounts Receivable,7277.68,CNY,subledger,u001,Accountant,False,Synthetic journal entry for audit analytics
JE000544,2025-02-07T17:15:00,Accounts Receivable,Accounts Receivable,14327.47,CNY,subledger,u003,Senior Accountant,False,Synthetic journal entry for audit analytics
JE000545,2025-09-21T14:01:00,Sales Returns,Revenue,12833.68,CNY,subledger,u001,Accountant,False,Synthetic journal entry for audit analytics
JE000546,2025-07-27T14:32:00,Sales Returns,Accounts Receivable,72664.12,CNY,subledger,u001,Accountant,False,Synthetic journal entry for audit analytics
JE000547,2025-08-31T16:35:00,Accounts Receivable,Accounts Receivable,1951.5,CNY,subledger,u003,Senior Accountant,False,Synthetic journal entry for audit analytics
JE000548,2025-08-04T08:57:00,Accounts Receivable,Inventory,3467.35,CNY,manual,u002,Accountant,False,Synthetic journal entry for audit analytics
JE000549,2025-09-16T16:27:00,Sales Returns,Accounts Receivable,74684.85,CNY,automated,batch,System,False,Synthetic journal entry for audit analytics
JE000550,2025-12-09T15:00:00,Accounts Receivable,Revenue,453873.09,CNY,manual,u002,Accountant,False,Synthetic journal entry for audit analytics
JE000551,2025-09-06T17:32:00,Cash,Inventory,1418777.29,CNY,manual,u003,Senior Accountant,False,Synthetic journal entry for audit analytics
JE000552,2025-01-29T11:52:00,Accounts Receivable,Revenue,110291.34,CNY,subledger,u002,Accountant,False,Synthetic journal entry for audit analytics
JE000553,2025-08-29T10:05:00,Cash,Revenue,16845.15,CNY,automated,batch,System,False,Synthetic journal entry for audit analytics
JE000554,2025-03-17T12:51:00,Cash,Revenue,62969.12,CNY,manual,u001,Accountant,False,Synthetic journal entry for audit analytics
JE000555,2025-04-07T12:52:00,Accounts Receivable,Accounts Receivable,66476.85,CNY,manual,u001,Accountant,False,Synthetic journal entry for audit analytics
JE000556,2025-02-26T11:33:00,Cash,Revenue,1566926.07,CNY,subledger,u001,Accountant,False,Synthetic journal entry for audit analytics
JE000557,2025-09-02T17:52:00,Cash,Revenue,1258.55,CNY,manual,u003,Senior Accountant,False,Synthetic journal entry for audit analytics
JE000558,2025-12-04T12:53:00,Sales Returns,Accounts Receivable,22580.58,CNY,manual,u003,Senior Accountant,False,Synthetic journal entry for audit analytics
JE000559,2025-04-17T09:44:00,Accounts Receivable,Revenue,213894.99,CNY,manual,u001,Accountant,False,Synthetic journal entry for audit analytics
JE000560,2025-02-14T12:02:00,Sales Returns,Revenue,48008.98,CNY,manual,u002,Accountant,False,Synthetic journal entry for audit analytics
JE000561,2025-07-15T15:34:00,Accounts Receivable,Inventory,1857.97,CNY,manual,u002,Accountant,False,Synthetic journal entry for audit analytics
JE000562,2025-01-21T09:33:00,Sales Returns,Revenue,4328.69,CNY,subledger,u003,Senior Accountant,False,Synthetic journal entry for audit analytics
JE000563,2025-08-24T11:30:00,Sales Returns,Accounts Receivable,4593.64,CNY,manual,u001,Accountant,False,Synthetic journal entry for audit analytics
JE000564,2025-08-03T17:46:00,Accounts Receivable,Accounts Receivable,3522.45,CNY,subledger,u002,Accountant,False,Synthetic journal entry for audit analytics
JE000565,2025-02-26T09:40:00,Sales Returns,Inventory,83525.53,CNY,subledger,u002,Accountant,False,Synthetic journal entry for audit analytics
JE000566,2025-03-11T11:24:00,Sales Returns,Inventory,355903.4,CNY,automated,batch,System,False,Synthetic journal entry for audit analytics
JE000567,2025-11-24T12:11:00,Accounts Receivable,Inventory,62682.79,CNY,automated,batch,System,False,Synthetic journal entry for audit analytics
JE000568,2025-10-02T17:38:00,Accounts Receivable,Inventory,161670.33,CNY,automated,batch,System,False,Synthetic journal entry for audit analytics
JE000569,2025-05-17T10:19:00,Cash,Inventory,2914.97,CNY,automated,batch,System,False,Synthetic journal entry for audit analytics
JE000570,2025-01-19T15:45:00,Sales Returns,Accounts Receivable,1373021.52,CNY,manual,u001,Accountant,False,Synthetic journal entry for audit analytics
JE000571,2025-01-07T08:34:00,Accounts Receivable,Accounts Receivable,88477.77,CNY,subledger,u003,Senior Accountant,False,Synthetic journal entry for audit analytics
JE000572,2025-05-09T11:53:00,Accounts Receivable,Accounts Receivable,1045454.37,CNY,automated,batch,System,False,Synthetic journal entry for audit analytics
JE000573,2025-10-10T09:36:00,Accounts Receivable,Revenue,8073.16,CNY,automated,batch,System,False,Synthetic journal entry for audit analytics
JE000574,2025-09-02T14:34:00,Accounts Receivable,Revenue,269006.18,CNY,manual,u002,Accountant,False,Synthetic journal entry for audit analytics
JE000575,2025-07-10T12:11:00,Cash,Revenue,1426.74,CNY,automated,batch,System,False,Synthetic journal entry for audit analytics
JE000576,2025-09-23T10:58:00,Cash,Inventory,2023.67,CNY,subledger,u002,Accountant,False,Synthetic journal entry for audit analytics
JE000577,2025-10-17T10:45:00,Cash,Inventory,965700.14,CNY,automated,batch,System,False,Synthetic journal entry for audit analytics
JE000578,2025-10-27T14:29:00,Sales Returns,Accounts Receivable,31888.67,CNY,manual,u003,Senior Accountant,False,Synthetic journal entry for audit analytics
JE000579,2025-02-19T13:47:00,Sales Returns,Revenue,520233.85,CNY,manual,u002,Accountant,False,Synthetic journal entry for audit analytics
JE000580,2025-03-17T18:57:00,Sales Returns,Revenue,69900.41,CNY,subledger,u003,Senior Accountant,False,Synthetic journal entry for audit analytics
JE000581,2025-01-15T18:33:00,Accounts Receivable,Accounts Receivable,940654.66,CNY,subledger,u002,Accountant,False,Synthetic journal entry for audit analytics
JE000582,2025-10-15T12:06:00,Cash,Inventory,21525.69,CNY,automated,batch,System,False,Synthetic journal entry for audit analytics
JE000583,2025-02-11T14:39:00,Accounts Receivable,Revenue,141258.84,CNY,manual,u002,Accountant,False,Synthetic journal entry for audit analytics
JE000584,2025-12-17T10:44:00,Sales Returns,Revenue,2588.59,CNY,automated,batch,System,False,Synthetic journal entry for audit analytics
JE000585,2025-02-09T15:52:00,Cash,Revenue,7339.78,CNY,manual,u003,Senior Accountant,False,Synthetic journal entry for audit analytics
JE000586,2025-12-27T17:04:00,Cash,Accounts Receivable,121879.47,CNY,manual,u001,Accountant,False,Synthetic journal entry for audit analytics
JE000587,2025-06-27T16:16:00,Sales Returns,Revenue,544919.03,CNY,automated,batch,System,False,Synthetic journal entry for audit analytics
JE000588,2025-08-01T10:34:00,Cash,Inventory,843774.02,CNY,automated,batch,System,False,Synthetic journal entry for audit analytics
JE000589,2025-02-26T16:42:00,Accounts Receivable,Accounts Receivable,6026.06,CNY,subledger,u002,Accountant,False,Synthetic journal entry for audit analytics
JE000590,2025-07-07T14:12:00,Cash,Accounts Receivable,117387.46,CNY,manual,u001,Accountant,False,Synthetic journal entry for audit analytics
JE000591,2025-06-28T11:53:00,Sales Returns,Revenue,143591.79,CNY,subledger,u002,Accountant,False,Synthetic journal entry for audit analytics
JE000592,2025-10-04T18:09:00,Sales Returns,Accounts Receivable,2016.79,CNY,automated,batch,System,False,Synthetic journal entry for audit analytics
JE000593,2025-07-28T11:22:00,Cash,Inventory,799705.65,CNY,subledger,u004,Controller,False,Synthetic journal entry for audit analytics
JE000594,2025-08-11T14:07:00,Accounts Receivable,Accounts Receivable,1349.85,CNY,manual,u003,Senior Accountant,False,Synthetic journal entry for audit analytics
JE000595,2025-09-07T15:07:00,Cash,Inventory,111556.37,CNY,manual,u001,Accountant,False,Synthetic journal entry for audit analytics
JE000596,2025-05-13T13:28:00,Accounts Receivable,Revenue,18081.8,CNY,manual,u001,Accountant,False,Synthetic journal entry for audit analytics
JE000597,2025-06-20T17:24:00,Accounts Receivable,Inventory,465972.66,CNY,subledger,u001,Accountant,False,Synthetic journal entry for audit analytics
JE000598,2025-02-09T15:04:00,Accounts Receivable,Inventory,59978.59,CNY,automated,batch,System,False,Synthetic journal entry for audit analytics
JE000599,2025-12-19T14:21:00,Cash,Revenue,169084.25,CNY,subledger,u003,Senior Accountant,False,Synthetic journal entry for audit analytics
JE000600,2025-11-25T14:08:00,Sales Returns,Inventory,21194.28,CNY,manual,u003,Senior Accountant,False,Synthetic journal entry for audit analytics
JE000601,2025-01-14T11:58:00,Accounts Receivable,Inventory,17765.46,CNY,manual,u002,Accountant,False,Synthetic journal entry for audit analytics
JE000602,2025-03-20T15:13:00,Cash,Accounts Receivable,173960.89,CNY,subledger,u001,Accountant,False,Synthetic journal entry for audit analytics
JE000603,2025-01-15T15:18:00,Accounts Receivable,Inventory,36261.82,CNY,manual,u001,Accountant,False,Synthetic journal entry for audit analytics
JE000604,2025-05-29T14:09:00,Accounts Receivable,Revenue,8800.6,CNY,manual,u002,Accountant,False,Synthetic journal entry for audit analytics
JE000605,2025-02-10T11:12:00,Sales Returns,Inventory,1482067.17,CNY,subledger,u001,Accountant,False,Synthetic journal entry for audit analytics
JE000606,2025-04-06T13:40:00,Accounts Receivable,Accounts Receivable,65535.22,CNY,subledger,u003,Senior Accountant,False,Synthetic journal entry for audit analytics
JE000607,2025-01-25T11:39:00,Accounts Receivable,Inventory,5027.39,CNY,manual,u003,Senior Accountant,False,Synthetic journal entry for audit analytics
JE000608,2025-03-31T08:14:00,Sales Returns,Revenue,7684.82,CNY,manual,u002,Accountant,False,Synthetic journal entry for audit analytics
JE000609,2025-09-24T10:11:00,Cash,Revenue,3661.65,CNY,manual,u002,Accountant,False,Synthetic journal entry for audit analytics
JE000610,2025-11-25T15:37:00,Sales Returns,Inventory,1832.08,CNY,automated,batch,System,False,Synthetic journal entry for audit analytics
JE000611,2025-07-02T09:35:00,Cash,Revenue,276699.27,CNY,automated,batch,System,False,Synthetic journal entry for audit analytics
JE000612,2025-06-05T13:05:00,Accounts Receivable,Revenue,5711.12,CNY,subledger,u002,Accountant,False,Synthetic journal entry for audit analytics
JE000613,2025-07-26T14:03:00,Cash,Revenue,1066.15,CNY,automated,batch,System,True,Synthetic journal entry for audit analytics
JE000614,2025-06-07T12:44:00,Accounts Receivable,Inventory,283818.2,CNY,automated,batch,System,False,Synthetic journal entry for audit analytics
JE000615,2025-03-31T08:12:00,Sales Returns,Inventory,5574.54,CNY,automated,batch,System,False,Synthetic journal entry for audit analytics
JE000616,2025-02-17T10:35:00,Sales Returns,Revenue,44763.14,CNY,subledger,u003,Senior Accountant,False,Synthetic journal entry for audit analytics
JE000617,2025-07-02T18:25:00,Sales Returns,Revenue,1255.67,CNY,automated,batch,System,False,Synthetic journal entry for audit analytics
JE000618,2025-06-17T13:53:00,Accounts Receivable,Inventory,7539.39,CNY,subledger,u003,Senior Accountant,False,Synthetic journal entry for audit analytics
JE000619,2025-12-31T16:25:00,Sales Returns,Revenue,9360.57,CNY,subledger,u002,Accountant,False,Synthetic journal entry for audit analytics
JE000620,2025-05-16T09:11:00,Sales Returns,Revenue,1562821.78,CNY,automated,batch,System,False,Synthetic journal entry for audit analytics
JE000621,2025-08-28T13:37:00,Cash,Accounts Receivable,260853.02,CNY,manual,u004,Controller,False,Synthetic journal entry for audit analytics
JE000622,2025-10-14T10:12:00,Sales Returns,Inventory,950833.91,CNY,subledger,u002,Accountant,False,Synthetic journal entry for audit analytics
JE000623,2025-02-19T12:02:00,Sales Returns,Revenue,6187.17,CNY,automated,batch,System,False,Synthetic journal entry for audit analytics
JE000624,2025-07-03T10:26:00,Sales Returns,Inventory,35265.53,CNY,manual,u004,Controller,False,Synthetic journal entry for audit analytics
JE000625,2025-02-11T18:01:00,Cash,Inventory,14808.07,CNY,manual,u001,Accountant,False,Synthetic journal entry for audit analytics
JE000626,2025-02-15T18:29:00,Sales Returns,Accounts Receivable,6853.75,CNY,subledger,u003,Senior Accountant,False,Synthetic journal entry for audit analytics
JE000627,2025-11-27T18:10:00,Cash,Inventory,48523.98,CNY,subledger,u001,Accountant,False,Synthetic journal entry for audit analytics
JE000628,2025-05-10T10:47:00,Cash,Inventory,303500.39,CNY,automated,batch,System,False,Synthetic journal entry for audit analytics
JE000629,2025-02-14T08:07:00,Sales Returns,Inventory,122379.56,CNY,automated,batch,System,False,Synthetic journal entry for audit analytics
JE000630,2025-07-23T17:25:00,Sales Returns,Inventory,32586.61,CNY,manual,u002,Accountant,False,Synthetic journal entry for audit analytics
JE000631,2025-04-06T13:38:00,Cash,Inventory,5182.09,CNY,manual,u001,Accountant,False,Synthetic journal entry for audit analytics
JE000632,2025-03-21T10:15:00,Cash,Revenue,1143.75,CNY,automated,batch,System,False,Synthetic journal entry for audit analytics
JE000633,2025-06-16T09:47:00,Cash,Inventory,122986.51,CNY,automated,batch,System,False,Synthetic journal entry for audit analytics
JE000634,2025-01-15T13:08:00,Cash,Revenue,805579.76,CNY,manual,u002,Accountant,False,Synthetic journal entry for audit analytics
JE000635,2025-11-23T17:35:00,Accounts Receivable,Accounts Receivable,216453.11,CNY,automated,batch,System,False,Synthetic journal entry for audit analytics
JE000636,2025-07-08T08:32:00,Sales Returns,Revenue,1000.49,CNY,automated,batch,System,False,Synthetic journal entry for audit analytics
JE000637,2025-12-11T14:21:00,Sales Returns,Revenue,3614.56,CNY,manual,u002,Accountant,False,Synthetic journal entry for audit analytics
JE000638,2025-03-01T18:10:00,Sales Returns,Inventory,1366784.18,CNY,manual,u002,Accountant,False,Synthetic journal entry for audit analytics
JE000639,2025-07-20T16:19:00,Cash,Inventory,20358.02,CNY,manual,u001,Accountant,False,Synthetic journal entry for audit analytics
JE000640,2025-05-28T14:26:00,Sales Returns,Accounts Receivable,16690.62,CNY,subledger,u004,Controller,False,Synthetic journal entry for audit analytics
JE000641,2025-01-29T17:42:00,Sales Returns,Revenue,130925.83,CNY,automated,batch,System,False,Synthetic journal entry for audit analytics
JE000642,2025-07-31T16:12:00,Accounts Receivable,Accounts Receivable,1755.44,CNY,subledger,u001,Accountant,False,Synthetic journal entry for audit analytics
JE000643,2025-12-10T10:19:00,Cash,Accounts Receivable,96942.3,CNY,manual,u002,Accountant,False,Synthetic journal entry for audit analytics
JE000644,2025-09-12T17:54:00,Cash,Accounts Receivable,68761.41,CNY,automated,batch,System,False,Synthetic journal entry for audit analytics
JE000645,2025-08-12T11:30:00,Accounts Receivable,Revenue,35813.4,CNY,manual,u001,Accountant,False,Synthetic journal entry for audit analytics
JE000646,2025-07-08T12:59:00,Cash,Accounts Receivable,6999.15,CNY,automated,batch,System,False,Synthetic journal entry for audit analytics
JE000647,2025-06-30T18:09:00,Sales Returns,Revenue,25296.28,CNY,automated,batch,System,False,Synthetic journal entry for audit analytics
JE000648,2025-06-24T13:08:00,Cash,Inventory,926182.79,CNY,automated,batch,System,False,Synthetic journal entry for audit analytics
JE000649,2025-10-30T18:19:00,Sales Returns,Inventory,823031.84,CNY,manual,u002,Accountant,False,Synthetic journal entry for audit analytics
JE000650,2025-11-05T08:07:00,Sales Returns,Accounts Receivable,86933.76,CNY,automated,batch,System,False,Synthetic journal entry for audit analytics
JE000651,2025-12-22T13:38:00,Cash,Revenue,112203.07,CNY,manual,u004,Controller,False,Synthetic journal entry for audit analytics
JE000652,2025-03-09T12:59:00,Cash,Revenue,18518.61,CNY,manual,u001,Accountant,False,Synthetic journal entry for audit analytics
JE000653,2025-09-05T17:30:00,Sales Returns,Accounts Receivable,5388.53,CNY,manual,u001,Accountant,False,Synthetic journal entry for audit analytics
JE000654,2025-12-22T10:38:00,Cash,Revenue,1162.44,CNY,manual,u002,Accountant,False,Synthetic journal entry for audit analytics
JE000655,2025-03-25T17:09:00,Accounts Receivable,Inventory,4589.63,CNY,subledger,u002,Accountant,False,Synthetic journal entry for audit analytics
JE000656,2025-02-14T11:25:00,Cash,Inventory,5873.93,CNY,manual,u001,Accountant,False,Synthetic journal entry for audit analytics
JE000657,2025-10-09T15:59:00,Accounts Receivable,Inventory,2602.28,CNY,subledger,u002,Accountant,False,Synthetic journal entry for audit analytics
JE000658,2025-01-18T09:46:00,Sales Returns,Inventory,697657.48,CNY,automated,batch,System,False,Synthetic journal entry for audit analytics
JE000659,2025-07-17T11:27:00,Accounts Receivable,Accounts Receivable,4134.47,CNY,automated,batch,System,False,Synthetic journal entry for audit analytics
JE000660,2025-12-20T18:50:00,Accounts Receivable,Inventory,7729.39,CNY,automated,batch,System,False,Synthetic journal entry for audit analytics
JE000661,2025-02-21T16:32:00,Cash,Inventory,134189.92,CNY,subledger,u002,Accountant,False,Synthetic journal entry for audit analytics
JE000662,2025-08-23T17:44:00,Accounts Receivable,Accounts Receivable,16459.73,CNY,manual,u003,Senior Accountant,False,Synthetic journal entry for audit analytics
JE000663,2025-12-30T11:28:00,Accounts Receivable,Accounts Receivable,20790.6,CNY,manual,u002,Accountant,False,Synthetic journal entry for audit analytics
JE000664,2025-03-29T14:28:00,Accounts Receivable,Accounts Receivable,263895.26,CNY,subledger,u003,Senior Accountant,False,Synthetic journal entry for audit analytics
JE000665,2025-02-23T13:23:00,Sales Returns,Accounts Receivable,4347.45,CNY,manual,u001,Accountant,False,Synthetic journal entry for audit analytics
JE000666,2025-05-02T16:29:00,Accounts Receivable,Revenue,2117.3,CNY,manual,u005,CFO,False,Synthetic journal entry for audit analytics
JE000667,2025-02-24T09:42:00,Accounts Receivable,Accounts Receivable,1177.92,CNY,automated,batch,System,False,Synthetic journal entry for audit analytics
JE000668,2025-05-12T17:49:00,Cash,Accounts Receivable,98606.88,CNY,subledger,u001,Accountant,False,Synthetic journal entry for audit analytics
JE000669,2025-04-18T11:11:00,Accounts Receivable,Revenue,626442.29,CNY,automated,batch,System,False,Synthetic journal entry for audit analytics
JE000670,2025-12-01T16:39:00,Cash,Accounts Receivable,598587.29,CNY,manual,u004,Controller,False,Synthetic journal entry for audit analytics
JE000671,2025-06-05T13:58:00,Accounts Receivable,Revenue,2355.24,CNY,automated,batch,System,False,Synthetic journal entry for audit analytics
JE000672,2025-02-11T18:57:00,Accounts Receivable,Revenue,5603.84,CNY,automated,batch,System,False,Synthetic journal entry for audit analytics
JE000673,2025-06-18T10:43:00,Accounts Receivable,Revenue,6533.06,CNY,manual,u001,Accountant,False,Synthetic journal entry for audit analytics
JE000674,2025-05-09T11:18:00,Sales Returns,Accounts Receivable,144312.82,CNY,manual,u003,Senior Accountant,False,Synthetic journal entry for audit analytics
JE000675,2025-08-30T18:36:00,Sales Returns,Inventory,2215.26,CNY,automated,batch,System,False,Synthetic journal entry for audit analytics
JE000676,2025-03-05T15:51:00,Accounts Receivable,Inventory,1466741.68,CNY,automated,batch,System,False,Synthetic journal entry for audit analytics
JE000677,2025-11-10T17:51:00,Accounts Receivable,Accounts Receivable,1458.81,CNY,subledger,u003,Senior Accountant,False,Synthetic journal entry for audit analytics
JE000678,2025-02-11T09:09:00,Accounts Receivable,Inventory,40529.54,CNY,automated,batch,System,False,Synthetic journal entry for audit analytics
JE000679,2025-10-11T14:57:00,Accounts Receivable,Inventory,649390.53,CNY,automated,batch,System,False,Synthetic journal entry for audit analytics
JE000680,2025-10-29T10:06:00,Cash,Inventory,185618.16,CNY,automated,batch,System,False,Synthetic journal entry for audit analytics
JE000681,2025-06-12T15:17:00,Accounts Receivable,Accounts Receivable,3707.45,CNY,subledger,u002,Accountant,False,Synthetic journal entry for audit analytics
JE000682,2025-12-24T15:14:00,Cash,Inventory,714960.04,CNY,automated,batch,System,False,Synthetic journal entry for audit analytics
JE000683,2025-08-07T13:17:00,Accounts Receivable,Accounts Receivable,7111.43,CNY,manual,u001,Accountant,False,Synthetic journal entry for audit analytics
JE000684,2025-03-08T13:21:00,Sales Returns,Revenue,1435.51,CNY,manual,u001,Accountant,False,Synthetic journal entry for audit analytics
JE000685,2025-06-27T10:05:00,Cash,Accounts Receivable,2450.15,CNY,automated,batch,System,False,Synthetic journal entry for audit analytics
JE000686,2025-07-05T13:42:00,Cash,Accounts Receivable,3581.51,CNY,automated,batch,System,False,Synthetic journal entry for audit analytics
JE000687,2025-07-12T17:34:00,Accounts Receivable,Revenue,638606.23,CNY,automated,batch,System,False,Synthetic journal entry for audit analytics
JE000688,2025-10-09T08:34:00,Cash,Accounts Receivable,1162.27,CNY,manual,u002,Accountant,False,Synthetic journal entry for audit analytics
JE000689,2025-02-19T13:40:00,Cash,Inventory,220153.99,CNY,subledger,u001,Accountant,False,Synthetic journal entry for audit analytics
JE000690,2025-12-04T08:15:00,Accounts Receivable,Accounts Receivable,1463619.89,CNY,manual,u003,Senior Accountant,False,Synthetic journal entry for audit analytics
JE000691,2025-11-08T12:26:00,Cash,Accounts Receivable,599649.45,CNY,automated,batch,System,False,Synthetic journal entry for audit analytics
JE000692,2025-08-29T12:18:00,Cash,Inventory,1131.85,CNY,automated,batch,System,False,Synthetic journal entry for audit analytics
JE000693,2025-09-28T11:33:00,Cash,Revenue,3274.81,CNY,manual,u003,Senior Accountant,False,Synthetic journal entry for audit analytics
JE000694,2025-06-26T18:04:00,Sales Returns,Accounts Receivable,221911.34,CNY,automated,batch,System,False,Synthetic journal entry for audit analytics
JE000695,2025-01-11T15:02:00,Accounts Receivable,Revenue,24178.89,CNY,subledger,u002,Accountant,False,Synthetic journal entry for audit analytics
JE000696,2025-12-12T08:01:00,Cash,Inventory,159303.38,CNY,subledger,u002,Accountant,False,Synthetic journal entry for audit analytics
JE000697,2025-08-24T08:15:00,Accounts Receivable,Inventory,1578673.71,CNY,automated,batch,System,False,Synthetic journal entry for audit analytics
JE000698,2025-01-05T15:29:00,Cash,Revenue,67846.9,CNY,automated,batch,System,False,Synthetic journal entry for audit analytics
JE000699,2025-03-07T18:36:00,Cash,Accounts Receivable,104982.93,CNY,automated,batch,System,False,Synthetic journal entry for audit analytics
JE000700,2025-10-24T13:44:00,Sales Returns,Revenue,1723.55,CNY,automated,batch,System,False,Synthetic journal entry for audit analytics
JE000701,2025-09-24T09:56:00,Sales Returns,Accounts Receivable,5152.09,CNY,manual,u002,Accountant,False,Synthetic journal entry for audit analytics
JE000702,2025-05-10T09:28:00,Accounts Receivable,Inventory,15683.7,CNY,subledger,u001,Accountant,False,Synthetic journal entry for audit analytics
JE000703,2025-08-06T13:49:00,Cash,Inventory,28738.7,CNY,automated,batch,System,False,Synthetic journal entry for audit analytics
JE000704,2025-01-17T14:05:00,Cash,Accounts Receivable,513892.52,CNY,manual,u002,Accountant,False,Synthetic journal entry for audit analytics
JE000705,2025-01-17T16:32:00,Cash,Inventory,54959.46,CNY,automated,batch,System,False,Synthetic journal entry for audit analytics
JE000706,2025-09-23T18:58:00,Sales Returns,Revenue,107222.61,CNY,automated,batch,System,False,Synthetic journal entry for audit analytics
JE000707,2025-02-08T10:58:00,Sales Returns,Accounts Receivable,1929.06,CNY,manual,u002,Accountant,False,Synthetic journal entry for audit analytics
JE000708,2025-03-21T17:19:00,Sales Returns,Accounts Receivable,669932.59,CNY,manual,u001,Accountant,False,Synthetic journal entry for audit analytics
JE000709,2025-02-13T15:31:00,Accounts Receivable,Revenue,54872.14,CNY,manual,u003,Senior Accountant,False,Synthetic journal entry for audit analytics
JE000710,2025-11-08T12:38:00,Accounts Receivable,Accounts Receivable,52318.21,CNY,manual,u002,Accountant,False,Synthetic journal entry for audit analytics
JE000711,2025-04-08T10:24:00,Cash,Accounts Receivable,384081.13,CNY,manual,u001,Accountant,False,Synthetic journal entry for audit analytics
JE000712,2025-07-25T15:21:00,Accounts Receivable,Revenue,221086.92,CNY,automated,batch,System,False,Synthetic journal entry for audit analytics
JE000713,2025-01-30T14:43:00,Sales Returns,Accounts Receivable,493868.55,CNY,manual,u001,Accountant,False,Synthetic journal entry for audit analytics
JE000714,2025-10-23T11:10:00,Accounts Receivable,Accounts Receivable,1785.4,CNY,manual,u002,Accountant,False,Synthetic journal entry for audit analytics
JE000715,2025-06-07T17:47:00,Accounts Receivable,Inventory,163156.24,CNY,automated,batch,System,False,Synthetic journal entry for audit analytics
JE000716,2025-01-18T08:44:00,Accounts Receivable,Accounts Receivable,696772.64,CNY,automated,batch,System,False,Synthetic journal entry for audit analytics
JE000717,2025-07-12T12:51:00,Cash,Accounts Receivable,10992.81,CNY,manual,u002,Accountant,False,Synthetic journal entry for audit analytics
JE000718,2025-04-16T15:59:00,Accounts Receivable,Accounts Receivable,1624.66,CNY,automated,batch,System,False,Synthetic journal entry for audit analytics
JE000719,2025-10-06T12:03:00,Accounts Receivable,Revenue,10947.19,CNY,manual,u002,Accountant,False,Synthetic journal entry for audit analytics
JE000720,2025-04-13T09:02:00,Accounts Receivable,Inventory,491100.77,CNY,manual,u001,Accountant,False,Synthetic journal entry for audit analytics
JE000721,2025-03-24T16:38:00,Accounts Receivable,Revenue,4731.32,CNY,subledger,u001,Accountant,False,Synthetic journal entry for audit analytics
JE000722,2025-10-04T16:33:00,Cash,Accounts Receivable,18340.38,CNY,automated,batch,System,False,Synthetic journal entry for audit analytics
JE000723,2025-05-23T15:46:00,Cash,Inventory,61352.56,CNY,manual,u001,Accountant,False,Synthetic journal entry for audit analytics
JE000724,2025-12-19T18:46:00,Cash,Revenue,42649.49,CNY,subledger,u003,Senior Accountant,False,Synthetic journal entry for audit analytics
JE000725,2025-10-27T15:30:00,Sales Returns,Revenue,30374.34,CNY,manual,u003,Senior Accountant,False,Synthetic journal entry for audit analytics
JE000726,2025-11-19T17:21:00,Sales Returns,Inventory,399448.29,CNY,manual,u002,Accountant,False,Synthetic journal entry for audit analytics
JE000727,2025-11-25T14:33:00,Sales Returns,Inventory,35747.21,CNY,manual,u001,Accountant,False,Synthetic journal entry for audit analytics
JE000728,2025-02-09T18:32:00,Cash,Inventory,206397.36,CNY,automated,batch,System,False,Synthetic journal entry for audit analytics
JE000729,2025-12-19T09:54:00,Sales Returns,Inventory,5673.18,CNY,automated,batch,System,False,Synthetic journal entry for audit analytics
JE000730,2025-11-13T10:00:00,Cash,Revenue,15706.63,CNY,automated,batch,System,False,Synthetic journal entry for audit analytics
JE000731,2025-06-08T10:38:00,Sales Returns,Inventory,5123.89,CNY,manual,u001,Accountant,False,Synthetic journal entry for audit analytics
JE000732,2025-12-13T14:28:00,Sales Returns,Inventory,2920.72,CNY,manual,u002,Accountant,False,Synthetic journal entry for audit analytics
JE000733,2025-06-14T08:19:00,Sales Returns,Revenue,2427.65,CNY,manual,u001,Accountant,False,Synthetic journal entry for audit analytics
JE000734,2025-09-09T14:52:00,Sales Returns,Accounts Receivable,501044.34,CNY,manual,u004,Controller,False,Synthetic journal entry for audit analytics
JE000735,2025-03-27T15:14:00,Sales Returns,Accounts Receivable,199441.26,CNY,automated,batch,System,False,Synthetic journal entry for audit analytics
JE000736,2025-11-19T15:43:00,Accounts Receivable,Inventory,14588.31,CNY,automated,batch,System,False,Synthetic journal entry for audit analytics
JE000737,2025-09-06T08:18:00,Cash,Revenue,25916.08,CNY,automated,batch,System,False,Synthetic journal entry for audit analytics
JE000738,2025-03-03T14:32:00,Sales Returns,Inventory,269271.1,CNY,manual,u001,Accountant,False,Synthetic journal entry for audit analytics
JE000739,2025-05-01T13:44:00,Cash,Inventory,7770.44,CNY,manual,u003,Senior Accountant,False,Synthetic journal entry for audit analytics
JE000740,2025-06-27T18:15:00,Sales Returns,Revenue,1101589.38,CNY,manual,u003,Senior Accountant,False,Synthetic journal entry for audit analytics
JE000741,2025-11-06T09:17:00,Sales Returns,Revenue,10840.13,CNY,automated,batch,System,False,Synthetic journal entry for audit analytics
JE000742,2025-05-19T08:28:00,Accounts Receivable,Inventory,2715.63,CNY,manual,u003,Senior Accountant,False,Synthetic journal entry for audit analytics
JE000743,2025-12-22T18:04:00,Accounts Receivable,Accounts Receivable,226471.31,CNY,manual,u004,Controller,False,Synthetic journal entry for audit analytics
JE000744,2025-02-23T18:05:00,Accounts Receivable,Accounts Receivable,814998.09,CNY,automated,batch,System,False,Synthetic journal entry for audit analytics
JE000745,2025-12-22T10:03:00,Accounts Receivable,Accounts Receivable,1158218.26,CNY,subledger,u002,Accountant,False,Synthetic journal entry for audit analytics
JE000746,2025-09-05T18:54:00,Cash,Inventory,34755.4,CNY,subledger,u002,Accountant,False,Synthetic journal entry for audit analytics
JE000747,2025-10-02T09:01:00,Cash,Inventory,121542.65,CNY,subledger,u001,Accountant,False,Synthetic journal entry for audit analytics
JE000748,2025-11-13T12:05:00,Accounts Receivable,Inventory,1435.12,CNY,subledger,u003,Senior Accountant,False,Synthetic journal entry for audit analytics
JE000749,2025-09-06T14:04:00,Cash,Revenue,3045.26,CNY,manual,u003,Senior Accountant,False,Synthetic journal entry for audit analytics
JE000750,2025-01-08T18:09:00,Accounts Receivable,Inventory,12382.59,CNY,manual,u003,Senior Accountant,False,Synthetic journal entry for audit analytics
JE000751,2025-09-21T10:03:00,Accounts Receivable,Inventory,10445.29,CNY,manual,u002,Accountant,False,Synthetic journal entry for audit analytics
JE000752,2025-09-10T18:26:00,Accounts Receivable,Inventory,4219.81,CNY,automated,batch,System,False,Synthetic journal entry for audit analytics
JE000753,2025-08-31T09:04:00,Cash,Inventory,1513.39,CNY,automated,batch,System,False,Synthetic journal entry for audit analytics
JE000754,2025-02-09T13:47:00,Cash,Revenue,11953.57,CNY,manual,u004,Controller,False,Synthetic journal entry for audit analytics
JE000755,2025-04-07T10:45:00,Sales Returns,Inventory,10727.26,CNY,manual,u002,Accountant,False,Synthetic journal entry for audit analytics
JE000756,2025-10-20T17:48:00,Cash,Accounts Receivable,12081.61,CNY,manual,u004,Controller,False,Synthetic journal entry for audit analytics
JE000757,2025-08-25T14:30:00,Accounts Receivable,Revenue,7043.97,CNY,manual,u003,Senior Accountant,False,Synthetic journal entry for audit analytics
JE000758,2025-10-27T13:39:00,Sales Returns,Inventory,21870.76,CNY,automated,batch,System,False,Synthetic journal entry for audit analytics
JE000759,2025-08-20T17:54:00,Cash,Accounts Receivable,3773.15,CNY,manual,u001,Accountant,False,Synthetic journal entry for audit analytics
JE000760,2025-04-15T13:12:00,Sales Returns,Accounts Receivable,48141.58,CNY,automated,batch,System,False,Synthetic journal entry for audit analytics
JE000761,2025-12-08T17:43:00,Accounts Receivable,Inventory,277048.06,CNY,manual,u002,Accountant,False,Synthetic journal entry for audit analytics
JE000762,2025-09-06T10:10:00,Cash,Accounts Receivable,193922.15,CNY,automated,batch,System,False,Synthetic journal entry for audit analytics
JE000763,2025-01-18T17:30:00,Cash,Inventory,7623.81,CNY,manual,u004,Controller,False,Synthetic journal entry for audit analytics
JE000764,2025-07-27T16:39:00,Cash,Inventory,160433.27,CNY,automated,batch,System,False,Synthetic journal entry for audit analytics
JE000765,2025-05-27T16:28:00,Sales Returns,Revenue,194695.8,CNY,manual,u003,Senior Accountant,False,Synthetic journal entry for audit analytics
JE000766,2025-11-27T12:36:00,Cash,Accounts Receivable,3069.6,CNY,manual,u004,Controller,False,Synthetic journal entry for audit analytics
JE000767,2025-10-02T14:28:00,Sales Returns,Accounts Receivable,75730.93,CNY,automated,batch,System,False,Synthetic journal entry for audit analytics
JE000768,2025-01-30T11:56:00,Cash,Accounts Receivable,32788.47,CNY,subledger,u002,Accountant,False,Synthetic journal entry for audit analytics
JE000769,2025-02-19T08:23:00,Cash,Inventory,69626.57,CNY,subledger,u004,Controller,False,Synthetic journal entry for audit analytics
JE000770,2025-05-21T08:18:00,Cash,Inventory,145277.15,CNY,manual,u002,Accountant,False,Synthetic journal entry for audit analytics
JE000771,2025-03-15T11:28:00,Accounts Receivable,Inventory,247775.08,CNY,manual,u002,Accountant,False,Synthetic journal entry for audit analytics
JE000772,2025-12-04T13:22:00,Sales Returns,Accounts Receivable,982293.94,CNY,automated,batch,System,False,Synthetic journal entry for audit analytics
JE000773,2025-03-05T10:48:00,Cash,Revenue,6554.43,CNY,automated,batch,System,False,Synthetic journal entry for audit analytics
JE000774,2025-04-23T13:01:00,Sales Returns,Inventory,4090.48,CNY,automated,batch,System,False,Synthetic journal entry for audit analytics
JE000775,2025-04-28T17:09:00,Cash,Accounts Receivable,61890.95,CNY,subledger,u001,Accountant,False,Synthetic journal entry for audit analytics
JE000776,2025-12-14T14:55:00,Accounts Receivable,Revenue,5343.25,CNY,automated,batch,System,False,Synthetic journal entry for audit analytics
JE000777,2025-04-21T12:46:00,Sales Returns,Revenue,3181.14,CNY,subledger,u001,Accountant,False,Synthetic journal entry for audit analytics
JE000778,2025-12-30T23:15:00,Other Receivables,Other Income,2000000,CNY,manual,u005,CFO,False,Synthetic journal entry for audit analytics
JE000779,2025-04-27T11:08:00,Sales Returns,Accounts Receivable,11508.25,CNY,manual,u001,Accountant,False,Synthetic journal entry for audit analytics
JE000780,2025-06-22T13:52:00,Cash,Accounts Receivable,185704.65,CNY,automated,batch,System,False,Synthetic journal entry for audit analytics
JE000781,2025-12-31T18:10:00,Cash,Accounts Receivable,55505.61,CNY,subledger,u002,Accountant,False,Synthetic journal entry for audit analytics
JE000782,2025-04-11T17:53:00,Cash,Revenue,2514.95,CNY,manual,u003,Senior Accountant,False,Synthetic journal entry for audit analytics
JE000783,2025-08-31T17:08:00,Sales Returns,Inventory,17427.85,CNY,manual,u001,Accountant,False,Synthetic journal entry for audit analytics
JE000784,2025-12-17T08:17:00,Sales Returns,Inventory,39061.62,CNY,manual,u001,Accountant,False,Synthetic journal entry for audit analytics
JE000785,2025-06-18T15:04:00,Accounts Receivable,Accounts Receivable,1636.37,CNY,subledger,u001,Accountant,False,Synthetic journal entry for audit analytics
JE000786,2025-01-23T14:18:00,Accounts Receivable,Revenue,7147.7,CNY,subledger,u003,Senior Accountant,False,Synthetic journal entry for audit analytics
JE000787,2025-05-01T14:18:00,Accounts Receivable,Accounts Receivable,1405257.77,CNY,manual,u003,Senior Accountant,False,Synthetic journal entry for audit analytics
JE000788,2025-05-21T13:17:00,Cash,Accounts Receivable,4443.76,CNY,automated,batch,System,False,Synthetic journal entry for audit analytics
JE000789,2025-05-26T11:44:00,Sales Returns,Inventory,8010.23,CNY,subledger,u004,Controller,False,Synthetic journal entry for audit analytics
JE000790,2025-05-23T11:59:00,Accounts Receivable,Revenue,226272.71,CNY,subledger,u002,Accountant,False,Synthetic journal entry for audit analytics
JE000791,2025-03-12T16:09:00,Cash,Accounts Receivable,5374.5,CNY,manual,u004,Controller,False,Synthetic journal entry for audit analytics
JE000792,2025-06-07T14:32:00,Accounts Receivable,Accounts Receivable,6457.19,CNY,manual,u003,Senior Accountant,False,Synthetic journal entry for audit analytics
JE000793,2025-10-07T17:46:00,Sales Returns,Accounts Receivable,16506.53,CNY,automated,batch,System,False,Synthetic journal entry for audit analytics
JE000794,2025-04-10T11:38:00,Sales Returns,Accounts Receivable,17144.45,CNY,subledger,u002,Accountant,False,Synthetic journal entry for audit analytics
JE000795,2025-04-20T17:13:00,Accounts Receivable,Accounts Receivable,18245.24,CNY,manual,u001,Accountant,False,Synthetic journal entry for audit analytics
JE000796,2025-09-28T13:17:00,Accounts Receivable,Accounts Receivable,4825.91,CNY,automated,batch,System,False,Synthetic journal entry for audit analytics
JE000797,2025-12-07T15:29:00,Sales Returns,Inventory,471142.24,CNY,manual,u004,Controller,False,Synthetic journal entry for audit analytics
JE000798,2025-10-07T13:28:00,Accounts Receivable,Inventory,64638.26,CNY,manual,u003,Senior Accountant,False,Synthetic journal entry for audit analytics
JE000799,2025-12-30T11:01:00,Cash,Inventory,92950.78,CNY,subledger,u002,Accountant,False,Synthetic journal entry for audit analytics
JE000800,2025-05-19T13:59:00,Sales Returns,Inventory,14998.43,CNY,automated,batch,System,False,Synthetic journal entry for audit analytics
JE000801,2025-07-13T12:32:00,Accounts Receivable,Revenue,240360.63,CNY,automated,batch,System,False,Synthetic journal entry for audit analytics
JE000802,2025-08-21T11:39:00,Sales Returns,Revenue,1196474.64,CNY,manual,u003,Senior Accountant,False,Synthetic journal entry for audit analytics
JE000803,2025-01-30T12:39:00,Accounts Receivable,Inventory,9387.26,CNY,manual,u001,Accountant,False,Synthetic journal entry for audit analytics
JE000804,2025-06-24T11:29:00,Sales Returns,Accounts Receivable,2040.45,CNY,manual,u004,Controller,False,Synthetic journal entry for audit analytics
JE000805,2025-09-24T16:26:00,Sales Returns,Accounts Receivable,66037.43,CNY,automated,batch,System,False,Synthetic journal entry for audit analytics
JE000806,2025-11-03T10:24:00,Accounts Receivable,Revenue,1442618.23,CNY,manual,u001,Accountant,False,Synthetic journal entry for audit analytics
JE000807,2025-08-23T08:06:00,Cash,Accounts Receivable,111819.66,CNY,manual,u001,Accountant,False,Synthetic journal entry for audit analytics
JE000808,2025-07-07T15:01:00,Accounts Receivable,Revenue,1340.32,CNY,subledger,u004,Controller,False,Synthetic journal entry for audit analytics
JE000809,2025-08-02T10:41:00,Accounts Receivable,Accounts Receivable,744421.11,CNY,manual,u002,Accountant,False,Synthetic journal entry for audit analytics
JE000810,2025-01-23T13:08:00,Cash,Revenue,492402.07,CNY,subledger,u001,Accountant,False,Synthetic journal entry for audit analytics
JE000811,2025-06-18T09:14:00,Cash,Revenue,94986.92,CNY,automated,batch,System,False,Synthetic journal entry for audit analytics
JE000812,2025-12-16T16:52:00,Cash,Revenue,257000.44,CNY,automated,batch,System,False,Synthetic journal entry for audit analytics
JE000813,2025-10-27T14:17:00,Cash,Accounts Receivable,13962.16,CNY,automated,batch,System,False,Synthetic journal entry for audit analytics
JE000814,2025-01-05T09:42:00,Sales Returns,Accounts Receivable,515389.3,CNY,automated,batch,System,False,Synthetic journal entry for audit analytics
JE000815,2025-05-22T10:31:00,Accounts Receivable,Accounts Receivable,482029.19,CNY,manual,u001,Accountant,False,Synthetic journal entry for audit analytics
JE000816,2025-12-28T13:57:00,Accounts Receivable,Inventory,1023428.95,CNY,automated,batch,System,False,Synthetic journal entry for audit analytics
JE000817,2025-03-30T17:45:00,Accounts Receivable,Inventory,4705.1,CNY,subledger,u003,Senior Accountant,False,Synthetic journal entry for audit analytics
JE000818,2025-03-01T11:46:00,Sales Returns,Accounts Receivable,947638.3,CNY,subledger,u002,Accountant,False,Synthetic journal entry for audit analytics
JE000819,2025-01-23T18:24:00,Sales Returns,Inventory,554403.97,CNY,subledger,u002,Accountant,False,Synthetic journal entry for audit analytics
JE000820,2025-10-31T15:56:00,Cash,Revenue,203026.91,CNY,manual,u003,Senior Accountant,False,Synthetic journal entry for audit analytics
JE000821,2025-06-07T14:41:00,Cash,Accounts Receivable,9612.1,CNY,manual,u002,Accountant,False,Synthetic journal entry for audit analytics
JE000822,2025-11-13T18:46:00,Accounts Receivable,Inventory,11269.23,CNY,subledger,u001,Accountant,False,Synthetic journal entry for audit analytics
JE000823,2025-03-27T12:48:00,Cash,Revenue,33355.94,CNY,manual,u003,Senior Accountant,False,Synthetic journal entry for audit analytics
JE000824,2025-10-31T18:22:00,Cash,Accounts Receivable,284882.73,CNY,subledger,u003,Senior Accountant,False,Synthetic journal entry for audit analytics
JE000825,2025-12-19T14:41:00,Sales Returns,Inventory,1152.1,CNY,subledger,u004,Controller,False,Synthetic journal entry for audit analytics
JE000826,2025-03-30T09:21:00,Accounts Receivable,Accounts Receivable,1082.41,CNY,manual,u002,Accountant,False,Synthetic journal entry for audit analytics
JE000827,2025-12-28T10:18:00,Accounts Receivable,Inventory,30202.67,CNY,automated,batch,System,False,Synthetic journal entry for audit analytics
JE000828,2025-08-16T11:35:00,Accounts Receivable,Revenue,1116.64,CNY,manual,u003,Senior Accountant,False,Synthetic journal entry for audit analytics
JE000829,2025-11-15T11:05:00,Accounts Receivable,Revenue,825856.53,CNY,subledger,u002,Accountant,False,Synthetic journal entry for audit analytics
JE000830,2025-02-15T13:45:00,Sales Returns,Accounts Receivable,1277.53,CNY,manual,u001,Accountant,False,Synthetic journal entry for audit analytics
JE000831,2025-08-29T15:39:00,Accounts Receivable,Inventory,16820.23,CNY,automated,batch,System,False,Synthetic journal entry for audit analytics
JE000832,2025-10-18T13:19:00,Cash,Accounts Receivable,16612.99,CNY,manual,u002,Accountant,False,Synthetic journal entry for audit analytics
JE000833,2025-02-24T18:49:00,Accounts Receivable,Revenue,89863.3,CNY,automated,batch,System,False,Synthetic journal entry for audit analytics
JE000834,2025-08-09T14:55:00,Sales Returns,Revenue,1779.76,CNY,manual,u001,Accountant,False,Synthetic journal entry for audit analytics
JE000835,2025-08-29T15:53:00,Sales Returns,Inventory,357848.29,CNY,subledger,u002,Accountant,False,Synthetic journal entry for audit analytics
JE000836,2025-06-28T16:16:00,Sales Returns,Revenue,7115.78,CNY,automated,batch,System,False,Synthetic journal entry for audit analytics
JE000837,2025-01-13T13:56:00,Sales Returns,Revenue,266357.31,CNY,subledger,u003,Senior Accountant,False,Synthetic journal entry for audit analytics
JE000838,2025-03-11T09:54:00,Accounts Receivable,Accounts Receivable,59782.28,CNY,automated,batch,System,False,Synthetic journal entry for audit analytics
JE000839,2025-09-25T18:16:00,Sales Returns,Accounts Receivable,32320.6,CNY,manual,u001,Accountant,False,Synthetic journal entry for audit analytics
JE000840,2025-01-03T10:43:00,Sales Returns,Inventory,4912.5,CNY,automated,batch,System,False,Synthetic journal entry for audit analytics
JE000841,2025-05-06T18:43:00,Sales Returns,Accounts Receivable,1439.98,CNY,manual,u002,Accountant,False,Synthetic journal entry for audit analytics
JE000842,2025-02-08T09:32:00,Sales Returns,Inventory,1109.77,CNY,manual,u003,Senior Accountant,False,Synthetic journal entry for audit analytics
JE000843,2025-05-24T18:12:00,Accounts Receivable,Accounts Receivable,230882.69,CNY,automated,batch,System,False,Synthetic journal entry for audit analytics
JE000844,2025-01-17T18:01:00,Sales Returns,Accounts Receivable,1060.1,CNY,manual,u001,Accountant,False,Synthetic journal entry for audit analytics
JE000845,2025-08-31T14:35:00,Sales Returns,Inventory,4382.71,CNY,manual,u001,Accountant,False,Synthetic journal entry for audit analytics
JE000846,2025-08-25T13:18:00,Accounts Receivable,Accounts Receivable,1491.08,CNY,automated,batch,System,False,Synthetic journal entry for audit analytics
JE000847,2025-09-06T13:16:00,Sales Returns,Inventory,5205.46,CNY,automated,batch,System,False,Synthetic journal entry for audit analytics
JE000848,2025-03-28T14:44:00,Sales Returns,Accounts Receivable,71745.48,CNY,automated,batch,System,False,Synthetic journal entry for audit analytics
JE000849,2025-05-30T09:20:00,Cash,Revenue,1372.06,CNY,automated,batch,System,False,Synthetic journal entry for audit analytics
JE000850,2025-08-05T13:10:00,Cash,Revenue,7505.45,CNY,automated,batch,System,False,Synthetic journal entry for audit analytics
JE000851,2025-06-17T16:25:00,Sales Returns,Inventory,140429.44,CNY,manual,u002,Accountant,False,Synthetic journal entry for audit analytics
JE000852,2025-02-14T16:19:00,Accounts Receivable,Inventory,168818.6,CNY,subledger,u001,Accountant,False,Synthetic journal entry for audit analytics
JE000853,2025-03-24T13:45:00,Cash,Inventory,55055.09,CNY,manual,u002,Accountant,False,Synthetic journal entry for audit analytics
JE000854,2025-05-25T17:22:00,Sales Returns,Inventory,1545.89,CNY,subledger,u001,Accountant,False,Synthetic journal entry for audit analytics
JE000855,2025-10-12T09:45:00,Cash,Accounts Receivable,7746.51,CNY,automated,batch,System,False,Synthetic journal entry for audit analytics
JE000856,2025-01-07T10:31:00,Accounts Receivable,Inventory,252324.37,CNY,subledger,u002,Accountant,False,Synthetic journal entry for audit analytics
JE000857,2025-06-06T13:33:00,Sales Returns,Revenue,8550.85,CNY,automated,batch,System,False,Synthetic journal entry for audit analytics
JE000858,2025-11-02T15:43:00,Sales Returns,Accounts Receivable,71446.45,CNY,manual,u001,Accountant,False,Synthetic journal entry for audit analytics
JE000859,2025-01-07T15:29:00,Sales Returns,Inventory,1814.14,CNY,automated,batch,System,False,Synthetic journal entry for audit analytics
JE000860,2025-10-29T08:39:00,Cash,Revenue,1548450.09,CNY,subledger,u002,Accountant,False,Synthetic journal entry for audit analytics
JE000861,2025-04-03T18:14:00,Cash,Inventory,969578.58,CNY,manual,u001,Accountant,False,Synthetic journal entry for audit analytics
JE000862,2025-02-13T12:42:00,Sales Returns,Inventory,1428.4,CNY,automated,batch,System,False,Synthetic journal entry for audit analytics
JE000863,2025-06-07T16:33:00,Sales Returns,Inventory,486510.17,CNY,automated,batch,System,False,Synthetic journal entry for audit analytics
JE000864,2025-10-09T16:45:00,Cash,Inventory,258076.56,CNY,automated,batch,System,False,Synthetic journal entry for audit analytics
JE000865,2025-10-22T17:18:00,Accounts Receivable,Accounts Receivable,119347.71,CNY,manual,u003,Senior Accountant,False,Synthetic journal entry for audit analytics
JE000866,2025-04-22T12:25:00,Sales Returns,Accounts Receivable,28821.89,CNY,automated,batch,System,False,Synthetic journal entry for audit analytics
JE000867,2025-01-21T12:44:00,Sales Returns,Inventory,8364.5,CNY,manual,u003,Senior Accountant,False,Synthetic journal entry for audit analytics
JE000868,2025-12-26T15:51:00,Accounts Receivable,Accounts Receivable,20048.78,CNY,manual,u003,Senior Accountant,False,Synthetic journal entry for audit analytics
JE000869,2025-02-17T12:57:00,Cash,Accounts Receivable,23391.18,CNY,manual,u002,Accountant,False,Synthetic journal entry for audit analytics
JE000870,2025-12-18T11:12:00,Sales Returns,Revenue,85978.14,CNY,automated,batch,System,False,Synthetic journal entry for audit analytics
JE000871,2025-11-12T12:19:00,Cash,Accounts Receivable,95203.06,CNY,manual,u002,Accountant,False,Synthetic journal entry for audit analytics
JE000872,2025-10-16T15:01:00,Cash,Inventory,31550.1,CNY,manual,u001,Accountant,False,Synthetic journal entry for audit analytics
JE000873,2025-01-30T09:37:00,Cash,Revenue,93965.46,CNY,automated,batch,System,False,Synthetic journal entry for audit analytics
JE000874,2025-02-21T11:03:00,Accounts Receivable,Accounts Receivable,1193604.49,CNY,subledger,u001,Accountant,False,Synthetic journal entry for audit analytics
JE000875,2025-12-20T12:40:00,Cash,Inventory,4161.03,CNY,subledger,u003,Senior Accountant,False,Synthetic journal entry for audit analytics
JE000876,2025-08-02T09:44:00,Cash,Accounts Receivable,4780.62,CNY,manual,u001,Accountant,False,Synthetic journal entry for audit analytics
JE000877,2025-04-01T14:52:00,Sales Returns,Accounts Receivable,17342.07,CNY,manual,u001,Accountant,False,Synthetic journal entry for audit analytics
JE000878,2025-08-10T13:47:00,Sales Returns,Revenue,5457.95,CNY,subledger,u002,Accountant,False,Synthetic journal entry for audit analytics
JE000879,2025-11-26T13:00:00,Cash,Inventory,85349.59,CNY,manual,u001,Accountant,False,Synthetic journal entry for audit analytics
JE000880,2025-10-09T10:10:00,Cash,Revenue,1018875.49,CNY,subledger,u003,Senior Accountant,False,Synthetic journal entry for audit analytics
JE000881,2025-08-22T11:16:00,Accounts Receivable,Accounts Receivable,2098.35,CNY,subledger,u003,Senior Accountant,False,Synthetic journal entry for audit analytics
JE000882,2025-08-17T16:43:00,Accounts Receivable,Inventory,20908.99,CNY,subledger,u001,Accountant,False,Synthetic journal entry for audit analytics
JE000883,2025-05-21T09:53:00,Cash,Inventory,4151.54,CNY,automated,batch,System,False,Synthetic journal entry for audit analytics
JE000884,2025-08-24T10:27:00,Cash,Inventory,19043.99,CNY,automated,batch,System,False,Synthetic journal entry for audit analytics
JE000885,2025-06-10T08:12:00,Cash,Inventory,382608.91,CNY,manual,u001,Accountant,False,Synthetic journal entry for audit analytics
JE000886,2025-09-03T18:54:00,Accounts Receivable,Inventory,17483.97,CNY,subledger,u002,Accountant,False,Synthetic journal entry for audit analytics
JE000887,2025-06-07T10:29:00,Sales Returns,Revenue,6846.34,CNY,subledger,u001,Accountant,False,Synthetic journal entry for audit analytics
JE000888,2025-11-30T14:44:00,Accounts Receivable,Accounts Receivable,50580.17,CNY,subledger,u003,Senior Accountant,False,Synthetic journal entry for audit analytics
JE000889,2025-11-21T11:10:00,Cash,Inventory,504026.27,CNY,manual,u002,Accountant,False,Synthetic journal entry for audit analytics
JE000890,2025-04-30T11:28:00,Sales Returns,Accounts Receivable,396120.36,CNY,subledger,u002,Accountant,False,Synthetic journal entry for audit analytics
JE000891,2025-02-24T09:51:00,Cash,Accounts Receivable,1485546.7,CNY,manual,u001,Accountant,False,Synthetic journal entry for audit analytics
JE000892,2025-05-03T17:32:00,Cash,Inventory,166363.51,CNY,subledger,u001,Accountant,False,Synthetic journal entry for audit analytics
JE000893,2025-10-14T14:00:00,Cash,Revenue,1213.15,CNY,manual,u003,Senior Accountant,False,Synthetic journal entry for audit analytics
JE000894,2025-10-16T11:43:00,Cash,Revenue,4029.53,CNY,manual,u002,Accountant,False,Synthetic journal entry for audit analytics
JE000895,2025-03-24T14:21:00,Cash,Accounts Receivable,9472.14,CNY,automated,batch,System,False,Synthetic journal entry for audit analytics
JE000896,2025-05-17T17:33:00,Cash,Inventory,389685.04,CNY,automated,batch,System,False,Synthetic journal entry for audit analytics
JE000897,2025-09-10T16:47:00,Accounts Receivable,Accounts Receivable,362806.56,CNY,manual,u002,Accountant,False,Synthetic journal entry for audit analytics
JE000898,2025-09-08T09:16:00,Sales Returns,Revenue,314419.47,CNY,manual,u003,Senior Accountant,False,Synthetic journal entry for audit analytics
JE000899,2025-10-05T16:25:00,Accounts Receivable,Accounts Receivable,42853.56,CNY,subledger,u003,Senior Accountant,False,Synthetic journal entry for audit analytics
JE000900,2025-10-04T09:37:00,Accounts Receivable,Inventory,345863.34,CNY,manual,u002,Accountant,False,Synthetic journal entry for audit analytics
JE000901,2025-07-27T18:58:00,Cash,Accounts Receivable,138768.3,CNY,manual,u001,Accountant,False,Synthetic journal entry for audit analytics
JE000902,2025-08-30T13:58:00,Sales Returns,Accounts Receivable,1753.79,CNY,manual,u001,Accountant,False,Synthetic journal entry for audit analytics
JE000903,2025-05-12T14:41:00,Sales Returns,Revenue,8733.86,CNY,subledger,u004,Controller,False,Synthetic journal entry for audit analytics
JE000904,2025-08-06T08:27:00,Cash,Inventory,1558927.91,CNY,automated,batch,System,False,Synthetic journal entry for audit analytics
JE000905,2025-04-20T17:58:00,Sales Returns,Accounts Receivable,32720.9,CNY,manual,u001,Accountant,False,Synthetic journal entry for audit analytics
JE000906,2025-09-09T14:29:00,Sales Returns,Revenue,295727.9,CNY,automated,batch,System,False,Synthetic journal entry for audit analytics
JE000907,2025-07-20T13:51:00,Cash,Revenue,20936.89,CNY,automated,batch,System,False,Synthetic journal entry for audit analytics
JE000908,2025-08-23T08:30:00,Cash,Revenue,21716.77,CNY,manual,u001,Accountant,False,Synthetic journal entry for audit analytics
JE000909,2025-02-07T18:04:00,Sales Returns,Inventory,257837.84,CNY,manual,u004,Controller,False,Synthetic journal entry for audit analytics
JE000910,2025-03-19T14:34:00,Sales Returns,Accounts Receivable,2437.54,CNY,automated,batch,System,False,Synthetic journal entry for audit analytics
JE000911,2025-12-29T12:53:00,Sales Returns,Accounts Receivable,14453.36,CNY,manual,u003,Senior Accountant,False,Synthetic journal entry for audit analytics
JE000912,2025-09-13T09:37:00,Accounts Receivable,Inventory,177965.71,CNY,automated,batch,System,False,Synthetic journal entry for audit analytics
JE000913,2025-05-16T14:33:00,Cash,Revenue,2145.59,CNY,subledger,u003,Senior Accountant,False,Synthetic journal entry for audit analytics
JE000914,2025-03-16T15:37:00,Cash,Revenue,123343.59,CNY,manual,u004,Controller,False,Synthetic journal entry for audit analytics
JE000915,2025-02-17T12:14:00,Sales Returns,Inventory,1334.23,CNY,manual,u003,Senior Accountant,False,Synthetic journal entry for audit analytics
JE000916,2025-06-29T13:01:00,Accounts Receivable,Revenue,26733.04,CNY,manual,u001,Accountant,False,Synthetic journal entry for audit analytics
JE000917,2025-11-09T11:55:00,Accounts Receivable,Revenue,209254.91,CNY,automated,batch,System,False,Synthetic journal entry for audit analytics
JE000918,2025-08-19T13:06:00,Accounts Receivable,Accounts Receivable,15117.83,CNY,manual,u003,Senior Accountant,False,Synthetic journal entry for audit analytics
JE000919,2025-11-22T10:29:00,Sales Returns,Revenue,7640.05,CNY,manual,u003,Senior Accountant,False,Synthetic journal entry for audit analytics
JE000920,2025-03-15T16:30:00,Sales Returns,Revenue,24412.13,CNY,manual,u001,Accountant,False,Synthetic journal entry for audit analytics
JE000921,2025-03-16T15:33:00,Accounts Receivable,Inventory,17970.09,CNY,manual,u002,Accountant,False,Synthetic journal entry for audit analytics
JE000922,2025-02-07T09:18:00,Sales Returns,Revenue,654287.68,CNY,automated,batch,System,False,Synthetic journal entry for audit analytics
JE000923,2025-09-26T12:48:00,Sales Returns,Inventory,80284.73,CNY,manual,u002,Accountant,False,Synthetic journal entry for audit analytics
JE000924,2025-10-11T13:33:00,Sales Returns,Inventory,2984.05,CNY,manual,u003,Senior Accountant,False,Synthetic journal entry for audit analytics
JE000925,2025-04-26T16:12:00,Sales Returns,Accounts Receivable,1044097.39,CNY,manual,u002,Accountant,False,Synthetic journal entry for audit analytics
JE000926,2025-08-08T13:57:00,Sales Returns,Accounts Receivable,371453.99,CNY,manual,u002,Accountant,False,Synthetic journal entry for audit analytics
JE000927,2025-05-22T08:46:00,Accounts Receivable,Revenue,2190.14,CNY,subledger,u003,Senior Accountant,False,Synthetic journal entry for audit analytics
JE000928,2025-11-24T08:14:00,Accounts Receivable,Accounts Receivable,3580.82,CNY,subledger,u001,Accountant,False,Synthetic journal entry for audit analytics
JE000929,2025-02-09T14:49:00,Cash,Accounts Receivable,151932.4,CNY,subledger,u003,Senior Accountant,False,Synthetic journal entry for audit analytics
JE000930,2025-10-23T18:05:00,Cash,Inventory,5809.88,CNY,automated,batch,System,False,Synthetic journal entry for audit analytics
JE000931,2025-11-25T13:24:00,Sales Returns,Revenue,1261301.53,CNY,subledger,u001,Accountant,False,Synthetic journal entry for audit analytics
JE000932,2025-03-09T17:15:00,Cash,Revenue,114998.07,CNY,manual,u003,Senior Accountant,False,Synthetic journal entry for audit analytics
JE000933,2025-03-16T08:55:00,Accounts Receivable,Revenue,43996.93,CNY,manual,u002,Accountant,False,Synthetic journal entry for audit analytics
JE000934,2025-06-06T09:54:00,Cash,Inventory,4363.35,CNY,automated,batch,System,False,Synthetic journal entry for audit analytics
JE000935,2025-02-07T11:23:00,Sales Returns,Inventory,21014.51,CNY,automated,batch,System,False,Synthetic journal entry for audit analytics
JE000936,2025-01-23T14:07:00,Accounts Receivable,Accounts Receivable,8001.79,CNY,manual,u001,Accountant,False,Synthetic journal entry for audit analytics
JE000937,2025-10-10T14:19:00,Cash,Inventory,1205.9,CNY,manual,u002,Accountant,False,Synthetic journal entry for audit analytics
JE000938,2025-11-17T16:53:00,Accounts Receivable,Revenue,16906.79,CNY,manual,u001,Accountant,False,Synthetic journal entry for audit analytics
JE000939,2025-10-16T09:28:00,Accounts Receivable,Revenue,19191.99,CNY,automated,batch,System,False,Synthetic journal entry for audit analytics
JE000940,2025-10-26T10:59:00,Accounts Receivable,Inventory,134267.67,CNY,manual,u003,Senior Accountant,False,Synthetic journal entry for audit analytics
JE000941,2025-11-05T10:59:00,Cash,Revenue,101213.78,CNY,subledger,u003,Senior Accountant,False,Synthetic journal entry for audit analytics
JE000942,2025-08-25T12:57:00,Cash,Revenue,5414.24,CNY,automated,batch,System,False,Synthetic journal entry for audit analytics
JE000943,2025-04-10T14:10:00,Sales Returns,Inventory,14428.57,CNY,subledger,u002,Accountant,False,Synthetic journal entry for audit analytics
JE000944,2025-08-31T17:16:00,Accounts Receivable,Revenue,2237.15,CNY,subledger,u001,Accountant,False,Synthetic journal entry for audit analytics
JE000945,2025-07-16T10:26:00,Cash,Inventory,3076.86,CNY,manual,u002,Accountant,False,Synthetic journal entry for audit analytics
JE000946,2025-03-05T08:50:00,Accounts Receivable,Inventory,397138.82,CNY,subledger,u001,Accountant,False,Synthetic journal entry for audit analytics
JE000947,2025-06-25T17:57:00,Cash,Revenue,5049.2,CNY,automated,batch,System,False,Synthetic journal entry for audit analytics
JE000948,2025-07-23T11:42:00,Cash,Inventory,59923.74,CNY,manual,u003,Senior Accountant,False,Synthetic journal entry for audit analytics
JE000949,2025-08-17T17:53:00,Accounts Receivable,Inventory,1092.99,CNY,manual,u001,Accountant,False,Synthetic journal entry for audit analytics
JE000950,2025-04-13T12:22:00,Accounts Receivable,Revenue,89883.0,CNY,subledger,u001,Accountant,False,Synthetic journal entry for audit analytics
JE000951,2025-09-27T16:31:00,Sales Returns,Inventory,4718.28,CNY,automated,batch,System,False,Synthetic journal entry for audit analytics
JE000952,2025-09-13T08:18:00,Sales Returns,Revenue,2066.93,CNY,manual,u003,Senior Accountant,False,Synthetic journal entry for audit analytics
JE000953,2025-10-11T11:15:00,Sales Returns,Inventory,15126.91,CNY,manual,u001,Accountant,False,Synthetic journal entry for audit analytics
JE000954,2025-06-01T17:37:00,Accounts Receivable,Inventory,145303.52,CNY,manual,u001,Accountant,False,Synthetic journal entry for audit analytics
JE000955,2025-08-09T11:48:00,Sales Returns,Revenue,11457.39,CNY,manual,u003,Senior Accountant,False,Synthetic journal entry for audit analytics
JE000956,2025-01-22T09:29:00,Sales Returns,Revenue,27344.57,CNY,manual,u001,Accountant,False,Synthetic journal entry for audit analytics
JE000957,2025-04-03T13:08:00,Sales Returns,Revenue,2023.91,CNY,automated,batch,System,False,Synthetic journal entry for audit analytics
JE000958,2025-07-30T15:50:00,Sales Returns,Revenue,2284.84,CNY,automated,batch,System,False,Synthetic journal entry for audit analytics
JE000959,2025-03-27T15:42:00,Sales Returns,Revenue,4022.96,CNY,subledger,u001,Accountant,False,Synthetic journal entry for audit analytics
JE000960,2025-03-30T09:05:00,Cash,Revenue,1068030.69,CNY,manual,u001,Accountant,False,Synthetic journal entry for audit analytics
JE000961,2025-03-09T16:17:00,Cash,Revenue,1197.16,CNY,subledger,u001,Accountant,False,Synthetic journal entry for audit analytics
JE000962,2025-04-27T15:22:00,Sales Returns,Revenue,64445.68,CNY,automated,batch,System,False,Synthetic journal entry for audit analytics
JE000963,2025-08-28T11:33:00,Accounts Receivable,Revenue,797582.54,CNY,automated,batch,System,False,Synthetic journal entry for audit analytics
JE000964,2025-07-14T16:14:00,Accounts Receivable,Accounts Receivable,3138.93,CNY,automated,batch,System,False,Synthetic journal entry for audit analytics
JE000965,2025-09-08T18:25:00,Accounts Receivable,Revenue,1045268.98,CNY,subledger,u001,Accountant,False,Synthetic journal entry for audit analytics
JE000966,2025-07-07T08:30:00,Sales Returns,Revenue,9895.83,CNY,manual,u003,Senior Accountant,False,Synthetic journal entry for audit analytics
JE000967,2025-01-29T14:01:00,Cash,Revenue,6005.7,CNY,manual,u001,Accountant,False,Synthetic journal entry for audit analytics
JE000968,2025-12-04T14:54:00,Cash,Accounts Receivable,251298.66,CNY,manual,u002,Accountant,False,Synthetic journal entry for audit analytics
JE000969,2025-04-29T09:37:00,Accounts Receivable,Accounts Receivable,458047.09,CNY,manual,u001,Accountant,False,Synthetic journal entry for audit analytics
JE000970,2025-06-13T10:05:00,Cash,Revenue,31952.13,CNY,manual,u004,Controller,False,Synthetic journal entry for audit analytics
JE000971,2025-10-17T15:17:00,Accounts Receivable,Accounts Receivable,1126591.96,CNY,manual,u005,CFO,False,Synthetic journal entry for audit analytics
JE000972,2025-06-08T18:18:00,Cash,Accounts Receivable,3547.73,CNY,automated,batch,System,False,Synthetic journal entry for audit analytics
JE000973,2025-08-01T10:56:00,Sales Returns,Inventory,48898.9,CNY,automated,batch,System,False,Synthetic journal entry for audit analytics
JE000974,2025-08-28T11:07:00,Cash,Inventory,23861.26,CNY,manual,u003,Senior Accountant,False,Synthetic journal entry for audit analytics
JE000975,2025-09-28T08:49:00,Accounts Receivable,Revenue,2547.71,CNY,automated,batch,System,False,Synthetic journal entry for audit analytics
JE000976,2025-04-24T15:50:00,Cash,Inventory,2468.75,CNY,subledger,u003,Senior Accountant,False,Synthetic journal entry for audit analytics
JE000977,2025-08-13T11:14:00,Cash,Revenue,1898.6,CNY,subledger,u003,Senior Accountant,False,Synthetic journal entry for audit analytics
JE000978,2025-11-24T11:12:00,Accounts Receivable,Revenue,1368.67,CNY,automated,batch,System,False,Synthetic journal entry for audit analytics
JE000979,2025-06-15T13:55:00,Cash,Revenue,7998.71,CNY,manual,u001,Accountant,False,Synthetic journal entry for audit analytics
JE000980,2025-04-03T13:26:00,Sales Returns,Accounts Receivable,280875.75,CNY,manual,u001,Accountant,False,Synthetic journal entry for audit analytics
JE000981,2025-09-05T14:54:00,Accounts Receivable,Accounts Receivable,72995.91,CNY,manual,u002,Accountant,False,Synthetic journal entry for audit analytics
JE000982,2025-04-30T16:49:00,Cash,Inventory,471521.12,CNY,subledger,u001,Accountant,False,Synthetic journal entry for audit analytics
JE000983,2025-11-10T11:37:00,Cash,Inventory,742456.83,CNY,manual,u003,Senior Accountant,False,Synthetic journal entry for audit analytics
JE000984,2025-06-04T09:06:00,Sales Returns,Inventory,1207077.02,CNY,manual,u003,Senior Accountant,False,Synthetic journal entry for audit analytics
JE000985,2025-02-10T18:02:00,Cash,Inventory,835664.9,CNY,automated,batch,System,False,Synthetic journal entry for audit analytics
JE000986,2025-06-23T12:19:00,Cash,Accounts Receivable,6709.15,CNY,manual,u001,Accountant,False,Synthetic journal entry for audit analytics
JE000987,2025-06-07T15:55:00,Sales Returns,Inventory,23370.35,CNY,manual,u001,Accountant,False,Synthetic journal entry for audit analytics
JE000988,2025-01-26T11:40:00,Cash,Inventory,181559.33,CNY,manual,u005,CFO,False,Synthetic journal entry for audit analytics
JE000989,2025-01-15T16:25:00,Sales Returns,Accounts Receivable,946078.6,CNY,automated,batch,System,False,Synthetic journal entry for audit analytics
JE000990,2025-09-09T15:18:00,Cash,Inventory,5673.65,CNY,manual,u001,Accountant,False,Synthetic journal entry for audit analytics
JE000991,2025-07-13T10:12:00,Sales Returns,Accounts Receivable,3156.77,CNY,manual,u001,Accountant,False,Synthetic journal entry for audit analytics
JE000992,2025-03-03T13:18:00,Sales Returns,Inventory,223203.05,CNY,manual,u002,Accountant,False,Synthetic journal entry for audit analytics
JE000993,2025-06-16T17:53:00,Accounts Receivable,Revenue,279515.67,CNY,automated,batch,System,False,Synthetic journal entry for audit analytics
JE000994,2025-06-21T18:47:00,Cash,Inventory,18697.48,CNY,manual,u003,Senior Accountant,False,Synthetic journal entry for audit analytics
JE000995,2025-09-16T14:52:00,Cash,Revenue,321250.72,CNY,automated,batch,System,False,Synthetic journal entry for audit analytics
JE000996,2025-11-29T16:08:00,Sales Returns,Accounts Receivable,4665.65,CNY,manual,u002,Accountant,False,Synthetic journal entry for audit analytics
JE000997,2025-04-28T13:14:00,Cash,Revenue,26371.04,CNY,manual,u003,Senior Accountant,False,Synthetic journal entry for audit analytics
JE000998,2025-08-16T10:30:00,Cash,Accounts Receivable,3314.68,CNY,automated,batch,System,False,Synthetic journal entry for audit analytics
JE000999,2025-01-31T09:11:00,Accounts Receivable,Inventory,54624.74,CNY,manual,u004,Controller,False,Synthetic journal entry for audit analytics
JE001000,2025-09-17T12:19:00,Accounts Receivable,Inventory,131415.14,CNY,automated,batch,System,False,Synthetic journal entry for audit analytics
JE001001,2025-09-24T15:05:00,Accounts Receivable,Revenue,115756.86,CNY,automated,batch,System,False,Synthetic journal entry for audit analytics
JE001002,2025-04-30T17:03:00,Cash,Accounts Receivable,10066.96,CNY,manual,u002,Accountant,False,Synthetic journal entry for audit analytics
JE001003,2025-11-12T12:35:00,Cash,Inventory,6424.36,CNY,manual,u001,Accountant,False,Synthetic journal entry for audit analytics
JE001004,2025-09-25T16:41:00,Accounts Receivable,Revenue,1006693.94,CNY,automated,batch,System,False,Synthetic journal entry for audit analytics
JE001005,2025-09-23T10:21:00,Cash,Inventory,735064.47,CNY,manual,u003,Senior Accountant,False,Synthetic journal entry for audit analytics
JE001006,2025-08-09T16:41:00,Accounts Receivable,Revenue,38675.51,CNY,subledger,u002,Accountant,False,Synthetic journal entry for audit analytics
JE001007,2025-01-24T10:52:00,Accounts Receivable,Inventory,2651.59,CNY,subledger,u003,Senior Accountant,False,Synthetic journal entry for audit analytics
JE001008,2025-03-15T18:35:00,Sales Returns,Accounts Receivable,77483.36,CNY,manual,u002,Accountant,False,Synthetic journal entry for audit analytics
JE001009,2025-04-17T18:30:00,Cash,Accounts Receivable,395042.65,CNY,automated,batch,System,False,Synthetic journal entry for audit analytics
JE001010,2025-01-09T11:48:00,Accounts Receivable,Accounts Receivable,89347.54,CNY,subledger,u001,Accountant,False,Synthetic journal entry for audit analytics
JE001011,2025-03-01T09:52:00,Accounts Receivable,Revenue,13098.07,CNY,subledger,u001,Accountant,False,Synthetic journal entry for audit analytics
JE001012,2025-12-16T11:15:00,Sales Returns,Inventory,8941.1,CNY,automated,batch,System,False,Synthetic journal entry for audit analytics
JE001013,2025-04-22T14:47:00,Cash,Inventory,92059.42,CNY,subledger,u002,Accountant,False,Synthetic journal entry for audit analytics
JE001014,2025-05-13T09:18:00,Sales Returns,Inventory,333748.14,CNY,manual,u002,Accountant,False,Synthetic journal entry for audit analytics
JE001015,2025-12-08T16:39:00,Sales Returns,Inventory,3943.23,CNY,automated,batch,System,False,Synthetic journal entry for audit analytics
JE001016,2025-07-16T08:04:00,Sales Returns,Inventory,554403.73,CNY,manual,u001,Accountant,False,Synthetic journal entry for audit analytics
JE001017,2025-06-25T18:07:00,Cash,Revenue,25372.06,CNY,subledger,u001,Accountant,False,Synthetic journal entry for audit analytics
JE001018,2025-09-01T08:26:00,Sales Returns,Inventory,11001.0,CNY,manual,u003,Senior Accountant,False,Synthetic journal entry for audit analytics
JE001019,2025-06-18T18:57:00,Sales Returns,Revenue,1053486.71,CNY,automated,batch,System,False,Synthetic journal entry for audit analytics
JE001020,2025-12-21T09:05:00,Sales Returns,Inventory,54431.18,CNY,automated,batch,System,False,Synthetic journal entry for audit analytics
JE001021,2025-06-08T12:34:00,Cash,Accounts Receivable,6457.61,CNY,automated,batch,System,False,Synthetic journal entry for audit analytics
JE001022,2025-09-13T11:43:00,Accounts Receivable,Accounts Receivable,20577.22,CNY,subledger,u003,Senior Accountant,False,Synthetic journal entry for audit analytics
JE001023,2025-02-08T15:50:00,Sales Returns,Inventory,2189.07,CNY,automated,batch,System,False,Synthetic journal entry for audit analytics
JE001024,2025-11-12T11:26:00,Sales Returns,Inventory,1153.31,CNY,automated,batch,System,False,Synthetic journal entry for audit analytics
JE001025,2025-12-23T10:49:00,Sales Returns,Inventory,59851.99,CNY,manual,u001,Accountant,False,Synthetic journal entry for audit analytics
JE001026,2025-06-12T13:15:00,Sales Returns,Revenue,1593.13,CNY,automated,batch,System,False,Synthetic journal entry for audit analytics
JE001027,2025-11-28T11:05:00,Sales Returns,Revenue,91405.23,CNY,automated,batch,System,False,Synthetic journal entry for audit analytics
JE001028,2025-10-07T13:54:00,Sales Returns,Accounts Receivable,16634.38,CNY,automated,batch,System,False,Synthetic journal entry for audit analytics
JE001029,2025-11-21T08:33:00,Cash,Revenue,5861.55,CNY,automated,batch,System,False,Synthetic journal entry for audit analytics
JE001030,2025-01-08T17:04:00,Accounts Receivable,Revenue,63964.12,CNY,automated,batch,System,False,Synthetic journal entry for audit analytics
JE001031,2025-08-29T17:20:00,Accounts Receivable,Accounts Receivable,1637.61,CNY,automated,batch,System,False,Synthetic journal entry for audit analytics
JE001032,2025-11-27T11:31:00,Cash,Revenue,23138.69,CNY,subledger,u002,Accountant,False,Synthetic journal entry for audit analytics
JE001033,2025-11-28T12:39:00,Cash,Revenue,14656.17,CNY,manual,u003,Senior Accountant,False,Synthetic journal entry for audit analytics
JE001034,2025-12-09T11:30:00,Sales Returns,Inventory,69004.56,CNY,subledger,u001,Accountant,False,Synthetic journal entry for audit analytics
JE001035,2025-03-25T10:23:00,Sales Returns,Revenue,322356.95,CNY,automated,batch,System,False,Synthetic journal entry for audit analytics
JE001036,2025-02-08T16:52:00,Accounts Receivable,Accounts Receivable,9072.7,CNY,manual,u001,Accountant,False,Synthetic journal entry for audit analytics
JE001037,2025-07-17T16:01:00,Accounts Receivable,Inventory,113862.19,CNY,subledger,u002,Accountant,False,Synthetic journal entry for audit analytics
JE001038,2025-06-19T13:38:00,Cash,Revenue,7260.84,CNY,manual,u004,Controller,False,Synthetic journal entry for audit analytics
JE001039,2025-12-19T18:19:00,Cash,Accounts Receivable,96847.18,CNY,subledger,u001,Accountant,False,Synthetic journal entry for audit analytics
JE001040,2025-03-22T11:10:00,Cash,Revenue,16007.02,CNY,automated,batch,System,False,Synthetic journal entry for audit analytics
JE001041,2025-09-17T16:32:00,Sales Returns,Revenue,3277.42,CNY,automated,batch,System,False,Synthetic journal entry for audit analytics
JE001042,2025-08-19T17:20:00,Accounts Receivable,Accounts Receivable,435504.14,CNY,subledger,u002,Accountant,False,Synthetic journal entry for audit analytics
JE001043,2025-12-03T18:02:00,Cash,Revenue,138460.2,CNY,subledger,u004,Controller,False,Synthetic journal entry for audit analytics
JE001044,2025-02-25T17:55:00,Cash,Revenue,188959.73,CNY,subledger,u002,Accountant,False,Synthetic journal entry for audit analytics
JE001045,2025-12-29T09:04:00,Accounts Receivable,Accounts Receivable,120766.32,CNY,manual,u002,Accountant,False,Synthetic journal entry for audit analytics
JE001046,2025-02-01T17:23:00,Accounts Receivable,Revenue,14872.79,CNY,subledger,u001,Accountant,False,Synthetic journal entry for audit analytics
JE001047,2025-04-14T10:45:00,Sales Returns,Revenue,41558.82,CNY,automated,batch,System,False,Synthetic journal entry for audit analytics
JE001048,2025-09-15T12:20:00,Sales Returns,Inventory,8877.99,CNY,subledger,u002,Accountant,False,Synthetic journal entry for audit analytics
JE001049,2025-03-02T08:14:00,Sales Returns,Revenue,740519.95,CNY,manual,u002,Accountant,False,Synthetic journal entry for audit analytics
JE001050,2025-10-14T12:07:00,Accounts Receivable,Accounts Receivable,30208.14,CNY,manual,u003,Senior Accountant,False,Synthetic journal entry for audit analytics
JE001051,2025-07-05T17:11:00,Sales Returns,Inventory,166549.19,CNY,manual,u001,Accountant,False,Synthetic journal entry for audit analytics
JE001052,2025-07-25T11:54:00,Accounts Receivable,Accounts Receivable,15155.74,CNY,manual,u002,Accountant,False,Synthetic journal entry for audit analytics
JE001053,2025-09-11T15:17:00,Sales Returns,Revenue,80998.58,CNY,manual,u001,Accountant,False,Synthetic journal entry for audit analytics
JE001054,2025-07-14T13:13:00,Accounts Receivable,Accounts Receivable,4691.78,CNY,automated,batch,System,False,Synthetic journal entry for audit analytics
JE001055,2025-07-25T10:08:00,Cash,Inventory,107438.94,CNY,manual,u003,Senior Accountant,False,Synthetic journal entry for audit analytics
JE001056,2025-06-13T15:56:00,Cash,Revenue,7932.56,CNY,automated,batch,System,False,Synthetic journal entry for audit analytics
JE001057,2025-11-26T10:48:00,Cash,Revenue,4419.47,CNY,manual,u003,Senior Accountant,False,Synthetic journal entry for audit analytics
JE001058,2025-03-03T17:27:00,Accounts Receivable,Accounts Receivable,8595.41,CNY,automated,batch,System,False,Synthetic journal entry for audit analytics
JE001059,2025-05-31T16:42:00,Cash,Accounts Receivable,1295914.53,CNY,automated,batch,System,False,Synthetic journal entry for audit analytics
JE001060,2025-08-03T15:05:00,Sales Returns,Inventory,282595.24,CNY,automated,batch,System,False,Synthetic journal entry for audit analytics
JE001061,2025-11-12T10:10:00,Sales Returns,Accounts Receivable,312719.93,CNY,automated,batch,System,False,Synthetic journal entry for audit analytics
JE001062,2025-07-20T16:39:00,Cash,Revenue,2240.86,CNY,automated,batch,System,False,Synthetic journal entry for audit analytics
JE001063,2025-09-10T15:04:00,Cash,Revenue,54727.59,CNY,automated,batch,System,False,Synthetic journal entry for audit analytics
JE001064,2025-10-10T16:39:00,Accounts Receivable,Revenue,28715.21,CNY,subledger,u005,CFO,False,Synthetic journal entry for audit analytics
JE001065,2025-06-23T11:06:00,Accounts Receivable,Revenue,1311.26,CNY,subledger,u003,Senior Accountant,False,Synthetic journal entry for audit analytics
JE001066,2025-07-10T12:29:00,Cash,Inventory,3949.8,CNY,automated,batch,System,False,Synthetic journal entry for audit analytics
JE001067,2025-06-10T11:02:00,Cash,Accounts Receivable,424218.24,CNY,subledger,u003,Senior Accountant,False,Synthetic journal entry for audit analytics
JE001068,2025-10-30T18:06:00,Sales Returns,Inventory,5241.13,CNY,manual,u002,Accountant,False,Synthetic journal entry for audit analytics
JE001069,2025-03-30T12:25:00,Sales Returns,Inventory,7870.76,CNY,subledger,u001,Accountant,False,Synthetic journal entry for audit analytics
JE001070,2025-06-18T08:44:00,Sales Returns,Inventory,770676.61,CNY,manual,u002,Accountant,False,Synthetic journal entry for audit analytics
JE001071,2025-08-23T11:47:00,Sales Returns,Accounts Receivable,343622.7,CNY,subledger,u002,Accountant,False,Synthetic journal entry for audit analytics
JE001072,2025-04-07T08:18:00,Accounts Receivable,Revenue,512097.37,CNY,manual,u002,Accountant,False,Synthetic journal entry for audit analytics
JE001073,2025-03-26T11:09:00,Accounts Receivable,Accounts Receivable,347656.87,CNY,automated,batch,System,False,Synthetic journal entry for audit analytics
JE001074,2025-05-04T12:58:00,Sales Returns,Revenue,2656.53,CNY,subledger,u002,Accountant,False,Synthetic journal entry for audit analytics
JE001075,2025-07-07T08:05:00,Accounts Receivable,Accounts Receivable,364083.34,CNY,manual,u002,Accountant,False,Synthetic journal entry for audit analytics
JE001076,2025-11-08T18:44:00,Sales Returns,Revenue,159715.25,CNY,manual,u001,Accountant,False,Synthetic journal entry for audit analytics
JE001077,2025-05-28T15:56:00,Accounts Receivable,Inventory,429851.52,CNY,manual,u003,Senior Accountant,False,Synthetic journal entry for audit analytics
JE001078,2025-07-01T13:39:00,Accounts Receivable,Inventory,2499.42,CNY,automated,batch,System,False,Synthetic journal entry for audit analytics
JE001079,2025-05-17T18:08:00,Sales Returns,Revenue,628969.13,CNY,manual,u003,Senior Accountant,False,Synthetic journal entry for audit analytics
JE001080,2025-06-21T10:10:00,Cash,Revenue,1246.97,CNY,automated,batch,System,False,Synthetic journal entry for audit analytics
JE001081,2025-06-06T08:58:00,Cash,Revenue,1350.01,CNY,manual,u002,Accountant,False,Synthetic journal entry for audit analytics
JE001082,2025-11-14T11:27:00,Accounts Receivable,Revenue,75652.46,CNY,manual,u001,Accountant,False,Synthetic journal entry for audit analytics
JE001083,2025-04-02T14:17:00,Cash,Inventory,1272579.1,CNY,manual,u002,Accountant,False,Synthetic journal entry for audit analytics
JE001084,2025-10-28T10:58:00,Cash,Accounts Receivable,475210.7,CNY,automated,batch,System,False,Synthetic journal entry for audit analytics
JE001085,2025-01-13T14:03:00,Cash,Revenue,69628.71,CNY,automated,batch,System,False,Synthetic journal entry for audit analytics
JE001086,2025-10-20T10:45:00,Cash,Accounts Receivable,554501.69,CNY,automated,batch,System,False,Synthetic journal entry for audit analytics
JE001087,2025-05-20T14:43:00,Sales Returns,Accounts Receivable,6156.3,CNY,manual,u003,Senior Accountant,False,Synthetic journal entry for audit analytics
JE001088,2025-10-19T12:03:00,Accounts Receivable,Accounts Receivable,435411.01,CNY,manual,u001,Accountant,False,Synthetic journal entry for audit analytics
JE001089,2025-02-25T11:57:00,Accounts Receivable,Inventory,505037.07,CNY,manual,u005,CFO,False,Synthetic journal entry for audit analytics
JE001090,2025-06-12T14:28:00,Sales Returns,Accounts Receivable,5295.62,CNY,automated,batch,System,False,Synthetic journal entry for audit analytics
JE001091,2025-11-23T10:48:00,Accounts Receivable,Inventory,10251.98,CNY,automated,batch,System,False,Synthetic journal entry for audit analytics
JE001092,2025-06-04T15:54:00,Accounts Receivable,Revenue,502216.28,CNY,manual,u001,Accountant,False,Synthetic journal entry for audit analytics
JE001093,2025-04-18T15:03:00,Accounts Receivable,Revenue,2714.12,CNY,subledger,u001,Accountant,False,Synthetic journal entry for audit analytics
JE001094,2025-12-17T10:31:00,Cash,Revenue,5198.59,CNY,automated,batch,System,False,Synthetic journal entry for audit analytics
JE001095,2025-08-19T14:56:00,Sales Returns,Inventory,487136.82,CNY,manual,u002,Accountant,False,Synthetic journal entry for audit analytics
JE001096,2025-09-04T18:14:00,Accounts Receivable,Accounts Receivable,3438.54,CNY,manual,u002,Accountant,False,Synthetic journal entry for audit analytics
JE001097,2025-10-27T18:32:00,Cash,Inventory,2140.54,CNY,subledger,u003,Senior Accountant,False,Synthetic journal entry for audit analytics
JE001098,2025-12-31T11:35:00,Cash,Revenue,3286.64,CNY,subledger,u001,Accountant,False,Synthetic journal entry for audit analytics
JE001099,2025-02-26T16:50:00,Sales Returns,Accounts Receivable,270157.62,CNY,automated,batch,System,False,Synthetic journal entry for audit analytics
JE001100,2025-06-29T18:00:00,Sales Returns,Inventory,23012.72,CNY,automated,batch,System,False,Synthetic journal entry for audit analytics
JE001101,2025-07-21T11:37:00,Accounts Receivable,Accounts Receivable,12005.24,CNY,manual,u003,Senior Accountant,False,Synthetic journal entry for audit analytics
JE001102,2025-07-09T16:54:00,Cash,Inventory,354428.19,CNY,manual,u002,Accountant,False,Synthetic journal entry for audit analytics
JE001103,2025-04-12T18:54:00,Accounts Receivable,Accounts Receivable,6100.02,CNY,automated,batch,System,False,Synthetic journal entry for audit analytics
JE001104,2025-07-17T12:00:00,Accounts Receivable,Accounts Receivable,56136.68,CNY,manual,u002,Accountant,False,Synthetic journal entry for audit analytics
JE001105,2025-07-27T14:56:00,Cash,Revenue,8216.82,CNY,subledger,u003,Senior Accountant,False,Synthetic journal entry for audit analytics
JE001106,2025-09-10T11:54:00,Sales Returns,Accounts Receivable,58664.32,CNY,subledger,u003,Senior Accountant,False,Synthetic journal entry for audit analytics
JE001107,2025-12-16T13:36:00,Accounts Receivable,Inventory,781800.56,CNY,manual,u001,Accountant,False,Synthetic journal entry for audit analytics
JE001108,2025-10-15T08:31:00,Sales Returns,Revenue,40480.82,CNY,manual,u002,Accountant,False,Synthetic journal entry for audit analytics
JE001109,2025-03-24T11:44:00,Sales Returns,Accounts Receivable,2088.93,CNY,manual,u002,Accountant,False,Synthetic journal entry for audit analytics
JE001110,2025-01-19T18:20:00,Accounts Receivable,Revenue,255235.63,CNY,subledger,u002,Accountant,False,Synthetic journal entry for audit analytics
JE001111,2025-10-22T10:17:00,Sales Returns,Revenue,2793.45,CNY,manual,u003,Senior Accountant,False,Synthetic journal entry for audit analytics
JE001112,2025-05-16T15:16:00,Cash,Revenue,5272.56,CNY,automated,batch,System,False,Synthetic journal entry for audit analytics
JE001113,2025-03-06T13:24:00,Accounts Receivable,Inventory,148879.3,CNY,manual,u001,Accountant,False,Synthetic journal entry for audit analytics
JE001114,2025-04-28T16:59:00,Cash,Revenue,404030.36,CNY,manual,u001,Accountant,False,Synthetic journal entry for audit analytics
JE001115,2025-01-17T11:59:00,Cash,Revenue,49615.6,CNY,subledger,u001,Accountant,False,Synthetic journal entry for audit analytics
JE001116,2025-01-02T13:25:00,Accounts Receivable,Revenue,7029.92,CNY,automated,batch,System,False,Synthetic journal entry for audit analytics
JE001117,2025-05-18T15:57:00,Cash,Accounts Receivable,5791.17,CNY,automated,batch,System,False,Synthetic journal entry for audit analytics
JE001118,2025-12-09T12:31:00,Sales Returns,Revenue,39858.6,CNY,manual,u001,Accountant,False,Synthetic journal entry for audit analytics
JE001119,2025-12-15T12:36:00,Sales Returns,Inventory,14185.72,CNY,automated,batch,System,False,Synthetic journal entry for audit analytics
JE001120,2025-12-03T11:37:00,Accounts Receivable,Accounts Receivable,334263.12,CNY,manual,u001,Accountant,False,Synthetic journal entry for audit analytics
JE001121,2025-01-30T15:29:00,Accounts Receivable,Accounts Receivable,9564.84,CNY,subledger,u001,Accountant,False,Synthetic journal entry for audit analytics
JE001122,2025-08-09T10:45:00,Accounts Receivable,Revenue,569467.86,CNY,manual,u002,Accountant,False,Synthetic journal entry for audit analytics
JE001123,2025-04-02T11:39:00,Cash,Accounts Receivable,1501762.5,CNY,automated,batch,System,False,Synthetic journal entry for audit analytics
JE001124,2025-01-08T12:08:00,Sales Returns,Inventory,776697.77,CNY,automated,batch,System,False,Synthetic journal entry for audit analytics
JE001125,2025-06-30T11:17:00,Accounts Receivable,Accounts Receivable,7768.78,CNY,subledger,u001,Accountant,False,Synthetic journal entry for audit analytics
JE001126,2025-02-21T17:03:00,Accounts Receivable,Inventory,16127.52,CNY,automated,batch,System,False,Synthetic journal entry for audit analytics
JE001127,2025-12-18T15:01:00,Accounts Receivable,Accounts Receivable,364989.76,CNY,automated,batch,System,False,Synthetic journal entry for audit analytics
JE001128,2025-05-31T10:07:00,Sales Returns,Accounts Receivable,1069768.41,CNY,subledger,u003,Senior Accountant,False,Synthetic journal entry for audit analytics
JE001129,2025-11-22T10:15:00,Accounts Receivable,Inventory,1255172.85,CNY,automated,batch,System,False,Synthetic journal entry for audit analytics
JE001130,2025-10-17T15:26:00,Accounts Receivable,Accounts Receivable,184006.95,CNY,subledger,u001,Accountant,False,Synthetic journal entry for audit analytics
JE001131,2025-03-16T14:52:00,Accounts Receivable,Accounts Receivable,3381.79,CNY,automated,batch,System,False,Synthetic journal entry for audit analytics
JE001132,2025-07-15T17:12:00,Cash,Inventory,40438.88,CNY,subledger,u002,Accountant,False,Synthetic journal entry for audit analytics
JE001133,2025-09-03T13:25:00,Sales Returns,Inventory,1354.1,CNY,manual,u001,Accountant,False,Synthetic journal entry for audit analytics
JE001134,2025-12-22T09:22:00,Sales Returns,Revenue,1274.36,CNY,manual,u002,Accountant,False,Synthetic journal entry for audit analytics
JE001135,2025-11-04T12:40:00,Accounts Receivable,Revenue,30870.55,CNY,manual,u001,Accountant,False,Synthetic journal entry for audit analytics
JE001136,2025-05-15T12:46:00,Accounts Receivable,Inventory,3216.99,CNY,automated,batch,System,False,Synthetic journal entry for audit analytics
JE001137,2025-11-14T08:49:00,Sales Returns,Inventory,1502481.3,CNY,automated,batch,System,False,Synthetic journal entry for audit analytics
JE001138,2025-03-13T14:48:00,Accounts Receivable,Inventory,860593.97,CNY,automated,batch,System,False,Synthetic journal entry for audit analytics
JE001139,2025-10-14T18:43:00,Accounts Receivable,Inventory,1060.05,CNY,automated,batch,System,False,Synthetic journal entry for audit analytics
JE001140,2025-11-03T18:09:00,Accounts Receivable,Accounts Receivable,423693.95,CNY,manual,u001,Accountant,False,Synthetic journal entry for audit analytics
JE001141,2025-10-27T17:17:00,Accounts Receivable,Revenue,141329.51,CNY,automated,batch,System,False,Synthetic journal entry for audit analytics
JE001142,2025-06-15T12:17:00,Sales Returns,Inventory,1254.98,CNY,subledger,u002,Accountant,False,Synthetic journal entry for audit analytics
JE001143,2025-08-19T13:11:00,Cash,Accounts Receivable,204407.89,CNY,automated,batch,System,False,Synthetic journal entry for audit analytics
JE001144,2025-07-20T10:49:00,Sales Returns,Inventory,2262.72,CNY,manual,u001,Accountant,False,Synthetic journal entry for audit analytics
JE001145,2025-08-21T16:33:00,Accounts Receivable,Revenue,43709.03,CNY,manual,u001,Accountant,False,Synthetic journal entry for audit analytics
JE001146,2025-12-04T09:46:00,Cash,Revenue,4009.99,CNY,automated,batch,System,False,Synthetic journal entry for audit analytics
JE001147,2025-05-20T12:56:00,Sales Returns,Inventory,2863.04,CNY,subledger,u003,Senior Accountant,False,Synthetic journal entry for audit analytics
JE001148,2025-03-23T11:16:00,Accounts Receivable,Revenue,33679.19,CNY,manual,u003,Senior Accountant,False,Synthetic journal entry for audit analytics
JE001149,2025-10-11T15:16:00,Cash,Accounts Receivable,4657.29,CNY,manual,u003,Senior Accountant,False,Synthetic journal entry for audit analytics
JE001150,2025-12-08T14:59:00,Accounts Receivable,Inventory,4395.88,CNY,automated,batch,System,False,Synthetic journal entry for audit analytics
JE001151,2025-01-06T17:51:00,Sales Returns,Inventory,832931.85,CNY,manual,u001,Accountant,False,Synthetic journal entry for audit analytics
JE001152,2025-01-03T10:56:00,Sales Returns,Inventory,3709.23,CNY,manual,u003,Senior Accountant,False,Synthetic journal entry for audit analytics
JE001153,2025-02-19T14:04:00,Sales Returns,Revenue,1768.53,CNY,subledger,u001,Accountant,False,Synthetic journal entry for audit analytics
JE001154,2025-07-22T10:35:00,Cash,Revenue,184799.19,CNY,subledger,u002,Accountant,False,Synthetic journal entry for audit analytics
JE001155,2025-12-16T12:57:00,Accounts Receivable,Accounts Receivable,2633.63,CNY,automated,batch,System,False,Synthetic journal entry for audit analytics
JE001156,2025-08-12T17:53:00,Sales Returns,Inventory,234419.01,CNY,automated,batch,System,False,Synthetic journal entry for audit analytics
JE001157,2025-06-02T16:20:00,Accounts Receivable,Accounts Receivable,1106819.11,CNY,automated,batch,System,False,Synthetic journal entry for audit analytics
JE001158,2025-10-09T10:13:00,Sales Returns,Revenue,1296.44,CNY,manual,u001,Accountant,False,Synthetic journal entry for audit analytics
JE001159,2025-09-05T11:33:00,Cash,Inventory,111450.97,CNY,automated,batch,System,False,Synthetic journal entry for audit analytics
JE001160,2025-10-31T18:44:00,Sales Returns,Revenue,12768.31,CNY,automated,batch,System,False,Synthetic journal entry for audit analytics
JE001161,2025-12-16T11:06:00,Accounts Receivable,Inventory,533436.17,CNY,manual,u001,Accountant,False,Synthetic journal entry for audit analytics
JE001162,2025-12-01T10:30:00,Sales Returns,Revenue,114555.21,CNY,subledger,u004,Controller,False,Synthetic journal entry for audit analytics
JE001163,2025-03-29T16:11:00,Accounts Receivable,Accounts Receivable,15607.42,CNY,subledger,u003,Senior Accountant,False,Synthetic journal entry for audit analytics
JE001164,2025-11-01T17:07:00,Sales Returns,Accounts Receivable,970128.65,CNY,manual,u002,Accountant,False,Synthetic journal entry for audit analytics
JE001165,2025-08-23T15:04:00,Sales Returns,Inventory,5174.25,CNY,manual,u002,Accountant,False,Synthetic journal entry for audit analytics
JE001166,2025-01-10T17:36:00,Sales Returns,Inventory,3744.89,CNY,manual,u003,Senior Accountant,False,Synthetic journal entry for audit analytics
JE001167,2025-12-30T23:03:00,Other Receivables,Other Income,2000000,CNY,manual,u005,CFO,False,Synthetic journal entry for audit analytics
JE001168,2025-05-02T14:24:00,Sales Returns,Inventory,19148.32,CNY,manual,u002,Accountant,False,Synthetic journal entry for audit analytics
JE001169,2025-02-24T14:49:00,Sales Returns,Revenue,12814.99,CNY,manual,u002,Accountant,False,Synthetic journal entry for audit analytics
JE001170,2025-12-04T15:41:00,Sales Returns,Inventory,126652.01,CNY,manual,u002,Accountant,False,Synthetic journal entry for audit analytics
JE001171,2025-10-24T13:51:00,Accounts Receivable,Revenue,76533.68,CNY,automated,batch,System,False,Synthetic journal entry for audit analytics
JE001172,2025-01-08T09:25:00,Sales Returns,Revenue,333003.71,CNY,manual,u004,Controller,False,Synthetic journal entry for audit analytics
JE001173,2025-12-27T11:53:00,Cash,Revenue,142390.44,CNY,manual,u001,Accountant,False,Synthetic journal entry for audit analytics
JE001174,2025-05-19T15:55:00,Accounts Receivable,Inventory,195166.82,CNY,manual,u003,Senior Accountant,False,Synthetic journal entry for audit analytics
JE001175,2025-12-04T09:20:00,Cash,Accounts Receivable,134811.45,CNY,subledger,u002,Accountant,False,Synthetic journal entry for audit analytics
JE001176,2025-04-06T09:37:00,Sales Returns,Inventory,21362.1,CNY,automated,batch,System,False,Synthetic journal entry for audit analytics
JE001177,2025-04-06T09:17:00,Sales Returns,Inventory,554501.0,CNY,subledger,u002,Accountant,False,Synthetic journal entry for audit analytics
JE001178,2025-08-21T09:39:00,Accounts Receivable,Inventory,401266.87,CNY,manual,u001,Accountant,False,Synthetic journal entry for audit analytics
JE001179,2025-11-25T15:44:00,Cash,Accounts Receivable,226130.14,CNY,subledger,u005,CFO,False,Synthetic journal entry for audit analytics
JE001180,2025-04-15T12:16:00,Accounts Receivable,Inventory,1039.46,CNY,automated,batch,System,False,Synthetic journal entry for audit analytics
JE001181,2025-06-27T13:38:00,Cash,Accounts Receivable,1237.09,CNY,subledger,u004,Controller,False,Synthetic journal entry for audit analytics
JE001182,2025-09-18T12:02:00,Accounts Receivable,Inventory,8082.03,CNY,automated,batch,System,False,Synthetic journal entry for audit analytics
JE001183,2025-07-13T12:01:00,Sales Returns,Revenue,15470.82,CNY,manual,u001,Accountant,False,Synthetic journal entry for audit analytics
JE001184,2025-04-22T14:30:00,Cash,Inventory,7179.7,CNY,manual,u002,Accountant,False,Synthetic journal entry for audit analytics
JE001185,2025-10-01T17:59:00,Sales Returns,Accounts Receivable,328919.33,CNY,automated,batch,System,False,Synthetic journal entry for audit analytics
JE001186,2025-06-21T14:43:00,Sales Returns,Accounts Receivable,19358.96,CNY,automated,batch,System,False,Synthetic journal entry for audit analytics
JE001187,2025-05-20T15:21:00,Sales Returns,Revenue,631871.5,CNY,automated,batch,System,False,Synthetic journal entry for audit analytics
JE001188,2025-01-16T17:10:00,Sales Returns,Revenue,2430.59,CNY,subledger,u003,Senior Accountant,False,Synthetic journal entry for audit analytics
JE001189,2025-01-30T13:02:00,Accounts Receivable,Inventory,1395.37,CNY,subledger,u001,Accountant,False,Synthetic journal entry for audit analytics
JE001190,2025-05-05T14:00:00,Accounts Receivable,Inventory,217188.67,CNY,manual,u002,Accountant,False,Synthetic journal entry for audit analytics
JE001191,2025-02-23T08:06:00,Cash,Revenue,15673.73,CNY,subledger,u002,Accountant,False,Synthetic journal entry for audit analytics
JE001192,2025-12-03T09:47:00,Cash,Revenue,3851.74,CNY,automated,batch,System,False,Synthetic journal entry for audit analytics
JE001193,2025-11-22T18:34:00,Accounts Receivable,Revenue,810470.07,CNY,subledger,u004,Controller,False,Synthetic journal entry for audit analytics
JE001194,2025-08-20T18:00:00,Sales Returns,Accounts Receivable,900312.44,CNY,automated,batch,System,False,Synthetic journal entry for audit analytics
JE001195,2025-07-25T09:16:00,Sales Returns,Revenue,40890.08,CNY,manual,u002,Accountant,False,Synthetic journal entry for audit analytics
JE001196,2025-10-19T15:29:00,Sales Returns,Inventory,55351.13,CNY,manual,u003,Senior Accountant,False,Synthetic journal entry for audit analytics
JE001197,2025-01-13T15:01:00,Cash,Revenue,115138.96,CNY,automated,batch,System,False,Synthetic journal entry for audit analytics
JE001198,2025-10-23T18:51:00,Cash,Accounts Receivable,277824.77,CNY,manual,u005,CFO,False,Synthetic journal entry for audit analytics
JE001199,2025-08-13T08:23:00,Cash,Inventory,80483.12,CNY,manual,u002,Accountant,False,Synthetic journal entry for audit analytics
JE001200,2025-01-16T14:06:00,Accounts Receivable,Inventory,1086632.25,CNY,manual,u004,Controller,False,Synthetic journal entry for audit analytics
JE001201,2025-07-07T10:10:00,Sales Returns,Accounts Receivable,3636.61,CNY,manual,u001,Accountant,False,Synthetic journal entry for audit analytics
JE001202,2025-01-31T17:35:00,Cash,Inventory,2055.32,CNY,manual,u002,Accountant,False,Synthetic journal entry for audit analytics
JE001203,2025-07-05T10:01:00,Accounts Receivable,Accounts Receivable,1254.58,CNY,automated,batch,System,False,Synthetic journal entry for audit analytics
JE001204,2025-10-09T18:23:00,Accounts Receivable,Accounts Receivable,8001.44,CNY,automated,batch,System,False,Synthetic journal entry for audit analytics
JE001205,2025-11-23T10:02:00,Accounts Receivable,Inventory,63096.81,CNY,automated,batch,System,False,Synthetic journal entry for audit analytics
JE001206,2025-09-14T13:18:00,Sales Returns,Accounts Receivable,48211.0,CNY,manual,u002,Accountant,False,Synthetic journal entry for audit analytics
JE001207,2025-03-09T12:33:00,Sales Returns,Accounts Receivable,252974.12,CNY,subledger,u002,Accountant,False,Synthetic journal entry for audit analytics
JE001208,2025-11-09T11:54:00,Cash,Inventory,813145.4,CNY,manual,u005,CFO,False,Synthetic journal entry for audit analytics
JE001209,2025-07-26T13:15:00,Accounts Receivable,Revenue,272668.65,CNY,manual,u003,Senior Accountant,False,Synthetic journal entry for audit analytics
JE001210,2025-08-07T15:30:00,Sales Returns,Inventory,265912.92,CNY,manual,u001,Accountant,False,Synthetic journal entry for audit analytics
JE001211,2025-08-06T18:29:00,Cash,Inventory,1313.71,CNY,automated,batch,System,False,Synthetic journal entry for audit analytics
JE001212,2025-06-05T12:47:00,Accounts Receivable,Inventory,118608.65,CNY,automated,batch,System,False,Synthetic journal entry for audit analytics
JE001213,2025-07-11T13:18:00,Sales Returns,Inventory,889531.14,CNY,subledger,u001,Accountant,False,Synthetic journal entry for audit analytics
JE001214,2025-06-01T10:53:00,Accounts Receivable,Revenue,7776.39,CNY,automated,batch,System,False,Synthetic journal entry for audit analytics
JE001215,2025-01-24T14:23:00,Cash,Revenue,36658.36,CNY,manual,u003,Senior Accountant,False,Synthetic journal entry for audit analytics
JE001216,2025-04-07T16:41:00,Cash,Revenue,59957.36,CNY,subledger,u001,Accountant,False,Synthetic journal entry for audit analytics
JE001217,2025-05-29T12:28:00,Sales Returns,Inventory,4544.62,CNY,automated,batch,System,False,Synthetic journal entry for audit analytics
JE001218,2025-09-06T16:40:00,Accounts Receivable,Revenue,921441.88,CNY,subledger,u002,Accountant,False,Synthetic journal entry for audit analytics
JE001219,2025-12-15T09:03:00,Cash,Revenue,4404.95,CNY,subledger,u003,Senior Accountant,False,Synthetic journal entry for audit analytics
JE001220,2025-01-22T16:06:00,Accounts Receivable,Accounts Receivable,2892.59,CNY,manual,u002,Accountant,False,Synthetic journal entry for audit analytics
JE001221,2025-09-02T17:59:00,Accounts Receivable,Inventory,26040.78,CNY,automated,batch,System,False,Synthetic journal entry for audit analytics
JE001222,2025-03-29T17:32:00,Sales Returns,Accounts Receivable,4704.84,CNY,manual,u001,Accountant,False,Synthetic journal entry for audit analytics
JE001223,2025-11-13T15:21:00,Sales Returns,Inventory,553656.63,CNY,automated,batch,System,False,Synthetic journal entry for audit analytics
JE001224,2025-10-22T09:57:00,Cash,Accounts Receivable,2929.85,CNY,automated,batch,System,False,Synthetic journal entry for audit analytics
JE001225,2025-05-20T18:34:00,Sales Returns,Accounts Receivable,55508.56,CNY,manual,u002,Accountant,False,Synthetic journal entry for audit analytics
JE001226,2025-04-19T09:38:00,Accounts Receivable,Revenue,432403.15,CNY,subledger,u003,Senior Accountant,True,Synthetic journal entry for audit analytics
JE001227,2025-07-16T14:49:00,Accounts Receivable,Inventory,2540.38,CNY,manual,u001,Accountant,False,Synthetic journal entry for audit analytics
JE001228,2025-08-04T09:46:00,Accounts Receivable,Accounts Receivable,3391.28,CNY,manual,u005,CFO,False,Synthetic journal entry for audit analytics
JE001229,2025-09-20T12:17:00,Accounts Receivable,Inventory,1970.0,CNY,manual,u001,Accountant,False,Synthetic journal entry for audit analytics
JE001230,2025-02-23T18:08:00,Sales Returns,Revenue,1316938.18,CNY,manual,u001,Accountant,False,Synthetic journal entry for audit analytics
JE001231,2025-09-04T09:59:00,Accounts Receivable,Revenue,1186295.57,CNY,manual,u002,Accountant,False,Synthetic journal entry for audit analytics
JE001232,2025-06-24T17:39:00,Accounts Receivable,Inventory,1430537.69,CNY,manual,u003,Senior Accountant,False,Synthetic journal entry for audit analytics
JE001233,2025-05-29T08:03:00,Sales Returns,Accounts Receivable,18146.94,CNY,manual,u001,Accountant,False,Synthetic journal entry for audit analytics
JE001234,2025-09-04T11:20:00,Cash,Inventory,60101.21,CNY,manual,u001,Accountant,False,Synthetic journal entry for audit analytics
JE001235,2025-06-07T10:10:00,Sales Returns,Inventory,58888.53,CNY,manual,u002,Accountant,False,Synthetic journal entry for audit analytics
JE001236,2025-01-16T10:59:00,Cash,Revenue,38464.59,CNY,automated,batch,System,False,Synthetic journal entry for audit analytics
JE001237,2025-07-31T15:14:00,Accounts Receivable,Accounts Receivable,20215.67,CNY,automated,batch,System,False,Synthetic journal entry for audit analytics
JE001238,2025-07-20T17:26:00,Cash,Inventory,205981.47,CNY,manual,u001,Accountant,False,Synthetic journal entry for audit analytics
JE001239,2025-04-10T16:16:00,Accounts Receivable,Inventory,623587.2,CNY,automated,batch,System,False,Synthetic journal entry for audit analytics
JE001240,2025-10-31T15:15:00,Sales Returns,Inventory,8121.3,CNY,automated,batch,System,False,Synthetic journal entry for audit analytics
JE001241,2025-05-06T15:17:00,Cash,Revenue,58614.16,CNY,manual,u002,Accountant,False,Synthetic journal entry for audit analytics
JE001242,2025-08-24T16:36:00,Sales Returns,Inventory,264503.49,CNY,automated,batch,System,False,Synthetic journal entry for audit analytics
JE001243,2025-11-24T18:06:00,Sales Returns,Accounts Receivable,5690.58,CNY,automated,batch,System,False,Synthetic journal entry for audit analytics
JE001244,2025-09-07T10:08:00,Accounts Receivable,Accounts Receivable,16535.07,CNY,automated,batch,System,False,Synthetic journal entry for audit analytics
JE001245,2025-07-26T16:47:00,Cash,Revenue,190112.66,CNY,manual,u001,Accountant,False,Synthetic journal entry for audit analytics
JE001246,2025-11-26T12:40:00,Cash,Inventory,220715.93,CNY,manual,u001,Accountant,False,Synthetic journal entry for audit analytics
JE001247,2025-07-23T16:24:00,Sales Returns,Revenue,13931.91,CNY,automated,batch,System,False,Synthetic journal entry for audit analytics
JE001248,2025-08-18T16:22:00,Sales Returns,Inventory,22014.72,CNY,manual,u001,Accountant,False,Synthetic journal entry for audit analytics
JE001249,2025-08-22T15:46:00,Cash,Inventory,1222.47,CNY,automated,batch,System,False,Synthetic journal entry for audit analytics
JE001250,2025-07-22T13:20:00,Accounts Receivable,Inventory,2184.9,CNY,automated,batch,System,False,Synthetic journal entry for audit analytics
JE001251,2025-03-14T10:00:00,Accounts Receivable,Revenue,1516.26,CNY,manual,u001,Accountant,False,Synthetic journal entry for audit analytics
JE001252,2025-08-14T13:26:00,Cash,Revenue,186689.76,CNY,automated,batch,System,False,Synthetic journal entry for audit analytics
JE001253,2025-01-16T10:15:00,Sales Returns,Inventory,10187.64,CNY,subledger,u001,Accountant,False,Synthetic journal entry for audit analytics
JE001254,2025-04-09T09:27:00,Accounts Receivable,Inventory,293559.61,CNY,subledger,u003,Senior Accountant,False,Synthetic journal entry for audit analytics
JE001255,2025-10-23T15:10:00,Accounts Receivable,Inventory,17804.05,CNY,subledger,u002,Accountant,False,Synthetic journal entry for audit analytics
JE001256,2025-03-12T14:09:00,Accounts Receivable,Inventory,14482.96,CNY,manual,u001,Accountant,False,Synthetic journal entry for audit analytics
JE001257,2025-09-24T16:12:00,Cash,Revenue,2057.77,CNY,manual,u001,Accountant,False,Synthetic journal entry for audit analytics
JE001258,2025-02-06T14:19:00,Sales Returns,Inventory,1214421.63,CNY,automated,batch,System,False,Synthetic journal entry for audit analytics
JE001259,2025-01-06T14:21:00,Accounts Receivable,Inventory,272159.88,CNY,subledger,u001,Accountant,False,Synthetic journal entry for audit analytics
JE001260,2025-02-10T12:23:00,Cash,Inventory,41315.4,CNY,subledger,u002,Accountant,False,Synthetic journal entry for audit analytics
JE001261,2025-04-01T08:18:00,Accounts Receivable,Revenue,609408.86,CNY,manual,u003,Senior Accountant,False,Synthetic journal entry for audit analytics
JE001262,2025-05-28T14:46:00,Sales Returns,Revenue,113627.64,CNY,manual,u002,Accountant,False,Synthetic journal entry for audit analytics
JE001263,2025-11-28T11:33:00,Cash,Accounts Receivable,70871.74,CNY,manual,u001,Accountant,False,Synthetic journal entry for audit analytics
JE001264,2025-07-01T16:24:00,Cash,Revenue,4860.47,CNY,automated,batch,System,False,Synthetic journal entry for audit analytics
JE001265,2025-01-03T09:44:00,Accounts Receivable,Accounts Receivable,462936.97,CNY,manual,u002,Accountant,False,Synthetic journal entry for audit analytics
JE001266,2025-07-03T10:43:00,Accounts Receivable,Accounts Receivable,8094.98,CNY,manual,u002,Accountant,False,Synthetic journal entry for audit analytics
JE001267,2025-04-13T14:52:00,Sales Returns,Inventory,17071.75,CNY,manual,u003,Senior Accountant,False,Synthetic journal entry for audit analytics
JE001268,2025-09-13T12:50:00,Sales Returns,Accounts Receivable,721305.31,CNY,manual,u001,Accountant,False,Synthetic journal entry for audit analytics
JE001269,2025-12-05T12:58:00,Sales Returns,Accounts Receivable,21350.87,CNY,subledger,u001,Accountant,False,Synthetic journal entry for audit analytics
JE001270,2025-04-25T13:09:00,Accounts Receivable,Accounts Receivable,121499.6,CNY,manual,u003,Senior Accountant,False,Synthetic journal entry for audit analytics
JE001271,2025-12-26T09:59:00,Cash,Revenue,1064.14,CNY,subledger,u001,Accountant,False,Synthetic journal entry for audit analytics
JE001272,2025-02-07T11:28:00,Sales Returns,Revenue,18839.74,CNY,manual,u004,Controller,False,Synthetic journal entry for audit analytics
JE001273,2025-01-13T09:56:00,Sales Returns,Revenue,38799.04,CNY,manual,u002,Accountant,False,Synthetic journal entry for audit analytics
JE001274,2025-05-20T14:16:00,Accounts Receivable,Revenue,44550.88,CNY,manual,u003,Senior Accountant,False,Synthetic journal entry for audit analytics
JE001275,2025-05-19T09:45:00,Sales Returns,Accounts Receivable,984726.55,CNY,subledger,u003,Senior Accountant,False,Synthetic journal entry for audit analytics
JE001276,2025-01-06T16:30:00,Accounts Receivable,Inventory,2455.38,CNY,manual,u001,Accountant,False,Synthetic journal entry for audit analytics
JE001277,2025-10-03T08:34:00,Sales Returns,Accounts Receivable,92919.29,CNY,manual,u003,Senior Accountant,False,Synthetic journal entry for audit analytics
JE001278,2025-09-01T16:45:00,Accounts Receivable,Revenue,664157.2,CNY,automated,batch,System,False,Synthetic journal entry for audit analytics
JE001279,2025-05-26T11:07:00,Sales Returns,Inventory,31794.41,CNY,subledger,u001,Accountant,False,Synthetic journal entry for audit analytics
JE001280,2025-10-12T14:19:00,Accounts Receivable,Revenue,9281.31,CNY,manual,u002,Accountant,False,Synthetic journal entry for audit analytics
JE001281,2025-09-14T10:01:00,Cash,Inventory,512244.26,CNY,manual,u001,Accountant,False,Synthetic journal entry for audit analytics
JE001282,2025-01-04T08:39:00,Cash,Accounts Receivable,132859.83,CNY,automated,batch,System,False,Synthetic journal entry for audit analytics
JE001283,2025-06-14T16:55:00,Sales Returns,Accounts Receivable,7765.02,CNY,automated,batch,System,False,Synthetic journal entry for audit analytics
JE001284,2025-09-13T16:54:00,Accounts Receivable,Revenue,11333.07,CNY,manual,u004,Controller,False,Synthetic journal entry for audit analytics
JE001285,2025-08-16T08:03:00,Sales Returns,Revenue,121710.67,CNY,automated,batch,System,False,Synthetic journal entry for audit analytics
JE001286,2025-02-17T09:57:00,Cash,Inventory,524907.0,CNY,subledger,u002,Accountant,False,Synthetic journal entry for audit analytics
JE001287,2025-12-12T10:56:00,Sales Returns,Inventory,34190.71,CNY,automated,batch,System,False,Synthetic journal entry for audit analytics
JE001288,2025-12-25T14:46:00,Accounts Receivable,Inventory,10908.82,CNY,manual,u002,Accountant,False,Synthetic journal entry for audit analytics
JE001289,2025-06-26T09:51:00,Sales Returns,Revenue,23651.35,CNY,subledger,u002,Accountant,False,Synthetic journal entry for audit analytics
JE001290,2025-07-23T13:17:00,Cash,Accounts Receivable,130635.7,CNY,manual,u001,Accountant,False,Synthetic journal entry for audit analytics
JE001291,2025-10-07T13:25:00,Sales Returns,Revenue,121622.07,CNY,automated,batch,System,False,Synthetic journal entry for audit analytics
JE001292,2025-12-30T10:55:00,Sales Returns,Accounts Receivable,16133.47,CNY,manual,u003,Senior Accountant,False,Synthetic journal entry for audit analytics
JE001293,2025-01-10T11:27:00,Accounts Receivable,Accounts Receivable,1781.59,CNY,automated,batch,System,False,Synthetic journal entry for audit analytics
JE001294,2025-02-04T17:49:00,Accounts Receivable,Revenue,107551.5,CNY,manual,u003,Senior Accountant,False,Synthetic journal entry for audit analytics
JE001295,2025-08-07T11:05:00,Accounts Receivable,Revenue,103542.07,CNY,manual,u002,Accountant,False,Synthetic journal entry for audit analytics
JE001296,2025-01-18T15:31:00,Sales Returns,Inventory,1553.99,CNY,automated,batch,System,False,Synthetic journal entry for audit analytics
JE001297,2025-11-19T16:28:00,Accounts Receivable,Inventory,1077116.61,CNY,manual,u002,Accountant,False,Synthetic journal entry for audit analytics
JE001298,2025-12-11T10:31:00,Accounts Receivable,Inventory,3346.2,CNY,automated,batch,System,False,Synthetic journal entry for audit analytics
JE001299,2025-11-10T12:21:00,Sales Returns,Inventory,311296.19,CNY,subledger,u002,Accountant,False,Synthetic journal entry for audit analytics
JE001300,2025-09-10T08:19:00,Cash,Revenue,415018.55,CNY,subledger,u002,Accountant,False,Synthetic journal entry for audit analytics
JE001301,2025-12-31T12:31:00,Cash,Inventory,3683.11,CNY,manual,u001,Accountant,False,Synthetic journal entry for audit analytics
JE001302,2025-08-29T12:53:00,Accounts Receivable,Revenue,79643.43,CNY,automated,batch,System,False,Synthetic journal entry for audit analytics
JE001303,2025-07-01T11:05:00,Sales Returns,Accounts Receivable,8348.87,CNY,manual,u003,Senior Accountant,False,Synthetic journal entry for audit analytics
JE001304,2025-02-12T13:33:00,Accounts Receivable,Revenue,122808.76,CNY,automated,batch,System,False,Synthetic journal entry for audit analytics
JE001305,2025-07-15T16:47:00,Accounts Receivable,Revenue,127293.16,CNY,automated,batch,System,False,Synthetic journal entry for audit analytics
JE001306,2025-01-19T14:21:00,Accounts Receivable,Accounts Receivable,7388.83,CNY,automated,batch,System,False,Synthetic journal entry for audit analytics
JE001307,2025-11-28T15:42:00,Accounts Receivable,Revenue,1120707.1,CNY,manual,u001,Accountant,False,Synthetic journal entry for audit analytics
JE001308,2025-08-30T18:03:00,Accounts Receivable,Inventory,2075.8,CNY,manual,u002,Accountant,False,Synthetic journal entry for audit analytics
JE001309,2025-12-18T08:50:00,Sales Returns,Inventory,1036199.43,CNY,manual,u002,Accountant,False,Synthetic journal entry for audit analytics
JE001310,2025-07-17T17:43:00,Accounts Receivable,Inventory,529736.47,CNY,automated,batch,System,False,Synthetic journal entry for audit analytics
JE001311,2025-05-04T14:33:00,Sales Returns,Accounts Receivable,78267.19,CNY,subledger,u002,Accountant,False,Synthetic journal entry for audit analytics
JE001312,2025-08-19T09:31:00,Accounts Receivable,Inventory,10730.65,CNY,subledger,u003,Senior Accountant,False,Synthetic journal entry for audit analytics
JE001313,2025-02-15T08:42:00,Cash,Accounts Receivable,482144.45,CNY,manual,u002,Accountant,False,Synthetic journal entry for audit analytics
JE001314,2025-08-29T08:27:00,Sales Returns,Accounts Receivable,631307.33,CNY,automated,batch,System,False,Synthetic journal entry for audit analytics
JE001315,2025-05-14T14:30:00,Sales Returns,Accounts Receivable,145104.56,CNY,manual,u002,Accountant,False,Synthetic journal entry for audit analytics
JE001316,2025-02-19T17:32:00,Sales Returns,Accounts Receivable,6240.85,CNY,manual,u001,Accountant,False,Synthetic journal entry for audit analytics
JE001317,2025-09-06T17:58:00,Cash,Inventory,43198.63,CNY,manual,u001,Accountant,False,Synthetic journal entry for audit analytics
JE001318,2025-03-23T15:07:00,Sales Returns,Inventory,15115.2,CNY,subledger,u001,Accountant,False,Synthetic journal entry for audit analytics
JE001319,2025-08-02T13:31:00,Sales Returns,Accounts Receivable,467245.46,CNY,manual,u001,Accountant,False,Synthetic journal entry for audit analytics
JE001320,2025-04-27T13:35:00,Sales Returns,Revenue,97297.74,CNY,automated,batch,System,False,Synthetic journal entry for audit analytics
JE001321,2025-04-23T14:58:00,Sales Returns,Accounts Receivable,71031.26,CNY,automated,batch,System,False,Synthetic journal entry for audit analytics
JE001322,2025-07-01T09:46:00,Cash,Inventory,1398.95,CNY,manual,u001,Accountant,False,Synthetic journal entry for audit analytics
JE001323,2025-08-14T10:01:00,Accounts Receivable,Accounts Receivable,11974.24,CNY,automated,batch,System,False,Synthetic journal entry for audit analytics
JE001324,2025-11-07T09:48:00,Accounts Receivable,Revenue,181894.57,CNY,manual,u003,Senior Accountant,False,Synthetic journal entry for audit analytics
JE001325,2025-08-06T11:36:00,Sales Returns,Inventory,3600.49,CNY,automated,batch,System,False,Synthetic journal entry for audit analytics
JE001326,2025-01-17T18:10:00,Cash,Revenue,3264.56,CNY,subledger,u002,Accountant,False,Synthetic journal entry for audit analytics
JE001327,2025-01-02T10:49:00,Cash,Accounts Receivable,348485.96,CNY,automated,batch,System,False,Synthetic journal entry for audit analytics
JE001328,2025-06-03T18:14:00,Sales Returns,Revenue,658933.71,CNY,automated,batch,System,False,Synthetic journal entry for audit analytics
JE001329,2025-03-25T10:28:00,Cash,Accounts Receivable,1477.96,CNY,manual,u001,Accountant,False,Synthetic journal entry for audit analytics
JE001330,2025-02-09T12:56:00,Sales Returns,Inventory,141935.16,CNY,manual,u001,Accountant,False,Synthetic journal entry for audit analytics
JE001331,2025-06-27T14:13:00,Sales Returns,Revenue,1584539.17,CNY,automated,batch,System,False,Synthetic journal entry for audit analytics
JE001332,2025-09-19T08:20:00,Accounts Receivable,Inventory,1824.88,CNY,manual,u002,Accountant,False,Synthetic journal entry for audit analytics
JE001333,2025-03-08T15:02:00,Sales Returns,Accounts Receivable,2711.92,CNY,manual,u002,Accountant,False,Synthetic journal entry for audit analytics
JE001334,2025-10-29T18:59:00,Cash,Accounts Receivable,5240.87,CNY,manual,u002,Accountant,False,Synthetic journal entry for audit analytics
JE001335,2025-09-21T08:49:00,Accounts Receivable,Accounts Receivable,35679.12,CNY,manual,u002,Accountant,False,Synthetic journal entry for audit analytics
JE001336,2025-11-28T13:19:00,Sales Returns,Inventory,17622.53,CNY,manual,u002,Accountant,False,Synthetic journal entry for audit analytics
JE001337,2025-06-27T11:58:00,Cash,Inventory,15548.45,CNY,automated,batch,System,False,Synthetic journal entry for audit analytics
JE001338,2025-02-22T10:42:00,Sales Returns,Inventory,953686.58,CNY,manual,u004,Controller,False,Synthetic journal entry for audit analytics
JE001339,2025-04-10T09:49:00,Sales Returns,Inventory,343254.27,CNY,automated,batch,System,False,Synthetic journal entry for audit analytics
JE001340,2025-09-06T11:14:00,Accounts Receivable,Inventory,1108158.47,CNY,manual,u002,Accountant,False,Synthetic journal entry for audit analytics
JE001341,2025-06-06T11:34:00,Sales Returns,Revenue,2520.84,CNY,automated,batch,System,False,Synthetic journal entry for audit analytics
JE001342,2025-01-13T17:55:00,Sales Returns,Accounts Receivable,9388.74,CNY,automated,batch,System,False,Synthetic journal entry for audit analytics
JE001343,2025-07-30T12:51:00,Accounts Receivable,Revenue,264355.75,CNY,subledger,u001,Accountant,False,Synthetic journal entry for audit analytics
JE001344,2025-05-04T15:35:00,Sales Returns,Inventory,260811.89,CNY,automated,batch,System,False,Synthetic journal entry for audit analytics
JE001345,2025-06-16T14:20:00,Accounts Receivable,Inventory,12722.24,CNY,subledger,u001,Accountant,False,Synthetic journal entry for audit analytics
JE001346,2025-11-19T17:14:00,Cash,Accounts Receivable,57362.6,CNY,automated,batch,System,False,Synthetic journal entry for audit analytics
JE001347,2025-07-03T17:56:00,Accounts Receivable,Accounts Receivable,388028.47,CNY,subledger,u004,Controller,False,Synthetic journal entry for audit analytics
JE001348,2025-11-28T15:10:00,Accounts Receivable,Accounts Receivable,7014.03,CNY,manual,u004,Controller,False,Synthetic journal entry for audit analytics
JE001349,2025-06-19T14:30:00,Accounts Receivable,Accounts Receivable,1045.32,CNY,subledger,u002,Accountant,False,Synthetic journal entry for audit analytics
JE001350,2025-09-14T09:35:00,Cash,Inventory,26456.07,CNY,subledger,u003,Senior Accountant,False,Synthetic journal entry for audit analytics
JE001351,2025-04-22T10:26:00,Cash,Revenue,15939.29,CNY,subledger,u001,Accountant,False,Synthetic journal entry for audit analytics
JE001352,2025-06-06T17:11:00,Cash,Accounts Receivable,5461.5,CNY,manual,u001,Accountant,False,Synthetic journal entry for audit analytics
JE001353,2025-10-07T10:36:00,Cash,Revenue,28087.04,CNY,automated,batch,System,False,Synthetic journal entry for audit analytics
JE001354,2025-10-12T17:44:00,Cash,Accounts Receivable,454552.57,CNY,automated,batch,System,False,Synthetic journal entry for audit analytics
JE001355,2025-12-29T08:07:00,Cash,Accounts Receivable,21894.25,CNY,automated,batch,System,False,Synthetic journal entry for audit analytics
JE001356,2025-07-25T13:11:00,Accounts Receivable,Revenue,260943.95,CNY,automated,batch,System,False,Synthetic journal entry for audit analytics
JE001357,2025-04-22T16:10:00,Cash,Revenue,1447669.28,CNY,automated,batch,System,False,Synthetic journal entry for audit analytics
JE001358,2025-04-24T15:41:00,Cash,Revenue,92630.51,CNY,automated,batch,System,False,Synthetic journal entry for audit analytics
JE001359,2025-01-08T11:37:00,Accounts Receivable,Revenue,1229.14,CNY,subledger,u001,Accountant,False,Synthetic journal entry for audit analytics
JE001360,2025-10-31T17:50:00,Sales Returns,Accounts Receivable,2046.11,CNY,subledger,u002,Accountant,False,Synthetic journal entry for audit analytics
JE001361,2025-04-26T09:12:00,Cash,Inventory,428291.9,CNY,manual,u002,Accountant,False,Synthetic journal entry for audit analytics
JE001362,2025-08-29T14:18:00,Sales Returns,Inventory,177773.65,CNY,manual,u004,Controller,False,Synthetic journal entry for audit analytics
JE001363,2025-07-08T15:52:00,Accounts Receivable,Accounts Receivable,781728.97,CNY,manual,u005,CFO,False,Synthetic journal entry for audit analytics
JE001364,2025-01-23T17:10:00,Accounts Receivable,Accounts Receivable,2105.94,CNY,manual,u003,Senior Accountant,False,Synthetic journal entry for audit analytics
JE001365,2025-11-07T09:01:00,Accounts Receivable,Revenue,8024.79,CNY,manual,u002,Accountant,False,Synthetic journal entry for audit analytics
JE001366,2025-09-02T15:52:00,Cash,Inventory,82239.83,CNY,automated,batch,System,False,Synthetic journal entry for audit analytics
JE001367,2025-12-23T08:04:00,Accounts Receivable,Revenue,1871.73,CNY,automated,batch,System,False,Synthetic journal entry for audit analytics
JE001368,2025-08-06T09:01:00,Sales Returns,Accounts Receivable,96804.23,CNY,subledger,u003,Senior Accountant,False,Synthetic journal entry for audit analytics
JE001369,2025-02-26T14:42:00,Sales Returns,Revenue,1581868.78,CNY,manual,u002,Accountant,False,Synthetic journal entry for audit analytics
JE001370,2025-02-15T16:14:00,Accounts Receivable,Accounts Receivable,2086.92,CNY,subledger,u002,Accountant,False,Synthetic journal entry for audit analytics
JE001371,2025-03-25T09:41:00,Sales Returns,Accounts Receivable,650016.45,CNY,manual,u001,Accountant,False,Synthetic journal entry for audit analytics
JE001372,2025-10-26T14:46:00,Cash,Accounts Receivable,15245.82,CNY,subledger,u001,Accountant,False,Synthetic journal entry for audit analytics
JE001373,2025-02-11T08:59:00,Accounts Receivable,Inventory,1468290.05,CNY,manual,u004,Controller,False,Synthetic journal entry for audit analytics
JE001374,2025-07-18T11:01:00,Accounts Receivable,Revenue,5885.33,CNY,automated,batch,System,False,Synthetic journal entry for audit analytics
JE001375,2025-12-22T18:06:00,Cash,Accounts Receivable,727215.32,CNY,manual,u002,Accountant,False,Synthetic journal entry for audit analytics
JE001376,2025-01-06T17:26:00,Accounts Receivable,Inventory,297234.87,CNY,automated,batch,System,False,Synthetic journal entry for audit analytics
JE001377,2025-09-27T09:28:00,Cash,Accounts Receivable,6607.4,CNY,manual,u001,Accountant,False,Synthetic journal entry for audit analytics
JE001378,2025-08-23T13:47:00,Cash,Revenue,41477.48,CNY,subledger,u002,Accountant,False,Synthetic journal entry for audit analytics
JE001379,2025-03-02T13:16:00,Sales Returns,Accounts Receivable,799536.63,CNY,manual,u002,Accountant,False,Synthetic journal entry for audit analytics
JE001380,2025-02-14T18:53:00,Accounts Receivable,Inventory,41210.36,CNY,subledger,u003,Senior Accountant,False,Synthetic journal entry for audit analytics
JE001381,2025-05-01T15:23:00,Cash,Revenue,388882.78,CNY,manual,u003,Senior Accountant,False,Synthetic journal entry for audit analytics
JE001382,2025-07-18T09:51:00,Sales Returns,Accounts Receivable,102430.66,CNY,automated,batch,System,False,Synthetic journal entry for audit analytics
JE001383,2025-02-21T17:20:00,Accounts Receivable,Inventory,334343.85,CNY,automated,batch,System,False,Synthetic journal entry for audit analytics
JE001384,2025-04-14T08:22:00,Sales Returns,Accounts Receivable,19624.41,CNY,manual,u002,Accountant,False,Synthetic journal entry for audit analytics
JE001385,2025-07-14T14:44:00,Cash,Revenue,11381.45,CNY,automated,batch,System,False,Synthetic journal entry for audit analytics
JE001386,2025-05-21T15:41:00,Sales Returns,Inventory,27013.68,CNY,automated,batch,System,False,Synthetic journal entry for audit analytics
JE001387,2025-01-02T18:19:00,Sales Returns,Accounts Receivable,162692.9,CNY,manual,u001,Accountant,False,Synthetic journal entry for audit analytics
JE001388,2025-03-24T15:35:00,Accounts Receivable,Accounts Receivable,3255.69,CNY,manual,u003,Senior Accountant,False,Synthetic journal entry for audit analytics
JE001389,2025-04-14T15:36:00,Sales Returns,Accounts Receivable,6384.72,CNY,automated,batch,System,False,Synthetic journal entry for audit analytics
JE001390,2025-08-30T17:39:00,Sales Returns,Revenue,2108.32,CNY,automated,batch,System,False,Synthetic journal entry for audit analytics
JE001391,2025-06-28T08:48:00,Accounts Receivable,Revenue,2423.84,CNY,subledger,u001,Accountant,False,Synthetic journal entry for audit analytics
JE001392,2025-09-09T18:16:00,Accounts Receivable,Accounts Receivable,85466.42,CNY,manual,u001,Accountant,False,Synthetic journal entry for audit analytics
JE001393,2025-08-22T08:01:00,Accounts Receivable,Inventory,2606.02,CNY,automated,batch,System,False,Synthetic journal entry for audit analytics
JE001394,2025-12-14T09:29:00,Cash,Accounts Receivable,16756.34,CNY,subledger,u004,Controller,False,Synthetic journal entry for audit analytics
JE001395,2025-04-17T09:31:00,Accounts Receivable,Accounts Receivable,6603.54,CNY,manual,u001,Accountant,False,Synthetic journal entry for audit analytics
JE001396,2025-03-21T17:11:00,Sales Returns,Accounts Receivable,1653.74,CNY,manual,u001,Accountant,False,Synthetic journal entry for audit analytics
JE001397,2025-03-21T08:59:00,Cash,Revenue,2709.86,CNY,automated,batch,System,False,Synthetic journal entry for audit analytics
JE001398,2025-12-12T13:09:00,Sales Returns,Accounts Receivable,11167.96,CNY,manual,u002,Accountant,False,Synthetic journal entry for audit analytics
JE001399,2025-09-11T15:17:00,Accounts Receivable,Inventory,1282.78,CNY,subledger,u002,Accountant,False,Synthetic journal entry for audit analytics
JE001400,2025-03-23T13:25:00,Sales Returns,Revenue,918377.83,CNY,manual,u001,Accountant,False,Synthetic journal entry for audit analytics
JE001401,2025-04-12T17:39:00,Cash,Inventory,21185.5,CNY,manual,u003,Senior Accountant,False,Synthetic journal entry for audit analytics
JE001402,2025-04-18T12:23:00,Cash,Inventory,1633.92,CNY,manual,u001,Accountant,False,Synthetic journal entry for audit analytics
JE001403,2025-04-01T17:15:00,Cash,Inventory,872395.88,CNY,subledger,u003,Senior Accountant,False,Synthetic journal entry for audit analytics
JE001404,2025-11-24T18:06:00,Accounts Receivable,Revenue,13615.55,CNY,manual,u001,Accountant,False,Synthetic journal entry for audit analytics
JE001405,2025-05-05T12:10:00,Cash,Revenue,5463.19,CNY,subledger,u001,Accountant,False,Synthetic journal entry for audit analytics
JE001406,2025-01-14T17:23:00,Sales Returns,Revenue,282772.47,CNY,automated,batch,System,False,Synthetic journal entry for audit analytics
JE001407,2025-12-20T15:12:00,Sales Returns,Accounts Receivable,406395.69,CNY,subledger,u002,Accountant,False,Synthetic journal entry for audit analytics
JE001408,2025-12-27T10:12:00,Sales Returns,Revenue,1089.78,CNY,manual,u001,Accountant,False,Synthetic journal entry for audit analytics
JE001409,2025-03-05T15:10:00,Accounts Receivable,Revenue,4382.54,CNY,manual,u001,Accountant,False,Synthetic journal entry for audit analytics
JE001410,2025-11-25T15:06:00,Sales Returns,Accounts Receivable,25265.63,CNY,automated,batch,System,False,Synthetic journal entry for audit analytics
JE001411,2025-11-05T16:23:00,Sales Returns,Inventory,193036.52,CNY,automated,batch,System,False,Synthetic journal entry for audit analytics
JE001412,2025-03-20T08:00:00,Sales Returns,Inventory,273752.02,CNY,subledger,u001,Accountant,False,Synthetic journal entry for audit analytics
JE001413,2025-05-26T17:49:00,Sales Returns,Inventory,119935.38,CNY,manual,u002,Accountant,False,Synthetic journal entry for audit analytics
JE001414,2025-01-31T08:18:00,Cash,Revenue,1047856.67,CNY,automated,batch,System,False,Synthetic journal entry for audit analytics
JE001415,2025-10-15T09:57:00,Accounts Receivable,Accounts Receivable,43256.3,CNY,manual,u001,Accountant,False,Synthetic journal entry for audit analytics
JE001416,2025-06-16T09:35:00,Cash,Revenue,2059.59,CNY,manual,u005,CFO,False,Synthetic journal entry for audit analytics
JE001417,2025-01-19T08:10:00,Accounts Receivable,Accounts Receivable,1425886.22,CNY,manual,u001,Accountant,False,Synthetic journal entry for audit analytics
JE001418,2025-05-21T18:48:00,Sales Returns,Inventory,134339.67,CNY,automated,batch,System,False,Synthetic journal entry for audit analytics
JE001419,2025-04-23T09:36:00,Accounts Receivable,Accounts Receivable,42557.74,CNY,automated,batch,System,False,Synthetic journal entry for audit analytics
JE001420,2025-02-28T13:25:00,Sales Returns,Inventory,26190.45,CNY,automated,batch,System,False,Synthetic journal entry for audit analytics
JE001421,2025-09-01T09:18:00,Cash,Accounts Receivable,1792.4,CNY,automated,batch,System,False,Synthetic journal entry for audit analytics
JE001422,2025-04-30T10:01:00,Sales Returns,Revenue,43864.86,CNY,manual,u003,Senior Accountant,False,Synthetic journal entry for audit analytics
JE001423,2025-10-10T12:48:00,Sales Returns,Accounts Receivable,993518.8,CNY,subledger,u001,Accountant,False,Synthetic journal entry for audit analytics
JE001424,2025-04-18T15:42:00,Cash,Revenue,4452.79,CNY,automated,batch,System,False,Synthetic journal entry for audit analytics
JE001425,2025-05-12T12:57:00,Sales Returns,Accounts Receivable,5500.75,CNY,subledger,u002,Accountant,False,Synthetic journal entry for audit analytics
JE001426,2025-06-29T11:00:00,Accounts Receivable,Inventory,4190.6,CNY,subledger,u002,Accountant,False,Synthetic journal entry for audit analytics
JE001427,2025-10-13T18:05:00,Cash,Revenue,11566.41,CNY,manual,u001,Accountant,False,Synthetic journal entry for audit analytics
JE001428,2025-04-22T18:51:00,Cash,Revenue,2816.94,CNY,automated,batch,System,False,Synthetic journal entry for audit analytics
JE001429,2025-02-04T17:55:00,Sales Returns,Accounts Receivable,6365.42,CNY,automated,batch,System,False,Synthetic journal entry for audit analytics
JE001430,2025-09-04T15:14:00,Cash,Revenue,303530.61,CNY,subledger,u001,Accountant,False,Synthetic journal entry for audit analytics
JE001431,2025-08-03T18:16:00,Cash,Inventory,1050.12,CNY,automated,batch,System,False,Synthetic journal entry for audit analytics
JE001432,2025-01-14T17:16:00,Accounts Receivable,Revenue,959150.29,CNY,automated,batch,System,False,Synthetic journal entry for audit analytics
JE001433,2025-02-19T11:43:00,Cash,Inventory,123356.65,CNY,manual,u001,Accountant,False,Synthetic journal entry for audit analytics
JE001434,2025-02-06T17:10:00,Cash,Accounts Receivable,95321.23,CNY,subledger,u001,Accountant,False,Synthetic journal entry for audit analytics
JE001435,2025-03-23T16:14:00,Cash,Revenue,4423.63,CNY,automated,batch,System,False,Synthetic journal entry for audit analytics
JE001436,2025-04-25T09:21:00,Accounts Receivable,Inventory,391161.61,CNY,subledger,u005,CFO,False,Synthetic journal entry for audit analytics
JE001437,2025-03-11T11:45:00,Cash,Accounts Receivable,11684.26,CNY,subledger,u001,Accountant,False,Synthetic journal entry for audit analytics
JE001438,2025-06-28T09:16:00,Sales Returns,Inventory,1362955.8,CNY,automated,batch,System,False,Synthetic journal entry for audit analytics
JE001439,2025-01-30T08:37:00,Sales Returns,Revenue,1089.18,CNY,manual,u003,Senior Accountant,False,Synthetic journal entry for audit analytics
JE001440,2025-08-09T11:56:00,Cash,Revenue,163827.51,CNY,subledger,u004,Controller,False,Synthetic journal entry for audit analytics
JE001441,2025-12-12T17:07:00,Sales Returns,Accounts Receivable,16402.23,CNY,automated,batch,System,False,Synthetic journal entry for audit analytics
JE001442,2025-06-09T16:01:00,Accounts Receivable,Inventory,10978.84,CNY,automated,batch,System,False,Synthetic journal entry for audit analytics
JE001443,2025-09-07T17:13:00,Accounts Receivable,Revenue,47761.76,CNY,subledger,u002,Accountant,False,Synthetic journal entry for audit analytics
JE001444,2025-06-03T18:25:00,Sales Returns,Revenue,7504.39,CNY,manual,u001,Accountant,False,Synthetic journal entry for audit analytics
JE001445,2025-08-06T17:05:00,Cash,Accounts Receivable,90382.3,CNY,manual,u002,Accountant,False,Synthetic journal entry for audit analytics
JE001446,2025-05-05T16:30:00,Sales Returns,Revenue,1986.03,CNY,automated,batch,System,False,Synthetic journal entry for audit analytics
JE001447,2025-07-19T17:58:00,Sales Returns,Accounts Receivable,1375811.99,CNY,manual,u001,Accountant,False,Synthetic journal entry for audit analytics
JE001448,2025-09-23T12:08:00,Cash,Revenue,7035.49,CNY,subledger,u002,Accountant,False,Synthetic journal entry for audit analytics
JE001449,2025-09-02T15:48:00,Sales Returns,Inventory,15631.73,CNY,automated,batch,System,False,Synthetic journal entry for audit analytics
JE001450,2025-10-08T18:30:00,Sales Returns,Accounts Receivable,2881.5,CNY,manual,u002,Accountant,False,Synthetic journal entry for audit analytics
JE001451,2025-05-28T08:49:00,Accounts Receivable,Inventory,23158.98,CNY,manual,u001,Accountant,False,Synthetic journal entry for audit analytics
JE001452,2025-12-13T12:14:00,Sales Returns,Revenue,83460.51,CNY,automated,batch,System,False,Synthetic journal entry for audit analytics
JE001453,2025-01-01T14:33:00,Sales Returns,Revenue,5987.86,CNY,subledger,u004,Controller,False,Synthetic journal entry for audit analytics
JE001454,2025-06-13T17:56:00,Cash,Revenue,1456.45,CNY,automated,batch,System,False,Synthetic journal entry for audit analytics
JE001455,2025-09-13T13:49:00,Accounts Receivable,Revenue,1979.33,CNY,manual,u001,Accountant,False,Synthetic journal entry for audit analytics
JE001456,2025-02-23T11:26:00,Sales Returns,Revenue,112788.3,CNY,manual,u001,Accountant,False,Synthetic journal entry for audit analytics
JE001457,2025-05-11T18:34:00,Cash,Inventory,5844.48,CNY,manual,u004,Controller,False,Synthetic journal entry for audit analytics
JE001458,2025-02-07T15:01:00,Sales Returns,Revenue,3224.92,CNY,automated,batch,System,False,Synthetic journal entry for audit analytics
JE001459,2025-01-09T16:08:00,Sales Returns,Revenue,1228.07,CNY,subledger,u002,Accountant,False,Synthetic journal entry for audit analytics
JE001460,2025-04-25T14:19:00,Accounts Receivable,Inventory,62215.26,CNY,automated,batch,System,False,Synthetic journal entry for audit analytics
JE001461,2025-11-23T11:47:00,Sales Returns,Inventory,2855.24,CNY,automated,batch,System,False,Synthetic journal entry for audit analytics
JE001462,2025-06-25T17:50:00,Cash,Inventory,32720.61,CNY,manual,u003,Senior Accountant,False,Synthetic journal entry for audit analytics
JE001463,2025-11-30T08:06:00,Sales Returns,Revenue,30436.35,CNY,automated,batch,System,False,Synthetic journal entry for audit analytics
JE001464,2025-07-05T17:39:00,Cash,Revenue,3013.76,CNY,manual,u002,Accountant,False,Synthetic journal entry for audit analytics
JE001465,2025-08-17T12:26:00,Accounts Receivable,Inventory,1515583.03,CNY,subledger,u001,Accountant,False,Synthetic journal entry for audit analytics
JE001466,2025-01-14T12:24:00,Cash,Inventory,24461.95,CNY,automated,batch,System,False,Synthetic journal entry for audit analytics
JE001467,2025-06-28T09:31:00,Sales Returns,Inventory,2489.21,CNY,automated,batch,System,False,Synthetic journal entry for audit analytics
JE001468,2025-10-23T11:22:00,Sales Returns,Accounts Receivable,18342.5,CNY,manual,u003,Senior Accountant,False,Synthetic journal entry for audit analytics
JE001469,2025-06-26T10:11:00,Cash,Revenue,9870.99,CNY,manual,u003,Senior Accountant,False,Synthetic journal entry for audit analytics
JE001470,2025-04-29T09:23:00,Sales Returns,Accounts Receivable,141046.28,CNY,automated,batch,System,False,Synthetic journal entry for audit analytics
JE001471,2025-03-17T16:58:00,Cash,Revenue,976859.4,CNY,manual,u003,Senior Accountant,False,Synthetic journal entry for audit analytics
JE001472,2025-05-06T18:20:00,Cash,Accounts Receivable,10872.57,CNY,subledger,u003,Senior Accountant,False,Synthetic journal entry for audit analytics
JE001473,2025-03-15T09:11:00,Cash,Revenue,863618.17,CNY,automated,batch,System,False,Synthetic journal entry for audit analytics
JE001474,2025-12-03T08:28:00,Cash,Accounts Receivable,944359.99,CNY,automated,batch,System,False,Synthetic journal entry for audit analytics
JE001475,2025-01-24T17:51:00,Sales Returns,Revenue,158053.17,CNY,automated,batch,System,False,Synthetic journal entry for audit analytics
JE001476,2025-02-02T16:27:00,Cash,Revenue,15595.36,CNY,automated,batch,System,False,Synthetic journal entry for audit analytics
JE001477,2025-01-13T08:11:00,Accounts Receivable,Inventory,15801.57,CNY,subledger,u002,Accountant,False,Synthetic journal entry for audit analytics
JE001478,2025-09-25T11:43:00,Cash,Revenue,78492.21,CNY,subledger,u001,Accountant,False,Synthetic journal entry for audit analytics
JE001479,2025-01-19T15:14:00,Sales Returns,Revenue,379667.18,CNY,subledger,u001,Accountant,False,Synthetic journal entry for audit analytics
JE001480,2025-08-11T17:59:00,Cash,Accounts Receivable,14446.88,CNY,manual,u001,Accountant,False,Synthetic journal entry for audit analytics
JE001481,2025-08-20T15:27:00,Cash,Accounts Receivable,37148.25,CNY,automated,batch,System,False,Synthetic journal entry for audit analytics
JE001482,2025-08-30T08:38:00,Sales Returns,Inventory,215078.7,CNY,automated,batch,System,False,Synthetic journal entry for audit analytics
JE001483,2025-03-23T08:18:00,Sales Returns,Accounts Receivable,77655.65,CNY,subledger,u001,Accountant,False,Synthetic journal entry for audit analytics
JE001484,2025-12-29T11:44:00,Cash,Revenue,405984.14,CNY,automated,batch,System,False,Synthetic journal entry for audit analytics
JE001485,2025-08-11T13:20:00,Accounts Receivable,Accounts Receivable,6126.06,CNY,manual,u001,Accountant,False,Synthetic journal entry for audit analytics
JE001486,2025-06-27T10:04:00,Cash,Accounts Receivable,24783.95,CNY,manual,u004,Controller,False,Synthetic journal entry for audit analytics
JE001487,2025-03-27T08:12:00,Sales Returns,Accounts Receivable,238107.44,CNY,automated,batch,System,False,Synthetic journal entry for audit analytics
JE001488,2025-12-02T09:33:00,Sales Returns,Accounts Receivable,245164.65,CNY,manual,u001,Accountant,False,Synthetic journal entry for audit analytics
JE001489,2025-04-03T13:11:00,Accounts Receivable,Inventory,5973.43,CNY,manual,u002,Accountant,False,Synthetic journal entry for audit analytics
JE001490,2025-03-09T17:54:00,Accounts Receivable,Revenue,374646.7,CNY,manual,u003,Senior Accountant,False,Synthetic journal entry for audit analytics
JE001491,2025-03-05T11:18:00,Accounts Receivable,Accounts Receivable,136828.57,CNY,automated,batch,System,False,Synthetic journal entry for audit analytics
JE001492,2025-08-05T17:00:00,Sales Returns,Accounts Receivable,363273.83,CNY,manual,u001,Accountant,False,Synthetic journal entry for audit analytics
JE001493,2025-09-01T16:37:00,Accounts Receivable,Revenue,5610.21,CNY,manual,u003,Senior Accountant,False,Synthetic journal entry for audit analytics
JE001494,2025-02-05T13:21:00,Cash,Accounts Receivable,1631.04,CNY,subledger,u002,Accountant,False,Synthetic journal entry for audit analytics
JE001495,2025-01-10T17:46:00,Accounts Receivable,Inventory,1551465.15,CNY,subledger,u002,Accountant,False,Synthetic journal entry for audit analytics
JE001496,2025-02-13T15:47:00,Sales Returns,Inventory,1054.69,CNY,automated,batch,System,False,Synthetic journal entry for audit analytics
JE001497,2025-10-28T14:33:00,Sales Returns,Revenue,1849.09,CNY,manual,u002,Accountant,False,Synthetic journal entry for audit analytics
JE001498,2025-01-08T14:03:00,Sales Returns,Inventory,2664.9,CNY,automated,batch,System,False,Synthetic journal entry for audit analytics
JE001499,2025-10-14T13:11:00,Sales Returns,Revenue,38612.82,CNY,subledger,u002,Accountant,False,Synthetic journal entry for audit analytics
JE001500,2025-06-10T09:04:00,Cash,Revenue,5607.7,CNY,manual,u003,Senior Accountant,False,Synthetic journal entry for audit analytics
JE001501,2025-08-18T18:24:00,Cash,Inventory,200458.79,CNY,manual,u003,Senior Accountant,False,Synthetic journal entry for audit analytics
JE001502,2025-04-18T11:33:00,Cash,Accounts Receivable,5774.09,CNY,subledger,u003,Senior Accountant,False,Synthetic journal entry for audit analytics
JE001503,2025-04-02T17:53:00,Sales Returns,Accounts Receivable,1161655.84,CNY,automated,batch,System,False,Synthetic journal entry for audit analytics
JE001504,2025-03-23T09:06:00,Cash,Inventory,144892.26,CNY,subledger,u003,Senior Accountant,False,Synthetic journal entry for audit analytics
JE001505,2025-03-07T14:56:00,Accounts Receivable,Inventory,8430.86,CNY,manual,u001,Accountant,False,Synthetic journal entry for audit analytics
JE001506,2025-03-23T12:36:00,Sales Returns,Accounts Receivable,33258.91,CNY,automated,batch,System,False,Synthetic journal entry for audit analytics
JE001507,2025-05-02T08:04:00,Cash,Inventory,959479.01,CNY,manual,u003,Senior Accountant,False,Synthetic journal entry for audit analytics
JE001508,2025-09-04T09:52:00,Cash,Inventory,178846.89,CNY,manual,u002,Accountant,False,Synthetic journal entry for audit analytics
JE001509,2025-09-10T08:45:00,Cash,Accounts Receivable,11241.84,CNY,manual,u001,Accountant,False,Synthetic journal entry for audit analytics
JE001510,2025-02-25T09:18:00,Cash,Revenue,9085.06,CNY,manual,u003,Senior Accountant,False,Synthetic journal entry for audit analytics
JE001511,2025-09-04T09:58:00,Sales Returns,Accounts Receivable,16342.4,CNY,manual,u002,Accountant,False,Synthetic journal entry for audit analytics
JE001512,2025-05-29T10:49:00,Accounts Receivable,Revenue,2322.0,CNY,automated,batch,System,False,Synthetic journal entry for audit analytics
JE001513,2025-11-24T13:39:00,Accounts Receivable,Accounts Receivable,739143.05,CNY,subledger,u005,CFO,False,Synthetic journal entry for audit analytics
JE001514,2025-03-12T09:39:00,Accounts Receivable,Accounts Receivable,392407.67,CNY,automated,batch,System,False,Synthetic journal entry for audit analytics
JE001515,2025-08-18T09:26:00,Accounts Receivable,Accounts Receivable,379480.43,CNY,subledger,u002,Accountant,False,Synthetic journal entry for audit analytics
JE001516,2025-03-03T15:38:00,Sales Returns,Accounts Receivable,46539.71,CNY,automated,batch,System,False,Synthetic journal entry for audit analytics
JE001517,2025-06-20T11:58:00,Accounts Receivable,Accounts Receivable,100183.97,CNY,manual,u004,Controller,False,Synthetic journal entry for audit analytics
JE001518,2025-05-13T13:57:00,Sales Returns,Inventory,4129.61,CNY,manual,u002,Accountant,False,Synthetic journal entry for audit analytics
JE001519,2025-11-28T11:27:00,Sales Returns,Accounts Receivable,1410123.74,CNY,manual,u001,Accountant,False,Synthetic journal entry for audit analytics
JE001520,2025-01-13T15:20:00,Cash,Revenue,186376.28,CNY,manual,u002,Accountant,False,Synthetic journal entry for audit analytics
JE001521,2025-04-11T15:50:00,Sales Returns,Inventory,2850.0,CNY,automated,batch,System,False,Synthetic journal entry for audit analytics
JE001522,2025-04-13T18:46:00,Accounts Receivable,Inventory,1408.63,CNY,manual,u003,Senior Accountant,False,Synthetic journal entry for audit analytics
JE001523,2025-04-23T16:59:00,Accounts Receivable,Revenue,38325.86,CNY,subledger,u003,Senior Accountant,False,Synthetic journal entry for audit analytics
JE001524,2025-01-20T16:48:00,Sales Returns,Accounts Receivable,6423.34,CNY,automated,batch,System,False,Synthetic journal entry for audit analytics
JE001525,2025-04-22T08:07:00,Sales Returns,Inventory,888104.63,CNY,automated,batch,System,False,Synthetic journal entry for audit analytics
JE001526,2025-08-17T10:42:00,Accounts Receivable,Inventory,32842.56,CNY,subledger,u001,Accountant,False,Synthetic journal entry for audit analytics
JE001527,2025-05-18T12:10:00,Accounts Receivable,Accounts Receivable,628568.33,CNY,subledger,u001,Accountant,False,Synthetic journal entry for audit analytics
JE001528,2025-04-13T10:46:00,Sales Returns,Accounts Receivable,114892.07,CNY,automated,batch,System,False,Synthetic journal entry for audit analytics
JE001529,2025-03-20T14:56:00,Sales Returns,Inventory,26504.29,CNY,subledger,u002,Accountant,False,Synthetic journal entry for audit analytics
JE001530,2025-12-12T17:25:00,Sales Returns,Revenue,488138.62,CNY,manual,u003,Senior Accountant,False,Synthetic journal entry for audit analytics
JE001531,2025-01-04T11:58:00,Cash,Inventory,1075.7,CNY,automated,batch,System,False,Synthetic journal entry for audit analytics
JE001532,2025-08-22T09:25:00,Cash,Inventory,21485.74,CNY,manual,u003,Senior Accountant,False,Synthetic journal entry for audit analytics
JE001533,2025-09-13T17:34:00,Accounts Receivable,Accounts Receivable,4010.19,CNY,automated,batch,System,False,Synthetic journal entry for audit analytics
JE001534,2025-01-22T14:12:00,Accounts Receivable,Revenue,14064.11,CNY,subledger,u001,Accountant,False,Synthetic journal entry for audit analytics
JE001535,2025-12-22T17:23:00,Accounts Receivable,Revenue,1096.84,CNY,subledger,u003,Senior Accountant,False,Synthetic journal entry for audit analytics
JE001536,2025-09-25T13:14:00,Accounts Receivable,Accounts Receivable,453002.61,CNY,subledger,u001,Accountant,False,Synthetic journal entry for audit analytics
JE001537,2025-05-29T15:57:00,Cash,Accounts Receivable,5934.4,CNY,manual,u001,Accountant,False,Synthetic journal entry for audit analytics
JE001538,2025-01-17T17:20:00,Sales Returns,Revenue,196173.8,CNY,automated,batch,System,False,Synthetic journal entry for audit analytics
JE001539,2025-04-12T09:54:00,Cash,Accounts Receivable,22486.37,CNY,manual,u002,Accountant,False,Synthetic journal entry for audit analytics
JE001540,2025-11-12T10:53:00,Cash,Inventory,20249.55,CNY,automated,batch,System,False,Synthetic journal entry for audit analytics
JE001541,2025-09-29T10:42:00,Cash,Accounts Receivable,1537.25,CNY,manual,u003,Senior Accountant,False,Synthetic journal entry for audit analytics
JE001542,2025-02-25T12:50:00,Accounts Receivable,Revenue,228781.24,CNY,automated,batch,System,False,Synthetic journal entry for audit analytics
JE001543,2025-01-12T12:15:00,Sales Returns,Revenue,792017.37,CNY,manual,u001,Accountant,False,Synthetic journal entry for audit analytics
JE001544,2025-11-07T09:19:00,Sales Returns,Inventory,4258.51,CNY,manual,u003,Senior Accountant,False,Synthetic journal entry for audit analytics
JE001545,2025-12-19T14:28:00,Sales Returns,Revenue,2083.9,CNY,manual,u003,Senior Accountant,False,Synthetic journal entry for audit analytics
JE001546,2025-09-26T18:28:00,Accounts Receivable,Accounts Receivable,7960.96,CNY,automated,batch,System,False,Synthetic journal entry for audit analytics
JE001547,2025-10-11T18:09:00,Accounts Receivable,Revenue,3094.66,CNY,automated,batch,System,False,Synthetic journal entry for audit analytics
JE001548,2025-11-08T18:38:00,Cash,Accounts Receivable,138677.28,CNY,automated,batch,System,False,Synthetic journal entry for audit analytics
JE001549,2025-11-01T16:33:00,Sales Returns,Inventory,14599.75,CNY,manual,u001,Accountant,False,Synthetic journal entry for audit analytics
JE001550,2025-11-30T13:26:00,Sales Returns,Revenue,109692.64,CNY,automated,batch,System,False,Synthetic journal entry for audit analytics
JE001551,2025-05-25T10:48:00,Sales Returns,Accounts Receivable,3362.93,CNY,subledger,u003,Senior Accountant,False,Synthetic journal entry for audit analytics
JE001552,2025-08-12T12:36:00,Cash,Inventory,301807.7,CNY,manual,u003,Senior Accountant,False,Synthetic journal entry for audit analytics
JE001553,2025-07-19T14:41:00,Sales Returns,Inventory,629672.9,CNY,subledger,u001,Accountant,False,Synthetic journal entry for audit analytics
JE001554,2025-02-13T11:41:00,Accounts Receivable,Revenue,604376.27,CNY,automated,batch,System,False,Synthetic journal entry for audit analytics
JE001555,2025-02-27T09:08:00,Sales Returns,Revenue,19056.5,CNY,manual,u001,Accountant,False,Synthetic journal entry for audit analytics
JE001556,2025-12-30T23:07:00,Other Receivables,Other Income,2000000,CNY,manual,u005,CFO,False,Synthetic journal entry for audit analytics
JE001557,2025-02-11T08:17:00,Sales Returns,Inventory,12810.97,CNY,subledger,u003,Senior Accountant,False,Synthetic journal entry for audit analytics
JE001558,2025-11-28T10:54:00,Cash,Revenue,46694.77,CNY,automated,batch,System,False,Synthetic journal entry for audit analytics
JE001559,2025-01-27T18:27:00,Accounts Receivable,Inventory,221198.61,CNY,manual,u002,Accountant,False,Synthetic journal entry for audit analytics
JE001560,2025-09-26T14:28:00,Cash,Inventory,344822.22,CNY,automated,batch,System,False,Synthetic journal entry for audit analytics
JE001561,2025-06-23T08:37:00,Cash,Accounts Receivable,1048615.76,CNY,manual,u003,Senior Accountant,False,Synthetic journal entry for audit analytics
JE001562,2025-06-17T09:09:00,Accounts Receivable,Accounts Receivable,1039578.88,CNY,subledger,u001,Accountant,False,Synthetic journal entry for audit analytics
JE001563,2025-07-23T11:00:00,Accounts Receivable,Revenue,38051.14,CNY,automated,batch,System,False,Synthetic journal entry for audit analytics
JE001564,2025-03-22T13:17:00,Cash,Revenue,1378310.84,CNY,manual,u002,Accountant,False,Synthetic journal entry for audit analytics
JE001565,2025-03-21T17:44:00,Cash,Accounts Receivable,3918.89,CNY,automated,batch,System,False,Synthetic journal entry for audit analytics
JE001566,2025-11-14T10:22:00,Accounts Receivable,Accounts Receivable,326119.02,CNY,subledger,u001,Accountant,False,Synthetic journal entry for audit analytics
JE001567,2025-05-13T08:06:00,Cash,Accounts Receivable,23711.04,CNY,subledger,u002,Accountant,False,Synthetic journal entry for audit analytics
JE001568,2025-07-11T11:41:00,Cash,Revenue,61466.16,CNY,manual,u002,Accountant,False,Synthetic journal entry for audit analytics
JE001569,2025-03-26T17:21:00,Accounts Receivable,Inventory,43561.33,CNY,manual,u003,Senior Accountant,False,Synthetic journal entry for audit analytics
JE001570,2025-05-08T17:17:00,Sales Returns,Revenue,145529.89,CNY,manual,u001,Accountant,False,Synthetic journal entry for audit analytics
JE001571,2025-03-02T10:43:00,Accounts Receivable,Revenue,3253.78,CNY,manual,u002,Accountant,False,Synthetic journal entry for audit analytics
JE001572,2025-09-01T18:20:00,Sales Returns,Inventory,24226.07,CNY,manual,u002,Accountant,False,Synthetic journal entry for audit analytics
JE001573,2025-09-11T14:06:00,Sales Returns,Inventory,237126.55,CNY,manual,u002,Accountant,False,Synthetic journal entry for audit analytics
JE001574,2025-03-24T12:07:00,Accounts Receivable,Revenue,965518.35,CNY,automated,batch,System,False,Synthetic journal entry for audit analytics
JE001575,2025-03-25T17:07:00,Cash,Inventory,4724.04,CNY,manual,u002,Accountant,False,Synthetic journal entry for audit analytics
JE001576,2025-04-22T13:56:00,Cash,Revenue,44567.01,CNY,manual,u002,Accountant,False,Synthetic journal entry for audit analytics
JE001577,2025-09-22T11:22:00,Sales Returns,Accounts Receivable,11857.13,CNY,manual,u001,Accountant,False,Synthetic journal entry for audit analytics
JE001578,2025-01-27T10:52:00,Accounts Receivable,Inventory,125651.97,CNY,subledger,u001,Accountant,False,Synthetic journal entry for audit analytics
JE001579,2025-05-19T17:51:00,Accounts Receivable,Revenue,7574.3,CNY,subledger,u001,Accountant,False,Synthetic journal entry for audit analytics
JE001580,2025-01-01T15:48:00,Sales Returns,Inventory,70308.16,CNY,automated,batch,System,False,Synthetic journal entry for audit analytics
JE001581,2025-06-28T17:37:00,Accounts Receivable,Inventory,16643.27,CNY,manual,u004,Controller,False,Synthetic journal entry for audit analytics
JE001582,2025-01-21T14:44:00,Cash,Inventory,296868.92,CNY,automated,batch,System,False,Synthetic journal entry for audit analytics
JE001583,2025-02-01T17:22:00,Accounts Receivable,Revenue,2512.62,CNY,automated,batch,System,False,Synthetic journal entry for audit analytics
JE001584,2025-11-04T12:30:00,Sales Returns,Accounts Receivable,125017.52,CNY,manual,u002,Accountant,False,Synthetic journal entry for audit analytics
JE001585,2025-06-26T10:43:00,Cash,Accounts Receivable,258818.81,CNY,manual,u001,Accountant,False,Synthetic journal entry for audit analytics
JE001586,2025-02-22T14:26:00,Sales Returns,Accounts Receivable,291553.44,CNY,manual,u002,Accountant,False,Synthetic journal entry for audit analytics
JE001587,2025-03-26T17:01:00,Cash,Inventory,564474.9,CNY,subledger,u002,Accountant,False,Synthetic journal entry for audit analytics
JE001588,2025-03-12T17:34:00,Sales Returns,Accounts Receivable,27287.09,CNY,manual,u001,Accountant,False,Synthetic journal entry for audit analytics
JE001589,2025-10-23T11:03:00,Cash,Accounts Receivable,4600.15,CNY,subledger,u001,Accountant,False,Synthetic journal entry for audit analytics
JE001590,2025-08-12T14:30:00,Accounts Receivable,Revenue,251377.83,CNY,subledger,u002,Accountant,False,Synthetic journal entry for audit analytics
JE001591,2025-02-25T16:39:00,Cash,Inventory,1981.46,CNY,manual,u001,Accountant,False,Synthetic journal entry for audit analytics
JE001592,2025-12-14T10:33:00,Sales Returns,Inventory,633547.34,CNY,manual,u003,Senior Accountant,False,Synthetic journal entry for audit analytics
JE001593,2025-09-27T11:09:00,Cash,Revenue,65204.96,CNY,automated,batch,System,False,Synthetic journal entry for audit analytics
JE001594,2025-11-16T08:31:00,Accounts Receivable,Accounts Receivable,484992.36,CNY,subledger,u002,Accountant,False,Synthetic journal entry for audit analytics
JE001595,2025-02-07T08:52:00,Sales Returns,Accounts Receivable,1551.38,CNY,automated,batch,System,False,Synthetic journal entry for audit analytics
JE001596,2025-06-24T17:38:00,Cash,Inventory,10302.01,CNY,automated,batch,System,False,Synthetic journal entry for audit analytics
JE001597,2025-12-09T14:55:00,Sales Returns,Revenue,24475.54,CNY,subledger,u002,Accountant,False,Synthetic journal entry for audit analytics
JE001598,2025-12-10T08:09:00,Sales Returns,Inventory,5465.73,CNY,manual,u005,CFO,False,Synthetic journal entry for audit analytics
JE001599,2025-12-07T11:45:00,Accounts Receivable,Inventory,1412.23,CNY,manual,u003,Senior Accountant,False,Synthetic journal entry for audit analytics
JE001600,2025-07-03T11:36:00,Cash,Accounts Receivable,2304.69,CNY,manual,u001,Accountant,False,Synthetic journal entry for audit analytics
JE001601,2025-11-11T08:18:00,Cash,Inventory,1185856.33,CNY,automated,batch,System,False,Synthetic journal entry for audit analytics
JE001602,2025-12-05T16:45:00,Cash,Revenue,179211.94,CNY,automated,batch,System,False,Synthetic journal entry for audit analytics
JE001603,2025-04-21T09:45:00,Cash,Inventory,4574.83,CNY,subledger,u002,Accountant,False,Synthetic journal entry for audit analytics
JE001604,2025-06-21T14:49:00,Cash,Revenue,1315.43,CNY,manual,u001,Accountant,False,Synthetic journal entry for audit analytics
JE001605,2025-03-28T16:53:00,Cash,Inventory,300315.52,CNY,manual,u001,Accountant,False,Synthetic journal entry for audit analytics
JE001606,2025-08-07T15:37:00,Cash,Inventory,1447.37,CNY,manual,u004,Controller,False,Synthetic journal entry for audit analytics
JE001607,2025-01-28T09:23:00,Accounts Receivable,Inventory,342755.7,CNY,manual,u001,Accountant,False,Synthetic journal entry for audit analytics
JE001608,2025-12-25T09:20:00,Cash,Inventory,128471.5,CNY,subledger,u005,CFO,False,Synthetic journal entry for audit analytics
JE001609,2025-06-22T10:17:00,Cash,Revenue,1858.12,CNY,manual,u002,Accountant,False,Synthetic journal entry for audit analytics
JE001610,2025-09-29T08:49:00,Accounts Receivable,Inventory,27757.95,CNY,subledger,u004,Controller,False,Synthetic journal entry for audit analytics
JE001611,2025-10-12T10:27:00,Cash,Accounts Receivable,21207.89,CNY,automated,batch,System,False,Synthetic journal entry for audit analytics
JE001612,2025-10-05T17:47:00,Accounts Receivable,Accounts Receivable,1372.13,CNY,subledger,u003,Senior Accountant,False,Synthetic journal entry for audit analytics
JE001613,2025-07-20T09:39:00,Sales Returns,Revenue,575367.73,CNY,automated,batch,System,False,Synthetic journal entry for audit analytics
JE001614,2025-02-19T16:55:00,Cash,Revenue,22255.84,CNY,manual,u002,Accountant,False,Synthetic journal entry for audit analytics
JE001615,2025-08-17T15:23:00,Cash,Inventory,38920.77,CNY,manual,u001,Accountant,False,Synthetic journal entry for audit analytics
JE001616,2025-05-21T10:59:00,Sales Returns,Inventory,4003.16,CNY,manual,u001,Accountant,False,Synthetic journal entry for audit analytics
JE001617,2025-11-10T18:48:00,Accounts Receivable,Inventory,252485.89,CNY,automated,batch,System,False,Synthetic journal entry for audit analytics
JE001618,2025-07-03T12:28:00,Sales Returns,Accounts Receivable,360441.92,CNY,manual,u002,Accountant,False,Synthetic journal entry for audit analytics
JE001619,2025-02-19T14:07:00,Sales Returns,Revenue,2139.54,CNY,manual,u002,Accountant,False,Synthetic journal entry for audit analytics
JE001620,2025-10-23T09:51:00,Accounts Receivable,Inventory,43568.44,CNY,manual,u001,Accountant,False,Synthetic journal entry for audit analytics
JE001621,2025-03-26T08:23:00,Accounts Receivable,Revenue,1459863.67,CNY,manual,u003,Senior Accountant,False,Synthetic journal entry for audit analytics
JE001622,2025-03-25T15:48:00,Accounts Receivable,Inventory,114802.88,CNY,subledger,u001,Accountant,False,Synthetic journal entry for audit analytics
JE001623,2025-01-25T10:32:00,Sales Returns,Inventory,59389.75,CNY,subledger,u001,Accountant,False,Synthetic journal entry for audit analytics
JE001624,2025-05-26T18:10:00,Accounts Receivable,Revenue,324409.6,CNY,manual,u002,Accountant,False,Synthetic journal entry for audit analytics
JE001625,2025-10-19T17:02:00,Accounts Receivable,Revenue,1210.83,CNY,subledger,u001,Accountant,False,Synthetic journal entry for audit analytics
JE001626,2025-10-31T12:09:00,Accounts Receivable,Inventory,9241.43,CNY,subledger,u002,Accountant,False,Synthetic journal entry for audit analytics
JE001627,2025-09-15T12:00:00,Cash,Inventory,5023.18,CNY,manual,u002,Accountant,False,Synthetic journal entry for audit analytics
JE001628,2025-09-04T15:59:00,Sales Returns,Revenue,1133122.97,CNY,subledger,u002,Accountant,False,Synthetic journal entry for audit analytics
JE001629,2025-07-19T08:28:00,Cash,Revenue,184982.49,CNY,subledger,u003,Senior Accountant,False,Synthetic journal entry for audit analytics
JE001630,2025-03-02T18:31:00,Accounts Receivable,Revenue,1254.42,CNY,automated,batch,System,False,Synthetic journal entry for audit analytics
JE001631,2025-04-27T10:09:00,Cash,Inventory,2921.44,CNY,subledger,u002,Accountant,False,Synthetic journal entry for audit analytics
JE001632,2025-01-24T08:45:00,Accounts Receivable,Accounts Receivable,9798.55,CNY,automated,batch,System,False,Synthetic journal entry for audit analytics
JE001633,2025-03-06T16:09:00,Sales Returns,Accounts Receivable,1030.12,CNY,manual,u001,Accountant,False,Synthetic journal entry for audit analytics
JE001634,2025-06-20T17:56:00,Sales Returns,Accounts Receivable,956789.3,CNY,automated,batch,System,False,Synthetic journal entry for audit analytics
JE001635,2025-02-15T15:23:00,Accounts Receivable,Inventory,112146.4,CNY,automated,batch,System,False,Synthetic journal entry for audit analytics
JE001636,2025-09-10T09:26:00,Cash,Accounts Receivable,26951.65,CNY,automated,batch,System,False,Synthetic journal entry for audit analytics
JE001637,2025-07-10T08:38:00,Accounts Receivable,Accounts Receivable,53730.13,CNY,manual,u003,Senior Accountant,False,Synthetic journal entry for audit analytics
JE001638,2025-05-28T15:46:00,Cash,Accounts Receivable,2904.13,CNY,manual,u001,Accountant,False,Synthetic journal entry for audit analytics
JE001639,2025-07-19T08:40:00,Sales Returns,Inventory,82931.47,CNY,subledger,u002,Accountant,False,Synthetic journal entry for audit analytics
JE001640,2025-07-17T16:08:00,Accounts Receivable,Inventory,477783.18,CNY,subledger,u001,Accountant,False,Synthetic journal entry for audit analytics
JE001641,2025-04-04T08:00:00,Cash,Revenue,3838.65,CNY,manual,u001,Accountant,False,Synthetic journal entry for audit analytics
JE001642,2025-05-15T15:14:00,Accounts Receivable,Accounts Receivable,1175.22,CNY,subledger,u003,Senior Accountant,False,Synthetic journal entry for audit analytics
JE001643,2025-06-28T10:49:00,Sales Returns,Revenue,7815.79,CNY,manual,u001,Accountant,False,Synthetic journal entry for audit analytics
JE001644,2025-06-13T14:56:00,Cash,Revenue,4904.28,CNY,automated,batch,System,False,Synthetic journal entry for audit analytics
JE001645,2025-03-24T12:15:00,Sales Returns,Inventory,72301.51,CNY,manual,u001,Accountant,False,Synthetic journal entry for audit analytics
JE001646,2025-07-30T16:12:00,Sales Returns,Accounts Receivable,3268.27,CNY,manual,u002,Accountant,False,Synthetic journal entry for audit analytics
JE001647,2025-12-03T14:47:00,Accounts Receivable,Accounts Receivable,334461.73,CNY,manual,u003,Senior Accountant,False,Synthetic journal entry for audit analytics
JE001648,2025-08-07T10:52:00,Cash,Inventory,73717.76,CNY,manual,u001,Accountant,False,Synthetic journal entry for audit analytics
JE001649,2025-02-25T09:00:00,Accounts Receivable,Accounts Receivable,74143.75,CNY,manual,u001,Accountant,False,Synthetic journal entry for audit analytics
JE001650,2025-08-21T12:05:00,Accounts Receivable,Inventory,275540.18,CNY,automated,batch,System,False,Synthetic journal entry for audit analytics
JE001651,2025-08-12T10:34:00,Cash,Inventory,101334.96,CNY,subledger,u002,Accountant,False,Synthetic journal entry for audit analytics
JE001652,2025-02-07T09:18:00,Cash,Accounts Receivable,409389.5,CNY,automated,batch,System,False,Synthetic journal entry for audit analytics
JE001653,2025-01-15T12:02:00,Accounts Receivable,Revenue,29440.44,CNY,manual,u001,Accountant,False,Synthetic journal entry for audit analytics
JE001654,2025-03-11T18:32:00,Sales Returns,Inventory,157828.36,CNY,manual,u003,Senior Accountant,False,Synthetic journal entry for audit analytics
JE001655,2025-11-30T10:28:00,Cash,Revenue,638967.51,CNY,manual,u001,Accountant,False,Synthetic journal entry for audit analytics
JE001656,2025-07-17T15:43:00,Cash,Revenue,344503.18,CNY,manual,u003,Senior Accountant,False,Synthetic journal entry for audit analytics
JE001657,2025-09-15T10:51:00,Sales Returns,Inventory,1189.53,CNY,automated,batch,System,False,Synthetic journal entry for audit analytics
JE001658,2025-04-15T09:54:00,Accounts Receivable,Accounts Receivable,2946.9,CNY,automated,batch,System,False,Synthetic journal entry for audit analytics
JE001659,2025-10-17T13:13:00,Cash,Revenue,3552.67,CNY,manual,u001,Accountant,False,Synthetic journal entry for audit analytics
JE001660,2025-03-08T18:47:00,Sales Returns,Accounts Receivable,9066.64,CNY,manual,u001,Accountant,False,Synthetic journal entry for audit analytics
JE001661,2025-12-18T12:16:00,Accounts Receivable,Inventory,3834.37,CNY,automated,batch,System,False,Synthetic journal entry for audit analytics
JE001662,2025-11-10T10:15:00,Accounts Receivable,Accounts Receivable,33532.42,CNY,automated,batch,System,False,Synthetic journal entry for audit analytics
JE001663,2025-03-30T18:45:00,Cash,Accounts Receivable,10146.53,CNY,automated,batch,System,False,Synthetic journal entry for audit analytics
JE001664,2025-12-19T18:30:00,Cash,Inventory,475186.82,CNY,automated,batch,System,False,Synthetic journal entry for audit analytics
JE001665,2025-10-21T09:49:00,Accounts Receivable,Inventory,76358.04,CNY,automated,batch,System,False,Synthetic journal entry for audit analytics
JE001666,2025-03-31T14:40:00,Sales Returns,Revenue,7069.87,CNY,automated,batch,System,False,Synthetic journal entry for audit analytics
JE001667,2025-05-06T08:14:00,Sales Returns,Inventory,6417.45,CNY,subledger,u002,Accountant,False,Synthetic journal entry for audit analytics
JE001668,2025-09-07T09:19:00,Sales Returns,Revenue,16261.68,CNY,subledger,u001,Accountant,False,Synthetic journal entry for audit analytics
JE001669,2025-05-22T08:46:00,Cash,Revenue,3942.31,CNY,manual,u001,Accountant,False,Synthetic journal entry for audit analytics
JE001670,2025-10-12T14:24:00,Sales Returns,Revenue,635775.58,CNY,automated,batch,System,False,Synthetic journal entry for audit analytics
JE001671,2025-12-07T16:42:00,Cash,Inventory,506855.51,CNY,manual,u003,Senior Accountant,False,Synthetic journal entry for audit analytics
JE001672,2025-03-12T17:53:00,Accounts Receivable,Inventory,39663.16,CNY,manual,u005,CFO,False,Synthetic journal entry for audit analytics
JE001673,2025-05-06T10:16:00,Cash,Accounts Receivable,1619.26,CNY,manual,u002,Accountant,False,Synthetic journal entry for audit analytics
JE001674,2025-08-10T08:33:00,Cash,Inventory,4168.18,CNY,subledger,u001,Accountant,False,Synthetic journal entry for audit analytics
JE001675,2025-08-19T10:48:00,Accounts Receivable,Inventory,2924.14,CNY,manual,u001,Accountant,False,Synthetic journal entry for audit analytics
JE001676,2025-04-06T15:31:00,Sales Returns,Accounts Receivable,145771.94,CNY,automated,batch,System,False,Synthetic journal entry for audit analytics
JE001677,2025-08-31T15:33:00,Accounts Receivable,Revenue,1134.26,CNY,automated,batch,System,False,Synthetic journal entry for audit analytics
JE001678,2025-11-19T10:11:00,Accounts Receivable,Accounts Receivable,1432.57,CNY,subledger,u002,Accountant,False,Synthetic journal entry for audit analytics
JE001679,2025-12-02T17:00:00,Sales Returns,Revenue,5525.96,CNY,manual,u003,Senior Accountant,False,Synthetic journal entry for audit analytics
JE001680,2025-03-17T10:33:00,Sales Returns,Accounts Receivable,1065354.85,CNY,manual,u004,Controller,False,Synthetic journal entry for audit analytics
JE001681,2025-07-15T12:55:00,Accounts Receivable,Inventory,5515.14,CNY,automated,batch,System,False,Synthetic journal entry for audit analytics
JE001682,2025-05-23T11:21:00,Accounts Receivable,Accounts Receivable,468953.71,CNY,manual,u002,Accountant,False,Synthetic journal entry for audit analytics
JE001683,2025-02-01T08:59:00,Accounts Receivable,Inventory,102643.56,CNY,automated,batch,System,False,Synthetic journal entry for audit analytics
JE001684,2025-12-04T16:29:00,Cash,Accounts Receivable,301091.22,CNY,manual,u003,Senior Accountant,False,Synthetic journal entry for audit analytics
JE001685,2025-10-17T12:19:00,Cash,Revenue,32427.9,CNY,manual,u004,Controller,False,Synthetic journal entry for audit analytics
JE001686,2025-04-17T12:53:00,Accounts Receivable,Accounts Receivable,760922.95,CNY,automated,batch,System,False,Synthetic journal entry for audit analytics
JE001687,2025-04-30T13:50:00,Sales Returns,Inventory,72776.05,CNY,automated,batch,System,False,Synthetic journal entry for audit analytics
JE001688,2025-11-05T13:08:00,Cash,Accounts Receivable,106959.79,CNY,subledger,u003,Senior Accountant,False,Synthetic journal entry for audit analytics
JE001689,2025-09-16T08:45:00,Cash,Accounts Receivable,314023.13,CNY,manual,u001,Accountant,False,Synthetic journal entry for audit analytics
JE001690,2025-08-14T14:54:00,Accounts Receivable,Revenue,20233.54,CNY,automated,batch,System,False,Synthetic journal entry for audit analytics
JE001691,2025-10-10T10:27:00,Sales Returns,Inventory,127688.64,CNY,manual,u001,Accountant,False,Synthetic journal entry for audit analytics
JE001692,2025-08-05T09:00:00,Accounts Receivable,Revenue,21284.53,CNY,automated,batch,System,False,Synthetic journal entry for audit analytics
JE001693,2025-09-30T11:52:00,Sales Returns,Inventory,125004.56,CNY,manual,u002,Accountant,False,Synthetic journal entry for audit analytics
JE001694,2025-08-24T09:04:00,Cash,Inventory,244258.59,CNY,automated,batch,System,False,Synthetic journal entry for audit analytics
JE001695,2025-06-19T09:56:00,Sales Returns,Accounts Receivable,7583.5,CNY,automated,batch,System,False,Synthetic journal entry for audit analytics
JE001696,2025-08-07T17:30:00,Sales Returns,Revenue,92804.28,CNY,manual,u002,Accountant,False,Synthetic journal entry for audit analytics
JE001697,2025-03-20T11:20:00,Sales Returns,Revenue,389326.85,CNY,manual,u002,Accountant,False,Synthetic journal entry for audit analytics
JE001698,2025-08-20T10:53:00,Sales Returns,Inventory,183782.44,CNY,manual,u003,Senior Accountant,False,Synthetic journal entry for audit analytics
JE001699,2025-02-27T16:05:00,Cash,Revenue,5915.26,CNY,automated,batch,System,False,Synthetic journal entry for audit analytics
JE001700,2025-03-18T15:22:00,Cash,Inventory,4461.3,CNY,automated,batch,System,False,Synthetic journal entry for audit analytics
JE001701,2025-06-27T09:12:00,Sales Returns,Inventory,117068.24,CNY,manual,u002,Accountant,False,Synthetic journal entry for audit analytics
JE001702,2025-06-14T08:47:00,Cash,Inventory,9255.51,CNY,manual,u003,Senior Accountant,False,Synthetic journal entry for audit analytics
JE001703,2025-06-27T10:23:00,Cash,Inventory,203422.17,CNY,automated,batch,System,False,Synthetic journal entry for audit analytics
JE001704,2025-12-21T08:13:00,Sales Returns,Accounts Receivable,1505.21,CNY,automated,batch,System,False,Synthetic journal entry for audit analytics
JE001705,2025-04-20T10:55:00,Accounts Receivable,Revenue,61004.08,CNY,manual,u002,Accountant,False,Synthetic journal entry for audit analytics
JE001706,2025-07-18T09:16:00,Cash,Accounts Receivable,9543.63,CNY,automated,batch,System,False,Synthetic journal entry for audit analytics
JE001707,2025-06-26T16:09:00,Sales Returns,Accounts Receivable,253241.96,CNY,automated,batch,System,False,Synthetic journal entry for audit analytics
JE001708,2025-08-12T10:50:00,Cash,Revenue,784083.54,CNY,manual,u001,Accountant,False,Synthetic journal entry for audit analytics
JE001709,2025-10-01T17:54:00,Sales Returns,Accounts Receivable,13881.0,CNY,manual,u003,Senior Accountant,False,Synthetic journal entry for audit analytics
JE001710,2025-08-04T11:20:00,Sales Returns,Inventory,1062.69,CNY,manual,u001,Accountant,False,Synthetic journal entry for audit analytics
JE001711,2025-04-05T13:13:00,Sales Returns,Inventory,49342.76,CNY,automated,batch,System,False,Synthetic journal entry for audit analytics
JE001712,2025-03-10T13:02:00,Sales Returns,Accounts Receivable,1555415.18,CNY,manual,u002,Accountant,False,Synthetic journal entry for audit analytics
JE001713,2025-09-11T15:14:00,Sales Returns,Revenue,1469148.54,CNY,manual,u002,Accountant,False,Synthetic journal entry for audit analytics
JE001714,2025-04-17T16:22:00,Sales Returns,Inventory,600672.41,CNY,manual,u001,Accountant,False,Synthetic journal entry for audit analytics
JE001715,2025-10-27T11:23:00,Cash,Revenue,1859.32,CNY,manual,u002,Accountant,False,Synthetic journal entry for audit analytics
JE001716,2025-05-10T16:53:00,Accounts Receivable,Revenue,48882.98,CNY,automated,batch,System,False,Synthetic journal entry for audit analytics
JE001717,2025-12-27T11:08:00,Accounts Receivable,Revenue,2676.59,CNY,manual,u003,Senior Accountant,False,Synthetic journal entry for audit analytics
JE001718,2025-07-20T17:47:00,Cash,Revenue,42408.7,CNY,manual,u002,Accountant,False,Synthetic journal entry for audit analytics
JE001719,2025-07-05T11:44:00,Accounts Receivable,Accounts Receivable,25047.41,CNY,manual,u003,Senior Accountant,False,Synthetic journal entry for audit analytics
JE001720,2025-05-13T12:04:00,Sales Returns,Accounts Receivable,6531.8,CNY,manual,u001,Accountant,False,Synthetic journal entry for audit analytics
JE001721,2025-03-10T17:31:00,Sales Returns,Accounts Receivable,14759.38,CNY,subledger,u004,Controller,False,Synthetic journal entry for audit analytics
JE001722,2025-08-13T09:07:00,Accounts Receivable,Revenue,5426.94,CNY,manual,u001,Accountant,False,Synthetic journal entry for audit analytics
JE001723,2025-06-09T12:36:00,Cash,Accounts Receivable,2839.7,CNY,manual,u002,Accountant,False,Synthetic journal entry for audit analytics
JE001724,2025-07-28T18:40:00,Accounts Receivable,Inventory,209693.43,CNY,manual,u002,Accountant,False,Synthetic journal entry for audit analytics
JE001725,2025-01-05T09:30:00,Accounts Receivable,Accounts Receivable,20337.0,CNY,automated,batch,System,False,Synthetic journal entry for audit analytics
JE001726,2025-05-24T16:16:00,Sales Returns,Inventory,270265.79,CNY,manual,u001,Accountant,False,Synthetic journal entry for audit analytics
JE001727,2025-02-10T11:34:00,Accounts Receivable,Revenue,252032.95,CNY,manual,u002,Accountant,False,Synthetic journal entry for audit analytics
JE001728,2025-09-27T14:30:00,Accounts Receivable,Revenue,1179251.94,CNY,manual,u003,Senior Accountant,False,Synthetic journal entry for audit analytics
JE001729,2025-02-19T08:08:00,Accounts Receivable,Accounts Receivable,17749.98,CNY,automated,batch,System,False,Synthetic journal entry for audit analytics
JE001730,2025-12-19T12:08:00,Cash,Inventory,687602.63,CNY,manual,u003,Senior Accountant,False,Synthetic journal entry for audit analytics
JE001731,2025-01-07T12:49:00,Accounts Receivable,Inventory,739627.76,CNY,manual,u002,Accountant,False,Synthetic journal entry for audit analytics
JE001732,2025-03-27T12:14:00,Accounts Receivable,Revenue,243856.38,CNY,subledger,u003,Senior Accountant,False,Synthetic journal entry for audit analytics
JE001733,2025-07-18T11:34:00,Accounts Receivable,Revenue,443772.78,CNY,manual,u001,Accountant,False,Synthetic journal entry for audit analytics
JE001734,2025-10-15T10:39:00,Sales Returns,Revenue,1248279.39,CNY,automated,batch,System,False,Synthetic journal entry for audit analytics
JE001735,2025-05-17T12:28:00,Cash,Accounts Receivable,58232.83,CNY,automated,batch,System,False,Synthetic journal entry for audit analytics
JE001736,2025-10-13T14:32:00,Sales Returns,Revenue,502974.62,CNY,automated,batch,System,False,Synthetic journal entry for audit analytics
JE001737,2025-06-23T18:48:00,Accounts Receivable,Inventory,154751.26,CNY,automated,batch,System,False,Synthetic journal entry for audit analytics
JE001738,2025-11-10T11:12:00,Sales Returns,Inventory,45912.6,CNY,manual,u005,CFO,False,Synthetic journal entry for audit analytics
JE001739,2025-06-02T12:13:00,Cash,Accounts Receivable,2274.94,CNY,manual,u002,Accountant,False,Synthetic journal entry for audit analytics
JE001740,2025-04-12T15:06:00,Cash,Accounts Receivable,14949.56,CNY,subledger,u004,Controller,False,Synthetic journal entry for audit analytics
JE001741,2025-10-08T11:16:00,Cash,Inventory,1992.9,CNY,automated,batch,System,False,Synthetic journal entry for audit analytics
JE001742,2025-06-03T15:16:00,Accounts Receivable,Revenue,5669.8,CNY,manual,u002,Accountant,False,Synthetic journal entry for audit analytics
JE001743,2025-09-25T14:00:00,Accounts Receivable,Revenue,2456.79,CNY,manual,u001,Accountant,False,Synthetic journal entry for audit analytics
JE001744,2025-11-04T14:58:00,Cash,Revenue,10825.43,CNY,manual,u001,Accountant,False,Synthetic journal entry for audit analytics
JE001745,2025-05-12T18:02:00,Cash,Accounts Receivable,2279.82,CNY,automated,batch,System,False,Synthetic journal entry for audit analytics
JE001746,2025-12-10T11:03:00,Sales Returns,Inventory,73970.19,CNY,subledger,u003,Senior Accountant,False,Synthetic journal entry for audit analytics
JE001747,2025-10-28T15:59:00,Cash,Revenue,3117.53,CNY,automated,batch,System,False,Synthetic journal entry for audit analytics
JE001748,2025-08-13T13:54:00,Cash,Inventory,575977.55,CNY,manual,u001,Accountant,False,Synthetic journal entry for audit analytics
JE001749,2025-02-06T11:12:00,Cash,Revenue,1692.08,CNY,automated,batch,System,False,Synthetic journal entry for audit analytics
JE001750,2025-01-28T08:32:00,Cash,Accounts Receivable,23160.55,CNY,subledger,u001,Accountant,False,Synthetic journal entry for audit analytics
JE001751,2025-11-21T08:49:00,Sales Returns,Inventory,20631.52,CNY,subledger,u002,Accountant,False,Synthetic journal entry for audit analytics
JE001752,2025-09-25T12:40:00,Accounts Receivable,Accounts Receivable,1268685.44,CNY,manual,u003,Senior Accountant,False,Synthetic journal entry for audit analytics
JE001753,2025-05-15T08:27:00,Accounts Receivable,Accounts Receivable,947341.71,CNY,manual,u003,Senior Accountant,False,Synthetic journal entry for audit analytics
JE001754,2025-05-23T08:17:00,Accounts Receivable,Accounts Receivable,825624.06,CNY,automated,batch,System,False,Synthetic journal entry for audit analytics
JE001755,2025-08-28T09:00:00,Cash,Revenue,10094.36,CNY,manual,u002,Accountant,False,Synthetic journal entry for audit analytics
JE001756,2025-12-04T16:54:00,Sales Returns,Revenue,112500.1,CNY,automated,batch,System,False,Synthetic journal entry for audit analytics
JE001757,2025-05-25T17:55:00,Cash,Inventory,1649.15,CNY,automated,batch,System,False,Synthetic journal entry for audit analytics
JE001758,2025-02-24T14:00:00,Accounts Receivable,Revenue,306307.98,CNY,manual,u001,Accountant,False,Synthetic journal entry for audit analytics
JE001759,2025-09-29T10:19:00,Sales Returns,Accounts Receivable,13429.2,CNY,subledger,u002,Accountant,False,Synthetic journal entry for audit analytics
JE001760,2025-07-01T08:28:00,Cash,Revenue,16196.01,CNY,manual,u001,Accountant,False,Synthetic journal entry for audit analytics
JE001761,2025-02-01T08:34:00,Sales Returns,Inventory,324821.39,CNY,manual,u002,Accountant,False,Synthetic journal entry for audit analytics
JE001762,2025-04-19T11:01:00,Sales Returns,Accounts Receivable,53432.52,CNY,manual,u004,Controller,False,Synthetic journal entry for audit analytics
JE001763,2025-08-05T12:41:00,Sales Returns,Accounts Receivable,11845.58,CNY,subledger,u001,Accountant,False,Synthetic journal entry for audit analytics
JE001764,2025-05-21T15:34:00,Accounts Receivable,Inventory,116092.1,CNY,automated,batch,System,False,Synthetic journal entry for audit analytics
JE001765,2025-08-08T16:19:00,Cash,Accounts Receivable,52824.98,CNY,manual,u001,Accountant,False,Synthetic journal entry for audit analytics
JE001766,2025-12-02T08:45:00,Accounts Receivable,Revenue,1522.64,CNY,automated,batch,System,False,Synthetic journal entry for audit analytics
JE001767,2025-03-17T09:12:00,Accounts Receivable,Revenue,1100.43,CNY,manual,u003,Senior Accountant,False,Synthetic journal entry for audit analytics
JE001768,2025-09-29T17:49:00,Sales Returns,Accounts Receivable,70514.25,CNY,manual,u004,Controller,False,Synthetic journal entry for audit analytics
JE001769,2025-02-04T13:57:00,Accounts Receivable,Inventory,1453.15,CNY,manual,u003,Senior Accountant,False,Synthetic journal entry for audit analytics
JE001770,2025-05-02T14:30:00,Cash,Accounts Receivable,6290.91,CNY,manual,u003,Senior Accountant,False,Synthetic journal entry for audit analytics
JE001771,2025-09-21T08:05:00,Sales Returns,Revenue,36335.3,CNY,automated,batch,System,False,Synthetic journal entry for audit analytics
JE001772,2025-09-19T16:02:00,Accounts Receivable,Revenue,307271.99,CNY,manual,u002,Accountant,False,Synthetic journal entry for audit analytics
JE001773,2025-04-12T13:22:00,Accounts Receivable,Revenue,29555.87,CNY,manual,u001,Accountant,False,Synthetic journal entry for audit analytics
JE001774,2025-08-22T18:40:00,Cash,Revenue,12719.47,CNY,automated,batch,System,False,Synthetic journal entry for audit analytics
JE001775,2025-10-01T16:52:00,Accounts Receivable,Accounts Receivable,5113.96,CNY,manual,u001,Accountant,False,Synthetic journal entry for audit analytics
JE001776,2025-02-06T16:14:00,Accounts Receivable,Revenue,1509.81,CNY,automated,batch,System,False,Synthetic journal entry for audit analytics
JE001777,2025-06-18T13:04:00,Cash,Accounts Receivable,6403.71,CNY,manual,u002,Accountant,False,Synthetic journal entry for audit analytics
JE001778,2025-06-18T12:18:00,Accounts Receivable,Inventory,111916.25,CNY,manual,u001,Accountant,False,Synthetic journal entry for audit analytics
JE001779,2025-03-06T10:26:00,Sales Returns,Revenue,9264.1,CNY,automated,batch,System,False,Synthetic journal entry for audit analytics
JE001780,2025-04-30T11:47:00,Cash,Revenue,938715.13,CNY,manual,u002,Accountant,False,Synthetic journal entry for audit analytics
JE001781,2025-12-19T12:11:00,Accounts Receivable,Accounts Receivable,2154.73,CNY,manual,u003,Senior Accountant,False,Synthetic journal entry for audit analytics
JE001782,2025-06-01T14:55:00,Accounts Receivable,Revenue,734828.46,CNY,automated,batch,System,False,Synthetic journal entry for audit analytics
JE001783,2025-08-26T18:01:00,Cash,Inventory,1722.71,CNY,subledger,u001,Accountant,False,Synthetic journal entry for audit analytics
JE001784,2025-02-25T18:16:00,Cash,Revenue,139324.23,CNY,manual,u001,Accountant,False,Synthetic journal entry for audit analytics
JE001785,2025-05-11T17:58:00,Sales Returns,Inventory,1220.2,CNY,subledger,u001,Accountant,False,Synthetic journal entry for audit analytics
JE001786,2025-11-08T14:21:00,Accounts Receivable,Inventory,34374.03,CNY,subledger,u004,Controller,False,Synthetic journal entry for audit analytics
JE001787,2025-07-27T12:40:00,Sales Returns,Revenue,185365.64,CNY,automated,batch,System,False,Synthetic journal entry for audit analytics
JE001788,2025-04-19T12:49:00,Accounts Receivable,Inventory,9037.72,CNY,subledger,u001,Accountant,False,Synthetic journal entry for audit analytics
JE001789,2025-12-19T08:57:00,Sales Returns,Accounts Receivable,41652.72,CNY,subledger,u001,Accountant,False,Synthetic journal entry for audit analytics
JE001790,2025-04-28T13:22:00,Accounts Receivable,Inventory,24739.32,CNY,manual,u001,Accountant,False,Synthetic journal entry for audit analytics
JE001791,2025-10-26T08:14:00,Accounts Receivable,Accounts Receivable,10223.73,CNY,manual,u002,Accountant,False,Synthetic journal entry for audit analytics
JE001792,2025-05-19T13:21:00,Sales Returns,Revenue,23396.07,CNY,manual,u001,Accountant,False,Synthetic journal entry for audit analytics
JE001793,2025-11-27T17:38:00,Sales Returns,Accounts Receivable,81557.65,CNY,subledger,u001,Accountant,False,Synthetic journal entry for audit analytics
JE001794,2025-11-11T17:50:00,Cash,Accounts Receivable,1940.43,CNY,manual,u001,Accountant,False,Synthetic journal entry for audit analytics
JE001795,2025-10-06T14:01:00,Accounts Receivable,Accounts Receivable,28090.02,CNY,automated,batch,System,False,Synthetic journal entry for audit analytics
JE001796,2025-03-09T12:56:00,Cash,Revenue,2326.26,CNY,subledger,u002,Accountant,False,Synthetic journal entry for audit analytics
JE001797,2025-06-01T17:41:00,Sales Returns,Accounts Receivable,115793.09,CNY,manual,u002,Accountant,False,Synthetic journal entry for audit analytics
JE001798,2025-12-31T13:34:00,Accounts Receivable,Revenue,16006.05,CNY,automated,batch,System,False,Synthetic journal entry for audit analytics
JE001799,2025-01-03T10:13:00,Accounts Receivable,Revenue,28673.09,CNY,manual,u004,Controller,False,Synthetic journal entry for audit analytics
JE001800,2025-04-30T18:57:00,Accounts Receivable,Inventory,81997.91,CNY,subledger,u002,Accountant,False,Synthetic journal entry for audit analytics
JE001801,2025-06-23T14:23:00,Sales Returns,Inventory,387958.12,CNY,subledger,u002,Accountant,False,Synthetic journal entry for audit analytics
JE001802,2025-06-16T17:29:00,Accounts Receivable,Inventory,1225.5,CNY,manual,u002,Accountant,False,Synthetic journal entry for audit analytics
JE001803,2025-07-25T14:36:00,Cash,Accounts Receivable,27851.22,CNY,automated,batch,System,False,Synthetic journal entry for audit analytics
JE001804,2025-04-29T18:18:00,Cash,Inventory,1991.56,CNY,automated,batch,System,False,Synthetic journal entry for audit analytics
JE001805,2025-07-16T11:50:00,Accounts Receivable,Revenue,5086.53,CNY,manual,u003,Senior Accountant,False,Synthetic journal entry for audit analytics
JE001806,2025-09-25T15:22:00,Sales Returns,Accounts Receivable,438590.6,CNY,manual,u003,Senior Accountant,False,Synthetic journal entry for audit analytics
JE001807,2025-08-20T14:48:00,Sales Returns,Revenue,1020.55,CNY,subledger,u001,Accountant,False,Synthetic journal entry for audit analytics
JE001808,2025-11-01T14:59:00,Sales Returns,Revenue,5070.47,CNY,subledger,u002,Accountant,False,Synthetic journal entry for audit analytics
JE001809,2025-03-15T08:08:00,Sales Returns,Inventory,53421.81,CNY,automated,batch,System,False,Synthetic journal entry for audit analytics
JE001810,2025-08-17T13:50:00,Cash,Accounts Receivable,144140.93,CNY,manual,u003,Senior Accountant,False,Synthetic journal entry for audit analytics
JE001811,2025-01-26T08:38:00,Accounts Receivable,Accounts Receivable,108961.56,CNY,manual,u001,Accountant,False,Synthetic journal entry for audit analytics
JE001812,2025-07-14T18:52:00,Cash,Inventory,1331927.57,CNY,manual,u002,Accountant,False,Synthetic journal entry for audit analytics
JE001813,2025-05-19T17:12:00,Sales Returns,Revenue,268827.27,CNY,manual,u002,Accountant,False,Synthetic journal entry for audit analytics
JE001814,2025-03-05T10:55:00,Accounts Receivable,Revenue,1152037.27,CNY,automated,batch,System,False,Synthetic journal entry for audit analytics
JE001815,2025-08-01T12:25:00,Accounts Receivable,Inventory,1619.22,CNY,automated,batch,System,False,Synthetic journal entry for audit analytics
JE001816,2025-07-19T15:13:00,Cash,Accounts Receivable,593180.7,CNY,subledger,u001,Accountant,False,Synthetic journal entry for audit analytics
JE001817,2025-08-21T11:55:00,Sales Returns,Accounts Receivable,2736.47,CNY,manual,u001,Accountant,False,Synthetic journal entry for audit analytics
JE001818,2025-04-27T17:51:00,Accounts Receivable,Revenue,136160.7,CNY,manual,u002,Accountant,False,Synthetic journal entry for audit analytics
JE001819,2025-05-30T12:13:00,Accounts Receivable,Accounts Receivable,14263.54,CNY,manual,u003,Senior Accountant,False,Synthetic journal entry for audit analytics
JE001820,2025-05-23T14:10:00,Cash,Accounts Receivable,21842.47,CNY,subledger,u004,Controller,False,Synthetic journal entry for audit analytics
JE001821,2025-06-19T17:47:00,Sales Returns,Inventory,1332718.71,CNY,automated,batch,System,False,Synthetic journal entry for audit analytics
JE001822,2025-01-08T18:28:00,Cash,Revenue,26540.94,CNY,subledger,u001,Accountant,False,Synthetic journal entry for audit analytics
JE001823,2025-11-15T13:43:00,Accounts Receivable,Revenue,28518.83,CNY,manual,u002,Accountant,False,Synthetic journal entry for audit analytics
JE001824,2025-03-25T14:22:00,Accounts Receivable,Accounts Receivable,35530.31,CNY,manual,u002,Accountant,False,Synthetic journal entry for audit analytics
JE001825,2025-03-08T12:53:00,Cash,Accounts Receivable,1450.75,CNY,automated,batch,System,False,Synthetic journal entry for audit analytics
JE001826,2025-05-11T16:40:00,Cash,Inventory,5436.59,CNY,manual,u001,Accountant,False,Synthetic journal entry for audit analytics
JE001827,2025-04-22T15:13:00,Sales Returns,Revenue,8834.31,CNY,automated,batch,System,False,Synthetic journal entry for audit analytics
JE001828,2025-03-19T13:41:00,Sales Returns,Inventory,164008.1,CNY,manual,u003,Senior Accountant,False,Synthetic journal entry for audit analytics
JE001829,2025-01-08T09:41:00,Accounts Receivable,Accounts Receivable,6361.09,CNY,manual,u003,Senior Accountant,False,Synthetic journal entry for audit analytics
JE001830,2025-07-16T16:54:00,Cash,Accounts Receivable,37392.4,CNY,automated,batch,System,False,Synthetic journal entry for audit analytics
JE001831,2025-10-25T09:23:00,Cash,Revenue,743840.6,CNY,manual,u002,Accountant,False,Synthetic journal entry for audit analytics
JE001832,2025-04-17T15:37:00,Sales Returns,Accounts Receivable,1002291.04,CNY,manual,u003,Senior Accountant,False,Synthetic journal entry for audit analytics
JE001833,2025-04-29T18:14:00,Sales Returns,Accounts Receivable,213497.24,CNY,manual,u002,Accountant,False,Synthetic journal entry for audit analytics
JE001834,2025-10-23T18:23:00,Cash,Revenue,127908.67,CNY,manual,u001,Accountant,False,Synthetic journal entry for audit analytics
JE001835,2025-06-30T09:08:00,Sales Returns,Inventory,102450.88,CNY,subledger,u002,Accountant,False,Synthetic journal entry for audit analytics
JE001836,2025-10-06T16:38:00,Accounts Receivable,Inventory,278913.61,CNY,automated,batch,System,False,Synthetic journal entry for audit analytics
JE001837,2025-12-07T08:53:00,Sales Returns,Revenue,15899.54,CNY,manual,u002,Accountant,False,Synthetic journal entry for audit analytics
JE001838,2025-10-12T10:15:00,Accounts Receivable,Accounts Receivable,12326.91,CNY,manual,u001,Accountant,False,Synthetic journal entry for audit analytics
JE001839,2025-06-29T13:00:00,Accounts Receivable,Inventory,25237.64,CNY,manual,u002,Accountant,True,Synthetic journal entry for audit analytics
JE001840,2025-04-30T14:48:00,Cash,Accounts Receivable,903261.22,CNY,manual,u002,Accountant,False,Synthetic journal entry for audit analytics
JE001841,2025-04-10T11:53:00,Sales Returns,Revenue,3495.49,CNY,subledger,u002,Accountant,False,Synthetic journal entry for audit analytics
JE001842,2025-08-04T15:42:00,Cash,Inventory,126600.7,CNY,automated,batch,System,False,Synthetic journal entry for audit analytics
JE001843,2025-12-15T16:48:00,Cash,Inventory,601375.44,CNY,automated,batch,System,False,Synthetic journal entry for audit analytics
JE001844,2025-01-06T18:07:00,Sales Returns,Revenue,3658.79,CNY,automated,batch,System,False,Synthetic journal entry for audit analytics
JE001845,2025-07-22T09:05:00,Sales Returns,Inventory,278915.98,CNY,manual,u002,Accountant,False,Synthetic journal entry for audit analytics
JE001846,2025-02-28T11:33:00,Accounts Receivable,Inventory,1053.69,CNY,manual,u001,Accountant,False,Synthetic journal entry for audit analytics
JE001847,2025-01-02T16:50:00,Sales Returns,Inventory,4356.65,CNY,manual,u001,Accountant,False,Synthetic journal entry for audit analytics
JE001848,2025-06-13T10:30:00,Cash,Accounts Receivable,3319.18,CNY,subledger,u001,Accountant,False,Synthetic journal entry for audit analytics
JE001849,2025-10-16T11:08:00,Accounts Receivable,Inventory,12934.2,CNY,subledger,u002,Accountant,False,Synthetic journal entry for audit analytics
JE001850,2025-03-19T14:48:00,Accounts Receivable,Revenue,4516.09,CNY,manual,u002,Accountant,False,Synthetic journal entry for audit analytics
JE001851,2025-03-27T09:07:00,Accounts Receivable,Revenue,1148.96,CNY,subledger,u004,Controller,False,Synthetic journal entry for audit analytics
JE001852,2025-06-29T10:36:00,Cash,Revenue,256776.18,CNY,automated,batch,System,False,Synthetic journal entry for audit analytics
JE001853,2025-12-10T08:04:00,Sales Returns,Inventory,891225.88,CNY,manual,u005,CFO,False,Synthetic journal entry for audit analytics
JE001854,2025-07-20T10:54:00,Sales Returns,Accounts Receivable,200057.94,CNY,subledger,u003,Senior Accountant,False,Synthetic journal entry for audit analytics
JE001855,2025-03-03T11:09:00,Cash,Inventory,1521.68,CNY,automated,batch,System,False,Synthetic journal entry for audit analytics
JE001856,2025-04-10T15:02:00,Accounts Receivable,Inventory,183106.71,CNY,manual,u002,Accountant,False,Synthetic journal entry for audit analytics
JE001857,2025-09-13T16:48:00,Accounts Receivable,Accounts Receivable,7977.53,CNY,manual,u001,Accountant,False,Synthetic journal entry for audit analytics
JE001858,2025-05-01T18:11:00,Sales Returns,Inventory,6440.94,CNY,automated,batch,System,False,Synthetic journal entry for audit analytics
JE001859,2025-05-10T14:27:00,Sales Returns,Accounts Receivable,121764.55,CNY,automated,batch,System,False,Synthetic journal entry for audit analytics
JE001860,2025-05-13T13:02:00,Accounts Receivable,Revenue,130924.45,CNY,subledger,u001,Accountant,False,Synthetic journal entry for audit analytics
JE001861,2025-10-10T14:18:00,Cash,Inventory,89559.52,CNY,automated,batch,System,False,Synthetic journal entry for audit analytics
JE001862,2025-10-23T15:54:00,Accounts Receivable,Revenue,33900.34,CNY,automated,batch,System,False,Synthetic journal entry for audit analytics
JE001863,2025-10-16T11:26:00,Sales Returns,Revenue,1351592.38,CNY,automated,batch,System,False,Synthetic journal entry for audit analytics
JE001864,2025-06-21T09:17:00,Accounts Receivable,Revenue,785244.95,CNY,automated,batch,System,False,Synthetic journal entry for audit analytics
JE001865,2025-03-05T11:33:00,Accounts Receivable,Accounts Receivable,20877.84,CNY,manual,u004,Controller,False,Synthetic journal entry for audit analytics
JE001866,2025-11-01T10:55:00,Sales Returns,Revenue,5558.02,CNY,subledger,u003,Senior Accountant,False,Synthetic journal entry for audit analytics
JE001867,2025-02-24T12:43:00,Sales Returns,Inventory,161088.87,CNY,manual,u001,Accountant,False,Synthetic journal entry for audit analytics
JE001868,2025-11-08T12:17:00,Accounts Receivable,Accounts Receivable,279985.25,CNY,manual,u001,Accountant,False,Synthetic journal entry for audit analytics
JE001869,2025-04-30T16:15:00,Cash,Revenue,2530.71,CNY,manual,u003,Senior Accountant,False,Synthetic journal entry for audit analytics
JE001870,2025-10-15T12:50:00,Sales Returns,Accounts Receivable,1820.11,CNY,manual,u002,Accountant,False,Synthetic journal entry for audit analytics
JE001871,2025-01-04T10:47:00,Cash,Revenue,112248.6,CNY,automated,batch,System,False,Synthetic journal entry for audit analytics
JE001872,2025-08-31T11:43:00,Sales Returns,Accounts Receivable,41788.04,CNY,manual,u003,Senior Accountant,False,Synthetic journal entry for audit analytics
JE001873,2025-03-27T08:52:00,Cash,Accounts Receivable,72023.58,CNY,manual,u003,Senior Accountant,False,Synthetic journal entry for audit analytics
JE001874,2025-09-22T09:12:00,Sales Returns,Inventory,36355.48,CNY,manual,u004,Controller,False,Synthetic journal entry for audit analytics
JE001875,2025-03-09T18:59:00,Accounts Receivable,Inventory,285382.73,CNY,manual,u003,Senior Accountant,False,Synthetic journal entry for audit analytics
JE001876,2025-09-15T14:13:00,Cash,Inventory,12665.91,CNY,subledger,u001,Accountant,False,Synthetic journal entry for audit analytics
JE001877,2025-02-28T12:24:00,Cash,Inventory,817907.16,CNY,subledger,u001,Accountant,False,Synthetic journal entry for audit analytics
JE001878,2025-11-02T10:27:00,Sales Returns,Accounts Receivable,13687.59,CNY,manual,u003,Senior Accountant,False,Synthetic journal entry for audit analytics
JE001879,2025-11-13T12:57:00,Cash,Inventory,1220686.21,CNY,manual,u001,Accountant,False,Synthetic journal entry for audit analytics
JE001880,2025-10-16T18:46:00,Sales Returns,Revenue,515671.4,CNY,automated,batch,System,False,Synthetic journal entry for audit analytics
JE001881,2025-07-20T10:09:00,Sales Returns,Revenue,35389.79,CNY,manual,u001,Accountant,False,Synthetic journal entry for audit analytics
JE001882,2025-05-14T15:33:00,Cash,Inventory,3521.81,CNY,manual,u003,Senior Accountant,False,Synthetic journal entry for audit analytics
JE001883,2025-10-21T16:14:00,Sales Returns,Revenue,166853.23,CNY,automated,batch,System,False,Synthetic journal entry for audit analytics
JE001884,2025-07-17T09:20:00,Cash,Revenue,61201.87,CNY,subledger,u001,Accountant,False,Synthetic journal entry for audit analytics
JE001885,2025-10-15T18:26:00,Sales Returns,Revenue,191929.47,CNY,subledger,u003,Senior Accountant,False,Synthetic journal entry for audit analytics
JE001886,2025-11-28T17:51:00,Accounts Receivable,Inventory,219020.4,CNY,automated,batch,System,False,Synthetic journal entry for audit analytics
JE001887,2025-09-10T08:26:00,Sales Returns,Inventory,5105.39,CNY,automated,batch,System,False,Synthetic journal entry for audit analytics
JE001888,2025-08-12T11:04:00,Accounts Receivable,Accounts Receivable,9893.42,CNY,manual,u004,Controller,False,Synthetic journal entry for audit analytics
JE001889,2025-04-20T17:31:00,Accounts Receivable,Revenue,9388.89,CNY,subledger,u003,Senior Accountant,False,Synthetic journal entry for audit analytics
JE001890,2025-09-22T14:27:00,Cash,Revenue,314107.2,CNY,manual,u002,Accountant,False,Synthetic journal entry for audit analytics
JE001891,2025-06-29T15:26:00,Accounts Receivable,Accounts Receivable,206391.3,CNY,manual,u004,Controller,False,Synthetic journal entry for audit analytics
JE001892,2025-03-19T08:13:00,Accounts Receivable,Accounts Receivable,31693.7,CNY,automated,batch,System,False,Synthetic journal entry for audit analytics
JE001893,2025-06-15T09:15:00,Sales Returns,Revenue,315693.46,CNY,subledger,u005,CFO,False,Synthetic journal entry for audit analytics
JE001894,2025-01-15T15:29:00,Accounts Receivable,Inventory,1449.73,CNY,automated,batch,System,False,Synthetic journal entry for audit analytics
JE001895,2025-12-31T18:27:00,Accounts Receivable,Revenue,84745.14,CNY,manual,u001,Accountant,False,Synthetic journal entry for audit analytics
JE001896,2025-02-11T10:56:00,Cash,Inventory,717497.92,CNY,automated,batch,System,False,Synthetic journal entry for audit analytics
JE001897,2025-01-04T12:09:00,Sales Returns,Accounts Receivable,122611.53,CNY,automated,batch,System,False,Synthetic journal entry for audit analytics
JE001898,2025-08-24T16:57:00,Sales Returns,Inventory,105718.41,CNY,automated,batch,System,False,Synthetic journal entry for audit analytics
JE001899,2025-04-04T08:31:00,Sales Returns,Revenue,231956.05,CNY,manual,u001,Accountant,False,Synthetic journal entry for audit analytics
JE001900,2025-02-21T15:50:00,Accounts Receivable,Revenue,1360.7,CNY,automated,batch,System,False,Synthetic journal entry for audit analytics
JE001901,2025-01-30T08:26:00,Accounts Receivable,Accounts Receivable,544100.8,CNY,subledger,u002,Accountant,False,Synthetic journal entry for audit analytics
JE001902,2025-08-25T12:17:00,Accounts Receivable,Inventory,258898.79,CNY,manual,u002,Accountant,False,Synthetic journal entry for audit analytics
JE001903,2025-05-15T11:49:00,Accounts Receivable,Accounts Receivable,135725.48,CNY,automated,batch,System,False,Synthetic journal entry for audit analytics
JE001904,2025-05-24T13:45:00,Cash,Inventory,3465.83,CNY,manual,u001,Accountant,False,Synthetic journal entry for audit analytics
JE001905,2025-10-13T12:14:00,Accounts Receivable,Accounts Receivable,4864.34,CNY,subledger,u001,Accountant,False,Synthetic journal entry for audit analytics
JE001906,2025-03-14T09:54:00,Cash,Revenue,28737.76,CNY,automated,batch,System,False,Synthetic journal entry for audit analytics
JE001907,2025-06-06T15:41:00,Sales Returns,Inventory,498223.34,CNY,manual,u001,Accountant,False,Synthetic journal entry for audit analytics
JE001908,2025-09-19T14:09:00,Sales Returns,Accounts Receivable,279899.12,CNY,automated,batch,System,False,Synthetic journal entry for audit analytics
JE001909,2025-06-19T16:09:00,Cash,Inventory,852089.83,CNY,manual,u002,Accountant,False,Synthetic journal entry for audit analytics
JE001910,2025-11-27T14:40:00,Sales Returns,Inventory,184396.93,CNY,subledger,u001,Accountant,False,Synthetic journal entry for audit analytics
JE001911,2025-10-03T09:16:00,Cash,Inventory,9396.93,CNY,subledger,u003,Senior Accountant,False,Synthetic journal entry for audit analytics
JE001912,2025-09-19T10:01:00,Cash,Revenue,612362.32,CNY,manual,u002,Accountant,False,Synthetic journal entry for audit analytics
JE001913,2025-12-20T16:43:00,Accounts Receivable,Inventory,15593.03,CNY,subledger,u002,Accountant,False,Synthetic journal entry for audit analytics
JE001914,2025-04-07T10:29:00,Sales Returns,Revenue,404201.83,CNY,manual,u004,Controller,False,Synthetic journal entry for audit analytics
JE001915,2025-05-16T14:28:00,Accounts Receivable,Accounts Receivable,8083.91,CNY,subledger,u003,Senior Accountant,False,Synthetic journal entry for audit analytics
JE001916,2025-02-08T09:52:00,Cash,Revenue,129335.48,CNY,manual,u002,Accountant,False,Synthetic journal entry for audit analytics
JE001917,2025-03-05T11:18:00,Cash,Revenue,121042.85,CNY,automated,batch,System,False,Synthetic journal entry for audit analytics
JE001918,2025-08-27T18:55:00,Sales Returns,Accounts Receivable,12290.5,CNY,automated,batch,System,False,Synthetic journal entry for audit analytics
JE001919,2025-12-29T08:36:00,Sales Returns,Inventory,7885.97,CNY,manual,u002,Accountant,False,Synthetic journal entry for audit analytics
JE001920,2025-12-04T17:11:00,Accounts Receivable,Revenue,2622.16,CNY,automated,batch,System,False,Synthetic journal entry for audit analytics
JE001921,2025-11-06T18:33:00,Sales Returns,Revenue,74551.93,CNY,manual,u003,Senior Accountant,False,Synthetic journal entry for audit analytics
JE001922,2025-08-26T13:38:00,Accounts Receivable,Revenue,1111.43,CNY,manual,u001,Accountant,False,Synthetic journal entry for audit analytics
JE001923,2025-07-26T11:56:00,Accounts Receivable,Revenue,14830.38,CNY,subledger,u001,Accountant,False,Synthetic journal entry for audit analytics
JE001924,2025-01-28T10:15:00,Cash,Revenue,61631.5,CNY,manual,u001,Accountant,False,Synthetic journal entry for audit analytics
JE001925,2025-06-25T10:51:00,Cash,Accounts Receivable,318924.53,CNY,automated,batch,System,False,Synthetic journal entry for audit analytics
JE001926,2025-04-16T12:06:00,Accounts Receivable,Inventory,16775.55,CNY,manual,u001,Accountant,False,Synthetic journal entry for audit analytics
JE001927,2025-12-30T11:33:00,Cash,Revenue,15548.02,CNY,manual,u002,Accountant,False,Synthetic journal entry for audit analytics
JE001928,2025-10-13T16:16:00,Sales Returns,Accounts Receivable,349942.87,CNY,automated,batch,System,False,Synthetic journal entry for audit analytics
JE001929,2025-06-11T18:06:00,Sales Returns,Revenue,1883.04,CNY,manual,u001,Accountant,False,Synthetic journal entry for audit analytics
JE001930,2025-07-02T15:20:00,Cash,Revenue,137603.72,CNY,manual,u001,Accountant,False,Synthetic journal entry for audit analytics
JE001931,2025-04-23T14:57:00,Cash,Accounts Receivable,3019.24,CNY,automated,batch,System,False,Synthetic journal entry for audit analytics
JE001932,2025-01-02T16:15:00,Sales Returns,Inventory,6379.0,CNY,automated,batch,System,False,Synthetic journal entry for audit analytics
JE001933,2025-12-03T13:43:00,Cash,Inventory,238842.15,CNY,manual,u003,Senior Accountant,False,Synthetic journal entry for audit analytics
JE001934,2025-01-19T17:33:00,Cash,Inventory,1125203.18,CNY,manual,u002,Accountant,False,Synthetic journal entry for audit analytics
JE001935,2025-09-23T16:02:00,Cash,Accounts Receivable,68896.06,CNY,subledger,u003,Senior Accountant,False,Synthetic journal entry for audit analytics
JE001936,2025-07-24T14:55:00,Cash,Accounts Receivable,1335.31,CNY,manual,u003,Senior Accountant,False,Synthetic journal entry for audit analytics
JE001937,2025-09-15T14:45:00,Accounts Receivable,Revenue,10407.41,CNY,manual,u001,Accountant,False,Synthetic journal entry for audit analytics
JE001938,2025-01-26T13:23:00,Sales Returns,Revenue,43847.75,CNY,automated,batch,System,False,Synthetic journal entry for audit analytics
JE001939,2025-08-02T09:03:00,Cash,Accounts Receivable,716908.99,CNY,manual,u002,Accountant,False,Synthetic journal entry for audit analytics
JE001940,2025-05-11T09:43:00,Accounts Receivable,Accounts Receivable,42954.74,CNY,manual,u005,CFO,False,Synthetic journal entry for audit analytics
JE001941,2025-07-04T17:15:00,Cash,Revenue,3361.0,CNY,subledger,u003,Senior Accountant,False,Synthetic journal entry for audit analytics
JE001942,2025-08-17T11:25:00,Cash,Accounts Receivable,54215.41,CNY,automated,batch,System,False,Synthetic journal entry for audit analytics
JE001943,2025-07-21T16:45:00,Sales Returns,Accounts Receivable,531687.81,CNY,manual,u004,Controller,False,Synthetic journal entry for audit analytics
JE001944,2025-03-05T15:03:00,Cash,Revenue,1320.7,CNY,manual,u001,Accountant,False,Synthetic journal entry for audit analytics
JE001945,2025-12-30T23:54:00,Other Receivables,Other Income,2000000,CNY,manual,u005,CFO,False,Synthetic journal entry for audit analytics
JE001946,2025-03-26T12:38:00,Cash,Accounts Receivable,3278.98,CNY,manual,u001,Accountant,False,Synthetic journal entry for audit analytics
JE001947,2025-01-01T18:12:00,Sales Returns,Inventory,724235.27,CNY,subledger,u002,Accountant,False,Synthetic journal entry for audit analytics
JE001948,2025-01-09T14:44:00,Accounts Receivable,Revenue,673104.6,CNY,manual,u001,Accountant,False,Synthetic journal entry for audit analytics
JE001949,2025-01-22T12:15:00,Accounts Receivable,Accounts Receivable,2702.35,CNY,automated,batch,System,False,Synthetic journal entry for audit analytics
JE001950,2025-10-27T12:57:00,Sales Returns,Revenue,21923.47,CNY,manual,u003,Senior Accountant,False,Synthetic journal entry for audit analytics
JE001951,2025-08-14T14:43:00,Accounts Receivable,Inventory,3815.62,CNY,manual,u002,Accountant,False,Synthetic journal entry for audit analytics
JE001952,2025-04-01T17:03:00,Sales Returns,Inventory,1621.66,CNY,automated,batch,System,False,Synthetic journal entry for audit analytics
JE001953,2025-01-15T13:42:00,Sales Returns,Revenue,485356.54,CNY,subledger,u003,Senior Accountant,False,Synthetic journal entry for audit analytics
JE001954,2025-07-15T16:46:00,Cash,Inventory,23361.27,CNY,automated,batch,System,False,Synthetic journal entry for audit analytics
JE001955,2025-08-10T09:08:00,Cash,Revenue,853919.51,CNY,manual,u001,Accountant,False,Synthetic journal entry for audit analytics
JE001956,2025-02-16T12:21:00,Sales Returns,Inventory,408624.21,CNY,manual,u002,Accountant,False,Synthetic journal entry for audit analytics
JE001957,2025-08-29T12:24:00,Accounts Receivable,Accounts Receivable,7493.46,CNY,manual,u001,Accountant,False,Synthetic journal entry for audit analytics
JE001958,2025-09-26T18:31:00,Cash,Revenue,926587.2,CNY,automated,batch,System,False,Synthetic journal entry for audit analytics
JE001959,2025-08-18T12:55:00,Accounts Receivable,Inventory,476817.28,CNY,subledger,u001,Accountant,False,Synthetic journal entry for audit analytics
JE001960,2025-12-27T11:48:00,Sales Returns,Accounts Receivable,502516.11,CNY,manual,u001,Accountant,False,Synthetic journal entry for audit analytics
JE001961,2025-04-23T10:58:00,Cash,Inventory,22969.31,CNY,manual,u001,Accountant,False,Synthetic journal entry for audit analytics
JE001962,2025-07-28T16:51:00,Accounts Receivable,Revenue,2052.16,CNY,manual,u005,CFO,False,Synthetic journal entry for audit analytics
JE001963,2025-12-26T14:54:00,Cash,Revenue,61504.29,CNY,manual,u002,Accountant,False,Synthetic journal entry for audit analytics
JE001964,2025-10-27T17:30:00,Accounts Receivable,Accounts Receivable,159183.72,CNY,automated,batch,System,False,Synthetic journal entry for audit analytics
JE001965,2025-07-15T14:49:00,Accounts Receivable,Revenue,11715.05,CNY,automated,batch,System,False,Synthetic journal entry for audit analytics
JE001966,2025-04-16T17:42:00,Cash,Inventory,4224.23,CNY,manual,u001,Accountant,False,Synthetic journal entry for audit analytics
JE001967,2025-04-28T11:07:00,Sales Returns,Inventory,1026120.3,CNY,manual,u001,Accountant,False,Synthetic journal entry for audit analytics
JE001968,2025-03-10T08:38:00,Cash,Accounts Receivable,277391.98,CNY,subledger,u001,Accountant,False,Synthetic journal entry for audit analytics
JE001969,2025-09-01T15:16:00,Sales Returns,Accounts Receivable,4275.91,CNY,manual,u001,Accountant,False,Synthetic journal entry for audit analytics
JE001970,2025-05-14T15:44:00,Accounts Receivable,Accounts Receivable,2585.92,CNY,automated,batch,System,False,Synthetic journal entry for audit analytics
JE001971,2025-04-28T11:57:00,Accounts Receivable,Revenue,234628.28,CNY,subledger,u001,Accountant,False,Synthetic journal entry for audit analytics
JE001972,2025-05-07T12:25:00,Accounts Receivable,Revenue,22771.93,CNY,automated,batch,System,False,Synthetic journal entry for audit analytics
JE001973,2025-08-31T13:08:00,Sales Returns,Accounts Receivable,616758.07,CNY,subledger,u001,Accountant,False,Synthetic journal entry for audit analytics
JE001974,2025-11-04T18:29:00,Accounts Receivable,Revenue,19110.9,CNY,manual,u002,Accountant,False,Synthetic journal entry for audit analytics
JE001975,2025-08-03T14:21:00,Cash,Revenue,90639.73,CNY,manual,u003,Senior Accountant,False,Synthetic journal entry for audit analytics
JE001976,2025-12-21T11:07:00,Sales Returns,Revenue,767209.64,CNY,manual,u003,Senior Accountant,False,Synthetic journal entry for audit analytics
JE001977,2025-01-15T14:20:00,Accounts Receivable,Revenue,41278.76,CNY,automated,batch,System,False,Synthetic journal entry for audit analytics
JE001978,2025-10-05T14:22:00,Cash,Inventory,1269854.0,CNY,manual,u004,Controller,False,Synthetic journal entry for audit analytics
JE001979,2025-06-26T16:44:00,Cash,Accounts Receivable,317570.48,CNY,automated,batch,System,False,Synthetic journal entry for audit analytics
JE001980,2025-09-02T08:24:00,Accounts Receivable,Accounts Receivable,666991.05,CNY,manual,u003,Senior Accountant,False,Synthetic journal entry for audit analytics
JE001981,2025-09-21T09:25:00,Sales Returns,Inventory,16389.25,CNY,automated,batch,System,False,Synthetic journal entry for audit analytics
JE001982,2025-06-01T15:47:00,Accounts Receivable,Inventory,2513.57,CNY,automated,batch,System,False,Synthetic journal entry for audit analytics
JE001983,2025-07-21T12:15:00,Sales Returns,Accounts Receivable,1030669.95,CNY,manual,u002,Accountant,False,Synthetic journal entry for audit analytics
JE001984,2025-01-08T10:37:00,Accounts Receivable,Inventory,442589.82,CNY,subledger,u003,Senior Accountant,False,Synthetic journal entry for audit analytics
JE001985,2025-11-18T13:38:00,Cash,Revenue,1917.85,CNY,manual,u003,Senior Accountant,False,Synthetic journal entry for audit analytics
JE001986,2025-12-18T12:04:00,Accounts Receivable,Accounts Receivable,20740.99,CNY,automated,batch,System,False,Synthetic journal entry for audit analytics
JE001987,2025-03-29T15:57:00,Accounts Receivable,Revenue,1237.84,CNY,manual,u001,Accountant,False,Synthetic journal entry for audit analytics
JE001988,2025-10-11T12:15:00,Cash,Revenue,1221400.95,CNY,manual,u003,Senior Accountant,False,Synthetic journal entry for audit analytics
JE001989,2025-12-20T16:25:00,Accounts Receivable,Revenue,63358.62,CNY,manual,u002,Accountant,False,Synthetic journal entry for audit analytics
JE001990,2025-07-06T14:07:00,Sales Returns,Inventory,300550.03,CNY,manual,u001,Accountant,False,Synthetic journal entry for audit analytics
JE001991,2025-09-24T09:19:00,Sales Returns,Accounts Receivable,13780.04,CNY,automated,batch,System,False,Synthetic journal entry for audit analytics
JE001992,2025-10-30T08:54:00,Cash,Revenue,1506.18,CNY,subledger,u003,Senior Accountant,False,Synthetic journal entry for audit analytics
JE001993,2025-01-18T14:30:00,Accounts Receivable,Revenue,3242.05,CNY,subledger,u001,Accountant,False,Synthetic journal entry for audit analytics
JE001994,2025-06-14T11:24:00,Sales Returns,Inventory,7093.68,CNY,manual,u002,Accountant,False,Synthetic journal entry for audit analytics
JE001995,2025-02-27T13:08:00,Sales Returns,Revenue,219611.9,CNY,subledger,u002,Accountant,False,Synthetic journal entry for audit analytics
JE001996,2025-04-01T14:28:00,Accounts Receivable,Inventory,125201.46,CNY,automated,batch,System,False,Synthetic journal entry for audit analytics
JE001997,2025-09-15T18:21:00,Cash,Inventory,1366037.72,CNY,manual,u002,Accountant,False,Synthetic journal entry for audit analytics
JE001998,2025-10-12T10:01:00,Sales Returns,Inventory,128226.35,CNY,subledger,u001,Accountant,False,Synthetic journal entry for audit analytics
JE001999,2025-09-08T18:03:00,Cash,Accounts Receivable,164347.67,CNY,manual,u002,Accountant,False,Synthetic journal entry for audit analytics
JE002000,2025-05-10T15:07:00,Accounts Receivable,Accounts Receivable,403746.12,CNY,manual,u003,Senior Accountant,False,Synthetic journal entry for audit analytics
JE002001,2025-05-30T10:02:00,Cash,Accounts Receivable,152673.21,CNY,automated,batch,System,False,Synthetic journal entry for audit analytics
JE002002,2025-07-10T09:36:00,Sales Returns,Accounts Receivable,388799.63,CNY,manual,u001,Accountant,False,Synthetic journal entry for audit analytics
JE002003,2025-02-08T10:31:00,Cash,Accounts Receivable,1271410.83,CNY,subledger,u001,Accountant,False,Synthetic journal entry for audit analytics
JE002004,2025-01-31T08:55:00,Accounts Receivable,Inventory,108009.0,CNY,subledger,u003,Senior Accountant,False,Synthetic journal entry for audit analytics
JE002005,2025-05-19T16:18:00,Accounts Receivable,Revenue,41834.27,CNY,manual,u001,Accountant,False,Synthetic journal entry for audit analytics
JE002006,2025-11-23T14:59:00,Cash,Inventory,4664.42,CNY,manual,u003,Senior Accountant,False,Synthetic journal entry for audit analytics
JE002007,2025-04-27T10:54:00,Cash,Accounts Receivable,57123.61,CNY,manual,u002,Accountant,False,Synthetic journal entry for audit analytics
JE002008,2025-07-25T15:03:00,Cash,Accounts Receivable,39173.14,CNY,subledger,u002,Accountant,False,Synthetic journal entry for audit analytics
JE002009,2025-12-12T08:03:00,Cash,Inventory,39933.63,CNY,manual,u002,Accountant,False,Synthetic journal entry for audit analytics
JE002010,2025-01-03T15:14:00,Sales Returns,Accounts Receivable,2604.42,CNY,manual,u001,Accountant,False,Synthetic journal entry for audit analytics
JE002011,2025-08-01T14:03:00,Accounts Receivable,Accounts Receivable,2149.78,CNY,automated,batch,System,False,Synthetic journal entry for audit analytics
JE002012,2025-02-05T18:25:00,Accounts Receivable,Accounts Receivable,33843.18,CNY,subledger,u002,Accountant,False,Synthetic journal entry for audit analytics
JE002013,2025-08-19T11:34:00,Cash,Accounts Receivable,3723.33,CNY,subledger,u001,Accountant,False,Synthetic journal entry for audit analytics
JE002014,2025-12-23T08:14:00,Cash,Revenue,8939.88,CNY,manual,u002,Accountant,False,Synthetic journal entry for audit analytics
JE002015,2025-10-06T11:01:00,Cash,Inventory,5144.81,CNY,subledger,u005,CFO,False,Synthetic journal entry for audit analytics
JE002016,2025-06-01T18:52:00,Sales Returns,Inventory,17349.22,CNY,automated,batch,System,False,Synthetic journal entry for audit analytics
JE002017,2025-07-06T13:45:00,Accounts Receivable,Accounts Receivable,2292.89,CNY,manual,u003,Senior Accountant,False,Synthetic journal entry for audit analytics
JE002018,2025-02-13T10:41:00,Sales Returns,Revenue,28215.75,CNY,manual,u005,CFO,False,Synthetic journal entry for audit analytics
JE002019,2025-12-01T09:45:00,Accounts Receivable,Accounts Receivable,664989.23,CNY,manual,u002,Accountant,False,Synthetic journal entry for audit analytics
JE002020,2025-08-07T14:48:00,Sales Returns,Revenue,312671.07,CNY,manual,u001,Accountant,False,Synthetic journal entry for audit analytics
JE002021,2025-07-01T12:35:00,Cash,Revenue,1139715.71,CNY,manual,u004,Controller,False,Synthetic journal entry for audit analytics
JE002022,2025-06-02T08:31:00,Cash,Revenue,53135.95,CNY,subledger,u001,Accountant,False,Synthetic journal entry for audit analytics
JE002023,2025-06-09T18:46:00,Cash,Inventory,964642.48,CNY,automated,batch,System,False,Synthetic journal entry for audit analytics
JE002024,2025-12-29T17:21:00,Cash,Inventory,7916.13,CNY,subledger,u002,Accountant,False,Synthetic journal entry for audit analytics
JE002025,2025-04-26T09:02:00,Cash,Accounts Receivable,28959.61,CNY,automated,batch,System,False,Synthetic journal entry for audit analytics
JE002026,2025-02-11T11:28:00,Sales Returns,Revenue,16194.19,CNY,subledger,u002,Accountant,False,Synthetic journal entry for audit analytics
JE002027,2025-07-14T08:12:00,Cash,Accounts Receivable,98362.26,CNY,manual,u003,Senior Accountant,False,Synthetic journal entry for audit analytics
JE002028,2025-08-19T13:51:00,Accounts Receivable,Inventory,15722.91,CNY,manual,u003,Senior Accountant,False,Synthetic journal entry for audit analytics
JE002029,2025-07-30T17:12:00,Cash,Inventory,19577.34,CNY,automated,batch,System,False,Synthetic journal entry for audit analytics
JE002030,2025-01-05T11:07:00,Cash,Revenue,13235.69,CNY,manual,u003,Senior Accountant,False,Synthetic journal entry for audit analytics
JE002031,2025-06-16T12:50:00,Sales Returns,Inventory,68911.1,CNY,manual,u001,Accountant,False,Synthetic journal entry for audit analytics
JE002032,2025-10-16T10:35:00,Sales Returns,Inventory,1070265.38,CNY,manual,u001,Accountant,False,Synthetic journal entry for audit analytics
JE002033,2025-02-20T08:19:00,Accounts Receivable,Inventory,21709.42,CNY,subledger,u001,Accountant,False,Synthetic journal entry for audit analytics
JE002034,2025-02-15T15:12:00,Accounts Receivable,Inventory,23257.02,CNY,subledger,u002,Accountant,False,Synthetic journal entry for audit analytics
JE002035,2025-07-12T16:46:00,Accounts Receivable,Accounts Receivable,238123.89,CNY,manual,u001,Accountant,False,Synthetic journal entry for audit analytics
JE002036,2025-10-18T18:46:00,Cash,Inventory,704658.46,CNY,manual,u003,Senior Accountant,False,Synthetic journal entry for audit analytics
JE002037,2025-08-03T08:30:00,Cash,Accounts Receivable,15238.95,CNY,automated,batch,System,False,Synthetic journal entry for audit analytics
JE002038,2025-09-09T16:44:00,Accounts Receivable,Accounts Receivable,13869.32,CNY,manual,u002,Accountant,False,Synthetic journal entry for audit analytics
JE002039,2025-04-23T15:17:00,Cash,Revenue,61485.31,CNY,automated,batch,System,False,Synthetic journal entry for audit analytics
JE002040,2025-10-02T15:34:00,Accounts Receivable,Accounts Receivable,33644.07,CNY,subledger,u002,Accountant,False,Synthetic journal entry for audit analytics
JE002041,2025-08-14T11:29:00,Accounts Receivable,Accounts Receivable,650457.97,CNY,manual,u001,Accountant,False,Synthetic journal entry for audit analytics
JE002042,2025-08-01T10:53:00,Accounts Receivable,Revenue,32477.07,CNY,automated,batch,System,False,Synthetic journal entry for audit analytics
JE002043,2025-09-16T08:13:00,Sales Returns,Accounts Receivable,218564.55,CNY,subledger,u002,Accountant,False,Synthetic journal entry for audit analytics
JE002044,2025-02-02T12:27:00,Sales Returns,Accounts Receivable,9632.06,CNY,automated,batch,System,False,Synthetic journal entry for audit analytics
JE002045,2025-10-14T11:36:00,Cash,Inventory,7180.1,CNY,manual,u004,Controller,False,Synthetic journal entry for audit analytics
JE002046,2025-01-28T12:25:00,Accounts Receivable,Accounts Receivable,46855.04,CNY,automated,batch,System,False,Synthetic journal entry for audit analytics
JE002047,2025-12-07T09:24:00,Cash,Accounts Receivable,33565.26,CNY,automated,batch,System,False,Synthetic journal entry for audit analytics
JE002048,2025-10-10T10:55:00,Sales Returns,Accounts Receivable,15037.01,CNY,manual,u003,Senior Accountant,False,Synthetic journal entry for audit analytics
JE002049,2025-11-29T08:25:00,Cash,Revenue,36654.63,CNY,automated,batch,System,False,Synthetic journal entry for audit analytics
JE002050,2025-07-01T09:36:00,Cash,Revenue,635942.2,CNY,subledger,u003,Senior Accountant,False,Synthetic journal entry for audit analytics
JE002051,2025-09-17T14:16:00,Sales Returns,Accounts Receivable,3731.18,CNY,automated,batch,System,False,Synthetic journal entry for audit analytics
JE002052,2025-03-08T11:48:00,Cash,Accounts Receivable,1136.35,CNY,automated,batch,System,False,Synthetic journal entry for audit analytics
JE002053,2025-08-06T18:32:00,Sales Returns,Accounts Receivable,37919.43,CNY,subledger,u002,Accountant,False,Synthetic journal entry for audit analytics
JE002054,2025-02-03T12:10:00,Sales Returns,Revenue,28272.53,CNY,manual,u001,Accountant,False,Synthetic journal entry for audit analytics
JE002055,2025-10-05T16:29:00,Accounts Receivable,Accounts Receivable,3262.72,CNY,manual,u001,Accountant,False,Synthetic journal entry for audit analytics
JE002056,2025-12-13T10:10:00,Accounts Receivable,Accounts Receivable,274892.17,CNY,automated,batch,System,False,Synthetic journal entry for audit analytics
JE002057,2025-03-20T12:36:00,Accounts Receivable,Accounts Receivable,1037657.49,CNY,manual,u001,Accountant,False,Synthetic journal entry for audit analytics
JE002058,2025-11-14T13:08:00,Sales Returns,Inventory,1326924.72,CNY,subledger,u003,Senior Accountant,False,Synthetic journal entry for audit analytics
JE002059,2025-03-10T14:55:00,Cash,Revenue,138232.28,CNY,manual,u003,Senior Accountant,False,Synthetic journal entry for audit analytics
JE002060,2025-11-12T13:15:00,Accounts Receivable,Revenue,28759.48,CNY,automated,batch,System,False,Synthetic journal entry for audit analytics
JE002061,2025-11-16T13:21:00,Sales Returns,Inventory,24234.79,CNY,automated,batch,System,False,Synthetic journal entry for audit analytics
JE002062,2025-12-03T17:34:00,Cash,Inventory,1535941.25,CNY,automated,batch,System,False,Synthetic journal entry for audit analytics
JE002063,2025-01-24T18:45:00,Accounts Receivable,Accounts Receivable,4008.39,CNY,subledger,u001,Accountant,False,Synthetic journal entry for audit analytics
JE002064,2025-04-23T15:05:00,Cash,Inventory,102873.91,CNY,automated,batch,System,False,Synthetic journal entry for audit analytics
JE002065,2025-05-25T08:14:00,Sales Returns,Revenue,380002.03,CNY,automated,batch,System,False,Synthetic journal entry for audit analytics
JE002066,2025-08-22T14:30:00,Accounts Receivable,Accounts Receivable,2229.73,CNY,automated,batch,System,False,Synthetic journal entry for audit analytics
JE002067,2025-03-05T17:09:00,Cash,Revenue,3652.93,CNY,manual,u002,Accountant,False,Synthetic journal entry for audit analytics
JE002068,2025-06-03T18:58:00,Cash,Accounts Receivable,31572.0,CNY,manual,u001,Accountant,False,Synthetic journal entry for audit analytics
JE002069,2025-08-04T16:20:00,Sales Returns,Accounts Receivable,1702.46,CNY,automated,batch,System,False,Synthetic journal entry for audit analytics
JE002070,2025-06-06T08:57:00,Sales Returns,Inventory,9122.27,CNY,automated,batch,System,False,Synthetic journal entry for audit analytics
JE002071,2025-03-30T08:18:00,Accounts Receivable,Accounts Receivable,14116.0,CNY,manual,u001,Accountant,False,Synthetic journal entry for audit analytics
JE002072,2025-01-16T08:00:00,Accounts Receivable,Inventory,963182.19,CNY,automated,batch,System,False,Synthetic journal entry for audit analytics
JE002073,2025-07-14T08:59:00,Accounts Receivable,Inventory,168377.34,CNY,automated,batch,System,False,Synthetic journal entry for audit analytics
JE002074,2025-03-15T13:04:00,Sales Returns,Revenue,609157.5,CNY,manual,u001,Accountant,False,Synthetic journal entry for audit analytics
JE002075,2025-10-07T13:54:00,Cash,Accounts Receivable,894342.45,CNY,manual,u003,Senior Accountant,False,Synthetic journal entry for audit analytics
JE002076,2025-06-24T14:51:00,Cash,Revenue,45398.47,CNY,automated,batch,System,False,Synthetic journal entry for audit analytics
JE002077,2025-10-04T10:27:00,Sales Returns,Inventory,3641.71,CNY,subledger,u002,Accountant,False,Synthetic journal entry for audit analytics
JE002078,2025-06-26T11:58:00,Sales Returns,Inventory,12098.22,CNY,subledger,u003,Senior Accountant,False,Synthetic journal entry for audit analytics
JE002079,2025-10-18T13:39:00,Cash,Inventory,27126.94,CNY,subledger,u003,Senior Accountant,False,Synthetic journal entry for audit analytics
JE002080,2025-07-14T09:37:00,Cash,Revenue,21801.38,CNY,manual,u002,Accountant,False,Synthetic journal entry for audit analytics
JE002081,2025-02-11T13:38:00,Sales Returns,Revenue,56546.4,CNY,manual,u001,Accountant,False,Synthetic journal entry for audit analytics
JE002082,2025-10-08T10:44:00,Cash,Revenue,193452.98,CNY,manual,u001,Accountant,False,Synthetic journal entry for audit analytics
JE002083,2025-11-10T11:27:00,Cash,Accounts Receivable,2882.34,CNY,manual,u001,Accountant,False,Synthetic journal entry for audit analytics
JE002084,2025-08-06T18:22:00,Cash,Inventory,1568.86,CNY,manual,u003,Senior Accountant,False,Synthetic journal entry for audit analytics
JE002085,2025-04-25T13:10:00,Cash,Inventory,27733.78,CNY,automated,batch,System,False,Synthetic journal entry for audit analytics
JE002086,2025-04-10T09:43:00,Accounts Receivable,Accounts Receivable,5290.82,CNY,subledger,u001,Accountant,False,Synthetic journal entry for audit analytics
JE002087,2025-05-11T17:06:00,Sales Returns,Inventory,1192157.25,CNY,manual,u003,Senior Accountant,False,Synthetic journal entry for audit analytics
JE002088,2025-05-27T11:37:00,Cash,Inventory,5115.56,CNY,automated,batch,System,False,Synthetic journal entry for audit analytics
JE002089,2025-05-31T13:13:00,Cash,Revenue,45731.08,CNY,manual,u004,Controller,False,Synthetic journal entry for audit analytics
JE002090,2025-04-04T12:02:00,Sales Returns,Inventory,85358.83,CNY,automated,batch,System,False,Synthetic journal entry for audit analytics
JE002091,2025-02-25T15:36:00,Cash,Revenue,11133.03,CNY,subledger,u001,Accountant,False,Synthetic journal entry for audit analytics
JE002092,2025-01-20T09:34:00,Cash,Accounts Receivable,775582.84,CNY,automated,batch,System,False,Synthetic journal entry for audit analytics
JE002093,2025-11-22T18:37:00,Cash,Accounts Receivable,15388.35,CNY,subledger,u001,Accountant,False,Synthetic journal entry for audit analytics
JE002094,2025-01-15T16:25:00,Cash,Accounts Receivable,19256.3,CNY,automated,batch,System,False,Synthetic journal entry for audit analytics
JE002095,2025-03-04T16:47:00,Accounts Receivable,Inventory,1014.28,CNY,manual,u002,Accountant,False,Synthetic journal entry for audit analytics
JE002096,2025-05-11T15:03:00,Cash,Revenue,308709.05,CNY,automated,batch,System,False,Synthetic journal entry for audit analytics
JE002097,2025-02-01T08:57:00,Cash,Revenue,12004.04,CNY,automated,batch,System,False,Synthetic journal entry for audit analytics
JE002098,2025-10-29T15:54:00,Cash,Inventory,1190.84,CNY,manual,u002,Accountant,False,Synthetic journal entry for audit analytics
JE002099,2025-08-26T11:28:00,Sales Returns,Accounts Receivable,131019.34,CNY,manual,u002,Accountant,False,Synthetic journal entry for audit analytics
JE002100,2025-02-22T12:51:00,Cash,Accounts Receivable,55830.53,CNY,subledger,u001,Accountant,False,Synthetic journal entry for audit analytics
JE002101,2025-06-18T08:52:00,Accounts Receivable,Revenue,271046.68,CNY,manual,u004,Controller,False,Synthetic journal entry for audit analytics
JE002102,2025-07-26T14:27:00,Accounts Receivable,Inventory,467958.73,CNY,automated,batch,System,False,Synthetic journal entry for audit analytics
JE002103,2025-02-15T14:42:00,Sales Returns,Inventory,376158.15,CNY,manual,u002,Accountant,False,Synthetic journal entry for audit analytics
JE002104,2025-09-13T08:32:00,Sales Returns,Inventory,1516679.24,CNY,automated,batch,System,False,Synthetic journal entry for audit analytics
JE002105,2025-08-18T08:51:00,Accounts Receivable,Accounts Receivable,1199290.62,CNY,manual,u002,Accountant,False,Synthetic journal entry for audit analytics
JE002106,2025-02-04T17:58:00,Accounts Receivable,Accounts Receivable,59301.61,CNY,automated,batch,System,False,Synthetic journal entry for audit analytics
JE002107,2025-04-17T13:44:00,Accounts Receivable,Revenue,675158.87,CNY,manual,u001,Accountant,False,Synthetic journal entry for audit analytics
JE002108,2025-07-07T09:17:00,Accounts Receivable,Inventory,1894.56,CNY,automated,batch,System,False,Synthetic journal entry for audit analytics
JE002109,2025-04-11T18:15:00,Sales Returns,Accounts Receivable,1400359.51,CNY,manual,u003,Senior Accountant,False,Synthetic journal entry for audit analytics
JE002110,2025-07-25T08:33:00,Sales Returns,Inventory,46768.19,CNY,manual,u003,Senior Accountant,False,Synthetic journal entry for audit analytics
JE002111,2025-04-01T14:11:00,Cash,Revenue,20076.37,CNY,subledger,u004,Controller,False,Synthetic journal entry for audit analytics
JE002112,2025-11-27T10:55:00,Sales Returns,Revenue,2877.27,CNY,manual,u001,Accountant,False,Synthetic journal entry for audit analytics
JE002113,2025-11-02T17:37:00,Sales Returns,Revenue,20713.49,CNY,automated,batch,System,False,Synthetic journal entry for audit analytics
JE002114,2025-01-15T17:41:00,Cash,Inventory,635990.25,CNY,manual,u002,Accountant,False,Synthetic journal entry for audit analytics
JE002115,2025-05-08T08:05:00,Accounts Receivable,Accounts Receivable,46027.72,CNY,manual,u002,Accountant,False,Synthetic journal entry for audit analytics
JE002116,2025-09-07T08:01:00,Sales Returns,Revenue,719031.77,CNY,automated,batch,System,False,Synthetic journal entry for audit analytics
JE002117,2025-04-11T17:01:00,Sales Returns,Accounts Receivable,20982.76,CNY,automated,batch,System,False,Synthetic journal entry for audit analytics
JE002118,2025-04-13T17:48:00,Sales Returns,Revenue,130895.05,CNY,manual,u003,Senior Accountant,False,Synthetic journal entry for audit analytics
JE002119,2025-02-18T18:36:00,Cash,Accounts Receivable,150726.75,CNY,manual,u001,Accountant,False,Synthetic journal entry for audit analytics
JE002120,2025-09-28T13:13:00,Sales Returns,Inventory,63260.87,CNY,automated,batch,System,False,Synthetic journal entry for audit analytics
JE002121,2025-06-26T17:03:00,Sales Returns,Accounts Receivable,195567.33,CNY,subledger,u002,Accountant,False,Synthetic journal entry for audit analytics
JE002122,2025-04-29T16:50:00,Accounts Receivable,Inventory,397877.54,CNY,subledger,u003,Senior Accountant,False,Synthetic journal entry for audit analytics
JE002123,2025-01-21T09:24:00,Accounts Receivable,Accounts Receivable,117727.73,CNY,manual,u003,Senior Accountant,False,Synthetic journal entry for audit analytics
JE002124,2025-05-22T13:24:00,Accounts Receivable,Accounts Receivable,2510.8,CNY,automated,batch,System,False,Synthetic journal entry for audit analytics
JE002125,2025-01-04T18:48:00,Cash,Accounts Receivable,4153.32,CNY,automated,batch,System,False,Synthetic journal entry for audit analytics
JE002126,2025-09-16T11:29:00,Sales Returns,Accounts Receivable,1305874.16,CNY,automated,batch,System,False,Synthetic journal entry for audit analytics
JE002127,2025-08-30T12:51:00,Sales Returns,Inventory,10468.07,CNY,manual,u002,Accountant,False,Synthetic journal entry for audit analytics
JE002128,2025-06-16T11:59:00,Accounts Receivable,Accounts Receivable,994819.58,CNY,subledger,u001,Accountant,False,Synthetic journal entry for audit analytics
JE002129,2025-03-11T13:08:00,Cash,Accounts Receivable,76786.04,CNY,manual,u003,Senior Accountant,False,Synthetic journal entry for audit analytics
JE002130,2025-08-31T09:03:00,Cash,Inventory,18772.1,CNY,manual,u004,Controller,False,Synthetic journal entry for audit analytics
JE002131,2025-12-13T10:11:00,Cash,Inventory,71817.1,CNY,manual,u002,Accountant,False,Synthetic journal entry for audit analytics
JE002132,2025-05-27T15:50:00,Accounts Receivable,Inventory,2647.05,CNY,automated,batch,System,False,Synthetic journal entry for audit analytics
JE002133,2025-06-29T11:37:00,Sales Returns,Inventory,11653.54,CNY,manual,u001,Accountant,False,Synthetic journal entry for audit analytics
JE002134,2025-03-24T10:36:00,Accounts Receivable,Revenue,607766.67,CNY,automated,batch,System,False,Synthetic journal entry for audit analytics
JE002135,2025-09-10T14:19:00,Sales Returns,Inventory,370332.13,CNY,manual,u001,Accountant,False,Synthetic journal entry for audit analytics
JE002136,2025-02-25T17:04:00,Sales Returns,Accounts Receivable,135232.3,CNY,manual,u004,Controller,False,Synthetic journal entry for audit analytics
JE002137,2025-03-18T09:02:00,Sales Returns,Inventory,1224.18,CNY,automated,batch,System,False,Synthetic journal entry for audit analytics
JE002138,2025-06-24T10:16:00,Cash,Accounts Receivable,5088.18,CNY,manual,u002,Accountant,False,Synthetic journal entry for audit analytics
JE002139,2025-06-10T15:17:00,Sales Returns,Inventory,1161.62,CNY,automated,batch,System,False,Synthetic journal entry for audit analytics
JE002140,2025-02-02T15:53:00,Accounts Receivable,Accounts Receivable,14779.22,CNY,subledger,u002,Accountant,False,Synthetic journal entry for audit analytics
JE002141,2025-04-18T08:20:00,Cash,Accounts Receivable,319804.45,CNY,subledger,u002,Accountant,False,Synthetic journal entry for audit analytics
JE002142,2025-10-03T08:29:00,Accounts Receivable,Revenue,280832.76,CNY,automated,batch,System,False,Synthetic journal entry for audit analytics
JE002143,2025-06-06T10:19:00,Accounts Receivable,Revenue,7580.23,CNY,automated,batch,System,False,Synthetic journal entry for audit analytics
JE002144,2025-11-27T09:12:00,Sales Returns,Revenue,186720.12,CNY,manual,u002,Accountant,False,Synthetic journal entry for audit analytics
JE002145,2025-03-11T17:40:00,Sales Returns,Inventory,2786.35,CNY,manual,u002,Accountant,False,Synthetic journal entry for audit analytics
JE002146,2025-06-17T18:06:00,Accounts Receivable,Inventory,192199.26,CNY,manual,u001,Accountant,False,Synthetic journal entry for audit analytics
JE002147,2025-07-12T09:48:00,Sales Returns,Revenue,1319.71,CNY,subledger,u001,Accountant,False,Synthetic journal entry for audit analytics
JE002148,2025-10-15T12:58:00,Accounts Receivable,Accounts Receivable,70093.38,CNY,subledger,u003,Senior Accountant,False,Synthetic journal entry for audit analytics
JE002149,2025-03-07T10:22:00,Accounts Receivable,Accounts Receivable,10724.44,CNY,manual,u002,Accountant,False,Synthetic journal entry for audit analytics
JE002150,2025-10-21T14:37:00,Accounts Receivable,Accounts Receivable,365969.24,CNY,manual,u002,Accountant,False,Synthetic journal entry for audit analytics
JE002151,2025-12-24T09:12:00,Sales Returns,Accounts Receivable,102480.39,CNY,automated,batch,System,False,Synthetic journal entry for audit analytics
JE002152,2025-03-01T15:35:00,Accounts Receivable,Accounts Receivable,184426.72,CNY,manual,u001,Accountant,False,Synthetic journal entry for audit analytics
JE002153,2025-07-07T17:58:00,Sales Returns,Revenue,4380.69,CNY,manual,u002,Accountant,False,Synthetic journal entry for audit analytics
JE002154,2025-05-23T08:11:00,Sales Returns,Inventory,2924.6,CNY,subledger,u003,Senior Accountant,False,Synthetic journal entry for audit analytics
JE002155,2025-04-17T12:06:00,Cash,Accounts Receivable,1676.13,CNY,manual,u001,Accountant,False,Synthetic journal entry for audit analytics
JE002156,2025-09-13T17:19:00,Accounts Receivable,Revenue,44360.54,CNY,manual,u001,Accountant,False,Synthetic journal entry for audit analytics
JE002157,2025-11-21T17:30:00,Cash,Inventory,1417.76,CNY,manual,u001,Accountant,False,Synthetic journal entry for audit analytics
JE002158,2025-05-12T10:57:00,Cash,Inventory,8210.23,CNY,manual,u002,Accountant,False,Synthetic journal entry for audit analytics
JE002159,2025-04-28T18:00:00,Accounts Receivable,Revenue,8621.49,CNY,manual,u001,Accountant,False,Synthetic journal entry for audit analytics
JE002160,2025-02-22T18:09:00,Accounts Receivable,Accounts Receivable,107232.19,CNY,manual,u002,Accountant,False,Synthetic journal entry for audit analytics
JE002161,2025-06-08T17:27:00,Cash,Inventory,71624.3,CNY,manual,u003,Senior Accountant,False,Synthetic journal entry for audit analytics
JE002162,2025-09-14T14:47:00,Sales Returns,Accounts Receivable,2216.45,CNY,manual,u001,Accountant,False,Synthetic journal entry for audit analytics
JE002163,2025-05-15T15:42:00,Sales Returns,Inventory,2030.46,CNY,manual,u001,Accountant,False,Synthetic journal entry for audit analytics
JE002164,2025-02-14T10:30:00,Cash,Accounts Receivable,272950.36,CNY,manual,u003,Senior Accountant,False,Synthetic journal entry for audit analytics
JE002165,2025-06-14T09:18:00,Cash,Accounts Receivable,80627.27,CNY,automated,batch,System,False,Synthetic journal entry for audit analytics
JE002166,2025-11-24T11:55:00,Sales Returns,Revenue,32719.1,CNY,subledger,u002,Accountant,False,Synthetic journal entry for audit analytics
JE002167,2025-06-05T11:08:00,Accounts Receivable,Inventory,7262.89,CNY,manual,u003,Senior Accountant,False,Synthetic journal entry for audit analytics
JE002168,2025-07-23T15:39:00,Sales Returns,Revenue,2463.31,CNY,automated,batch,System,False,Synthetic journal entry for audit analytics
JE002169,2025-08-21T15:46:00,Sales Returns,Revenue,262224.37,CNY,manual,u001,Accountant,False,Synthetic journal entry for audit analytics
JE002170,2025-03-21T14:10:00,Sales Returns,Revenue,7983.08,CNY,automated,batch,System,False,Synthetic journal entry for audit analytics
JE002171,2025-01-14T15:51:00,Cash,Accounts Receivable,596881.79,CNY,manual,u002,Accountant,False,Synthetic journal entry for audit analytics
JE002172,2025-02-23T18:03:00,Cash,Inventory,235119.09,CNY,subledger,u001,Accountant,False,Synthetic journal entry for audit analytics
JE002173,2025-02-15T10:38:00,Accounts Receivable,Inventory,49544.05,CNY,manual,u003,Senior Accountant,False,Synthetic journal entry for audit analytics
JE002174,2025-04-03T17:29:00,Accounts Receivable,Inventory,4113.03,CNY,manual,u002,Accountant,False,Synthetic journal entry for audit analytics
JE002175,2025-03-27T11:31:00,Accounts Receivable,Revenue,1069316.04,CNY,automated,batch,System,False,Synthetic journal entry for audit analytics
JE002176,2025-11-25T18:41:00,Accounts Receivable,Inventory,1536.84,CNY,manual,u001,Accountant,False,Synthetic journal entry for audit analytics
JE002177,2025-02-22T18:32:00,Cash,Revenue,997316.39,CNY,automated,batch,System,False,Synthetic journal entry for audit analytics
JE002178,2025-02-16T16:18:00,Sales Returns,Accounts Receivable,3233.48,CNY,manual,u004,Controller,False,Synthetic journal entry for audit analytics
JE002179,2025-04-28T08:36:00,Cash,Accounts Receivable,1586.63,CNY,manual,u004,Controller,False,Synthetic journal entry for audit analytics
JE002180,2025-08-19T14:16:00,Sales Returns,Accounts Receivable,238157.36,CNY,subledger,u001,Accountant,False,Synthetic journal entry for audit analytics
JE002181,2025-10-07T18:14:00,Accounts Receivable,Accounts Receivable,2618.36,CNY,subledger,u001,Accountant,False,Synthetic journal entry for audit analytics
JE002182,2025-07-12T09:27:00,Accounts Receivable,Revenue,774955.3,CNY,manual,u005,CFO,False,Synthetic journal entry for audit analytics
JE002183,2025-01-27T10:01:00,Sales Returns,Revenue,5223.9,CNY,manual,u003,Senior Accountant,False,Synthetic journal entry for audit analytics
JE002184,2025-08-25T16:28:00,Accounts Receivable,Accounts Receivable,2022.82,CNY,manual,u001,Accountant,False,Synthetic journal entry for audit analytics
JE002185,2025-01-20T13:48:00,Sales Returns,Revenue,50738.91,CNY,manual,u001,Accountant,False,Synthetic journal entry for audit analytics
JE002186,2025-11-13T14:42:00,Cash,Inventory,250545.89,CNY,automated,batch,System,False,Synthetic journal entry for audit analytics
JE002187,2025-10-07T17:08:00,Cash,Revenue,333538.5,CNY,manual,u002,Accountant,False,Synthetic journal entry for audit analytics
JE002188,2025-09-19T15:54:00,Sales Returns,Accounts Receivable,180566.0,CNY,subledger,u001,Accountant,False,Synthetic journal entry for audit analytics
JE002189,2025-12-08T14:12:00,Accounts Receivable,Accounts Receivable,654541.23,CNY,subledger,u002,Accountant,False,Synthetic journal entry for audit analytics
JE002190,2025-09-01T13:34:00,Cash,Accounts Receivable,121442.05,CNY,manual,u001,Accountant,False,Synthetic journal entry for audit analytics
JE002191,2025-02-27T13:30:00,Accounts Receivable,Revenue,155748.39,CNY,automated,batch,System,False,Synthetic journal entry for audit analytics
JE002192,2025-01-05T12:28:00,Sales Returns,Inventory,3395.44,CNY,manual,u001,Accountant,False,Synthetic journal entry for audit analytics
JE002193,2025-08-05T08:52:00,Sales Returns,Inventory,725357.29,CNY,manual,u003,Senior Accountant,False,Synthetic journal entry for audit analytics
JE002194,2025-04-28T18:56:00,Cash,Accounts Receivable,156218.28,CNY,manual,u001,Accountant,False,Synthetic journal entry for audit analytics
JE002195,2025-02-10T17:54:00,Cash,Accounts Receivable,776933.69,CNY,automated,batch,System,False,Synthetic journal entry for audit analytics
JE002196,2025-03-16T11:10:00,Sales Returns,Inventory,370941.18,CNY,automated,batch,System,False,Synthetic journal entry for audit analytics
JE002197,2025-06-06T08:46:00,Accounts Receivable,Inventory,469416.88,CNY,manual,u004,Controller,False,Synthetic journal entry for audit analytics
JE002198,2025-06-26T11:29:00,Accounts Receivable,Accounts Receivable,3070.91,CNY,automated,batch,System,False,Synthetic journal entry for audit analytics
JE002199,2025-09-25T09:15:00,Cash,Accounts Receivable,9888.99,CNY,subledger,u003,Senior Accountant,False,Synthetic journal entry for audit analytics
JE002200,2025-04-26T18:23:00,Sales Returns,Accounts Receivable,379578.33,CNY,automated,batch,System,False,Synthetic journal entry for audit analytics
JE002201,2025-02-21T17:21:00,Cash,Revenue,2473.22,CNY,manual,u002,Accountant,False,Synthetic journal entry for audit analytics
JE002202,2025-04-22T14:01:00,Cash,Revenue,139341.46,CNY,manual,u005,CFO,False,Synthetic journal entry for audit analytics
JE002203,2025-02-22T10:53:00,Accounts Receivable,Accounts Receivable,330657.89,CNY,manual,u001,Accountant,False,Synthetic journal entry for audit analytics
JE002204,2025-01-13T14:37:00,Accounts Receivable,Accounts Receivable,543736.99,CNY,manual,u002,Accountant,False,Synthetic journal entry for audit analytics
JE002205,2025-12-03T11:29:00,Cash,Accounts Receivable,8062.62,CNY,automated,batch,System,False,Synthetic journal entry for audit analytics
JE002206,2025-08-20T08:04:00,Sales Returns,Revenue,86255.85,CNY,subledger,u002,Accountant,False,Synthetic journal entry for audit analytics
JE002207,2025-02-26T14:31:00,Sales Returns,Inventory,21788.29,CNY,manual,u003,Senior Accountant,False,Synthetic journal entry for audit analytics
JE002208,2025-04-06T17:54:00,Accounts Receivable,Inventory,151864.25,CNY,manual,u001,Accountant,False,Synthetic journal entry for audit analytics
JE002209,2025-10-28T14:26:00,Cash,Revenue,1220474.91,CNY,automated,batch,System,False,Synthetic journal entry for audit analytics
JE002210,2025-02-27T12:44:00,Sales Returns,Accounts Receivable,1895.73,CNY,subledger,u001,Accountant,False,Synthetic journal entry for audit analytics
JE002211,2025-09-07T11:44:00,Cash,Inventory,1178.2,CNY,subledger,u002,Accountant,False,Synthetic journal entry for audit analytics
JE002212,2025-05-21T15:35:00,Accounts Receivable,Revenue,40693.98,CNY,subledger,u001,Accountant,False,Synthetic journal entry for audit analytics
JE002213,2025-03-25T18:57:00,Accounts Receivable,Revenue,18740.45,CNY,automated,batch,System,False,Synthetic journal entry for audit analytics
JE002214,2025-04-26T15:18:00,Cash,Revenue,2509.73,CNY,subledger,u001,Accountant,False,Synthetic journal entry for audit analytics
JE002215,2025-02-07T18:26:00,Accounts Receivable,Revenue,562962.1,CNY,manual,u001,Accountant,False,Synthetic journal entry for audit analytics
JE002216,2025-06-19T08:54:00,Accounts Receivable,Accounts Receivable,149245.08,CNY,subledger,u001,Accountant,False,Synthetic journal entry for audit analytics
JE002217,2025-03-31T13:57:00,Sales Returns,Revenue,72079.53,CNY,automated,batch,System,False,Synthetic journal entry for audit analytics
JE002218,2025-06-26T12:12:00,Cash,Accounts Receivable,533438.17,CNY,manual,u002,Accountant,False,Synthetic journal entry for audit analytics
JE002219,2025-02-24T18:24:00,Sales Returns,Inventory,154275.69,CNY,automated,batch,System,False,Synthetic journal entry for audit analytics
JE002220,2025-08-14T16:11:00,Accounts Receivable,Inventory,259790.81,CNY,subledger,u001,Accountant,False,Synthetic journal entry for audit analytics
JE002221,2025-04-20T09:48:00,Cash,Accounts Receivable,632222.62,CNY,automated,batch,System,False,Synthetic journal entry for audit analytics
JE002222,2025-07-31T12:58:00,Sales Returns,Inventory,5472.47,CNY,automated,batch,System,False,Synthetic journal entry for audit analytics
JE002223,2025-05-06T11:31:00,Cash,Accounts Receivable,8498.62,CNY,automated,batch,System,False,Synthetic journal entry for audit analytics
JE002224,2025-10-19T18:13:00,Cash,Accounts Receivable,1856.73,CNY,manual,u002,Accountant,False,Synthetic journal entry for audit analytics
JE002225,2025-04-04T11:45:00,Sales Returns,Inventory,48597.03,CNY,manual,u001,Accountant,False,Synthetic journal entry for audit analytics
JE002226,2025-01-29T10:21:00,Cash,Inventory,5201.4,CNY,manual,u002,Accountant,False,Synthetic journal entry for audit analytics
JE002227,2025-09-11T08:14:00,Cash,Inventory,1135456.15,CNY,automated,batch,System,False,Synthetic journal entry for audit analytics
JE002228,2025-12-17T08:30:00,Cash,Revenue,3760.81,CNY,manual,u002,Accountant,False,Synthetic journal entry for audit analytics
JE002229,2025-02-17T09:38:00,Accounts Receivable,Revenue,4245.08,CNY,manual,u004,Controller,False,Synthetic journal entry for audit analytics
JE002230,2025-04-28T10:16:00,Accounts Receivable,Revenue,48418.72,CNY,subledger,u002,Accountant,False,Synthetic journal entry for audit analytics
JE002231,2025-11-11T14:50:00,Accounts Receivable,Revenue,35670.57,CNY,automated,batch,System,False,Synthetic journal entry for audit analytics
JE002232,2025-09-19T10:01:00,Sales Returns,Revenue,3011.23,CNY,manual,u003,Senior Accountant,False,Synthetic journal entry for audit analytics
JE002233,2025-09-13T17:05:00,Cash,Accounts Receivable,3674.48,CNY,manual,u003,Senior Accountant,False,Synthetic journal entry for audit analytics
JE002234,2025-03-13T16:56:00,Cash,Accounts Receivable,17235.64,CNY,manual,u004,Controller,False,Synthetic journal entry for audit analytics
JE002235,2025-09-19T15:22:00,Accounts Receivable,Revenue,770728.53,CNY,subledger,u001,Accountant,False,Synthetic journal entry for audit analytics
JE002236,2025-01-03T18:42:00,Cash,Accounts Receivable,386453.95,CNY,automated,batch,System,False,Synthetic journal entry for audit analytics
JE002237,2025-11-28T09:09:00,Accounts Receivable,Revenue,1723.83,CNY,subledger,u003,Senior Accountant,False,Synthetic journal entry for audit analytics
JE002238,2025-05-13T16:23:00,Sales Returns,Revenue,45750.87,CNY,manual,u003,Senior Accountant,False,Synthetic journal entry for audit analytics
JE002239,2025-06-13T08:01:00,Cash,Accounts Receivable,52292.15,CNY,subledger,u003,Senior Accountant,False,Synthetic journal entry for audit analytics
JE002240,2025-04-28T11:18:00,Cash,Accounts Receivable,214818.04,CNY,automated,batch,System,False,Synthetic journal entry for audit analytics
JE002241,2025-03-26T16:38:00,Cash,Accounts Receivable,127170.9,CNY,subledger,u005,CFO,False,Synthetic journal entry for audit analytics
JE002242,2025-02-25T16:23:00,Cash,Accounts Receivable,4432.31,CNY,manual,u001,Accountant,False,Synthetic journal entry for audit analytics
JE002243,2025-02-09T12:40:00,Sales Returns,Accounts Receivable,77217.23,CNY,automated,batch,System,False,Synthetic journal entry for audit analytics
JE002244,2025-10-27T08:08:00,Accounts Receivable,Revenue,7653.32,CNY,automated,batch,System,False,Synthetic journal entry for audit analytics
JE002245,2025-04-03T08:59:00,Accounts Receivable,Inventory,479831.33,CNY,automated,batch,System,False,Synthetic journal entry for audit analytics
JE002246,2025-03-08T14:33:00,Accounts Receivable,Inventory,182956.23,CNY,manual,u003,Senior Accountant,False,Synthetic journal entry for audit analytics
JE002247,2025-11-03T13:59:00,Sales Returns,Accounts Receivable,52051.5,CNY,manual,u002,Accountant,False,Synthetic journal entry for audit analytics
JE002248,2025-09-07T12:45:00,Sales Returns,Revenue,29402.55,CNY,automated,batch,System,False,Synthetic journal entry for audit analytics
JE002249,2025-03-31T10:35:00,Cash,Accounts Receivable,1461341.16,CNY,automated,batch,System,False,Synthetic journal entry for audit analytics
JE002250,2025-07-04T18:19:00,Accounts Receivable,Inventory,1127411.5,CNY,automated,batch,System,False,Synthetic journal entry for audit analytics
JE002251,2025-04-07T09:27:00,Sales Returns,Revenue,857079.7,CNY,automated,batch,System,False,Synthetic journal entry for audit analytics
JE002252,2025-03-24T18:59:00,Cash,Revenue,1055745.97,CNY,manual,u002,Accountant,False,Synthetic journal entry for audit analytics
JE002253,2025-11-16T14:38:00,Cash,Revenue,1301506.33,CNY,manual,u001,Accountant,False,Synthetic journal entry for audit analytics
JE002254,2025-11-16T13:31:00,Sales Returns,Inventory,16619.6,CNY,manual,u002,Accountant,False,Synthetic journal entry for audit analytics
JE002255,2025-04-20T13:16:00,Cash,Accounts Receivable,302175.13,CNY,automated,batch,System,False,Synthetic journal entry for audit analytics
JE002256,2025-10-22T16:31:00,Accounts Receivable,Accounts Receivable,55547.27,CNY,subledger,u002,Accountant,False,Synthetic journal entry for audit analytics
JE002257,2025-10-23T13:44:00,Cash,Accounts Receivable,30591.66,CNY,automated,batch,System,False,Synthetic journal entry for audit analytics
JE002258,2025-07-16T08:37:00,Cash,Accounts Receivable,224449.48,CNY,manual,u002,Accountant,False,Synthetic journal entry for audit analytics
JE002259,2025-11-21T08:52:00,Accounts Receivable,Accounts Receivable,13684.42,CNY,manual,u001,Accountant,False,Synthetic journal entry for audit analytics
JE002260,2025-09-14T17:31:00,Accounts Receivable,Accounts Receivable,79692.77,CNY,manual,u003,Senior Accountant,False,Synthetic journal entry for audit analytics
JE002261,2025-06-17T14:20:00,Sales Returns,Accounts Receivable,388132.13,CNY,automated,batch,System,False,Synthetic journal entry for audit analytics
JE002262,2025-04-11T11:30:00,Accounts Receivable,Revenue,86529.62,CNY,subledger,u001,Accountant,False,Synthetic journal entry for audit analytics
JE002263,2025-09-30T13:49:00,Sales Returns,Accounts Receivable,20375.44,CNY,subledger,u001,Accountant,False,Synthetic journal entry for audit analytics
JE002264,2025-11-20T12:58:00,Accounts Receivable,Accounts Receivable,151954.78,CNY,automated,batch,System,False,Synthetic journal entry for audit analytics
JE002265,2025-07-30T08:04:00,Sales Returns,Revenue,1192026.55,CNY,subledger,u003,Senior Accountant,False,Synthetic journal entry for audit analytics
JE002266,2025-09-08T10:46:00,Cash,Revenue,6216.24,CNY,automated,batch,System,False,Synthetic journal entry for audit analytics
JE002267,2025-06-13T12:24:00,Accounts Receivable,Revenue,47886.2,CNY,subledger,u001,Accountant,False,Synthetic journal entry for audit analytics
JE002268,2025-06-08T16:48:00,Cash,Accounts Receivable,10824.74,CNY,manual,u001,Accountant,False,Synthetic journal entry for audit analytics
JE002269,2025-06-22T15:08:00,Accounts Receivable,Accounts Receivable,91961.78,CNY,automated,batch,System,False,Synthetic journal entry for audit analytics
JE002270,2025-09-17T17:39:00,Accounts Receivable,Inventory,5965.13,CNY,subledger,u001,Accountant,False,Synthetic journal entry for audit analytics
JE002271,2025-07-11T16:57:00,Sales Returns,Accounts Receivable,1234762.61,CNY,manual,u001,Accountant,False,Synthetic journal entry for audit analytics
JE002272,2025-08-20T08:19:00,Cash,Accounts Receivable,22721.19,CNY,manual,u002,Accountant,False,Synthetic journal entry for audit analytics
JE002273,2025-08-21T10:37:00,Cash,Accounts Receivable,74165.16,CNY,manual,u003,Senior Accountant,False,Synthetic journal entry for audit analytics
JE002274,2025-08-20T18:41:00,Cash,Accounts Receivable,1924.46,CNY,automated,batch,System,False,Synthetic journal entry for audit analytics
JE002275,2025-04-29T18:35:00,Cash,Inventory,1449.48,CNY,manual,u003,Senior Accountant,False,Synthetic journal entry for audit analytics
JE002276,2025-08-25T18:33:00,Cash,Inventory,519887.39,CNY,automated,batch,System,False,Synthetic journal entry for audit analytics
JE002277,2025-08-13T10:34:00,Cash,Accounts Receivable,258571.12,CNY,manual,u001,Accountant,False,Synthetic journal entry for audit analytics
JE002278,2025-02-17T14:56:00,Cash,Revenue,957127.36,CNY,automated,batch,System,False,Synthetic journal entry for audit analytics
JE002279,2025-09-05T18:27:00,Cash,Revenue,17429.71,CNY,manual,u001,Accountant,False,Synthetic journal entry for audit analytics
JE002280,2025-09-13T10:16:00,Accounts Receivable,Accounts Receivable,42633.7,CNY,manual,u001,Accountant,False,Synthetic journal entry for audit analytics
JE002281,2025-08-26T13:18:00,Cash,Accounts Receivable,844335.51,CNY,automated,batch,System,False,Synthetic journal entry for audit analytics
JE002282,2025-09-06T15:44:00,Sales Returns,Inventory,28602.61,CNY,automated,batch,System,False,Synthetic journal entry for audit analytics
JE002283,2025-05-12T18:49:00,Accounts Receivable,Inventory,2737.44,CNY,manual,u003,Senior Accountant,False,Synthetic journal entry for audit analytics
JE002284,2025-10-19T11:35:00,Cash,Inventory,8977.27,CNY,manual,u002,Accountant,False,Synthetic journal entry for audit analytics
JE002285,2025-12-09T15:43:00,Sales Returns,Accounts Receivable,87509.91,CNY,automated,batch,System,False,Synthetic journal entry for audit analytics
JE002286,2025-02-05T13:03:00,Sales Returns,Revenue,167033.44,CNY,manual,u004,Controller,False,Synthetic journal entry for audit analytics
JE002287,2025-04-01T09:16:00,Sales Returns,Revenue,49349.04,CNY,manual,u002,Accountant,False,Synthetic journal entry for audit analytics
JE002288,2025-06-14T13:50:00,Accounts Receivable,Accounts Receivable,71352.66,CNY,manual,u001,Accountant,False,Synthetic journal entry for audit analytics
JE002289,2025-05-07T10:31:00,Cash,Accounts Receivable,15813.46,CNY,manual,u003,Senior Accountant,False,Synthetic journal entry for audit analytics
JE002290,2025-07-18T14:44:00,Accounts Receivable,Revenue,622354.6,CNY,manual,u001,Accountant,False,Synthetic journal entry for audit analytics
JE002291,2025-06-06T11:59:00,Sales Returns,Inventory,244147.65,CNY,manual,u002,Accountant,False,Synthetic journal entry for audit analytics
JE002292,2025-03-22T18:21:00,Sales Returns,Revenue,56977.77,CNY,automated,batch,System,False,Synthetic journal entry for audit analytics
JE002293,2025-05-28T16:36:00,Cash,Revenue,404784.5,CNY,manual,u002,Accountant,False,Synthetic journal entry for audit analytics
JE002294,2025-05-10T14:57:00,Sales Returns,Revenue,3424.01,CNY,automated,batch,System,False,Synthetic journal entry for audit analytics
JE002295,2025-05-15T11:31:00,Cash,Accounts Receivable,1056.68,CNY,automated,batch,System,False,Synthetic journal entry for audit analytics
JE002296,2025-06-24T09:16:00,Sales Returns,Accounts Receivable,60235.69,CNY,manual,u002,Accountant,False,Synthetic journal entry for audit analytics
JE002297,2025-09-26T09:21:00,Sales Returns,Revenue,2820.5,CNY,manual,u003,Senior Accountant,False,Synthetic journal entry for audit analytics
JE002298,2025-07-10T13:18:00,Sales Returns,Inventory,1018.1,CNY,manual,u002,Accountant,False,Synthetic journal entry for audit analytics
JE002299,2025-02-19T15:02:00,Cash,Accounts Receivable,83880.93,CNY,manual,u002,Accountant,False,Synthetic journal entry for audit analytics
JE002300,2025-05-13T16:14:00,Sales Returns,Accounts Receivable,188866.32,CNY,subledger,u003,Senior Accountant,False,Synthetic journal entry for audit analytics
JE002301,2025-08-12T13:01:00,Sales Returns,Revenue,11512.12,CNY,manual,u001,Accountant,False,Synthetic journal entry for audit analytics
JE002302,2025-05-24T08:03:00,Cash,Accounts Receivable,916598.1,CNY,manual,u004,Controller,False,Synthetic journal entry for audit analytics
JE002303,2025-08-03T10:32:00,Accounts Receivable,Revenue,1117.62,CNY,subledger,u001,Accountant,False,Synthetic journal entry for audit analytics
JE002304,2025-01-17T08:44:00,Accounts Receivable,Inventory,2376.02,CNY,automated,batch,System,False,Synthetic journal entry for audit analytics
JE002305,2025-12-07T13:43:00,Cash,Accounts Receivable,96146.66,CNY,automated,batch,System,False,Synthetic journal entry for audit analytics
JE002306,2025-03-30T16:59:00,Sales Returns,Inventory,990042.33,CNY,subledger,u003,Senior Accountant,False,Synthetic journal entry for audit analytics
JE002307,2025-06-06T15:20:00,Accounts Receivable,Inventory,90910.35,CNY,manual,u002,Accountant,False,Synthetic journal entry for audit analytics
JE002308,2025-03-13T18:59:00,Sales Returns,Inventory,123453.48,CNY,subledger,u003,Senior Accountant,False,Synthetic journal entry for audit analytics
JE002309,2025-09-10T12:52:00,Cash,Revenue,1321.95,CNY,automated,batch,System,False,Synthetic journal entry for audit analytics
JE002310,2025-05-12T15:45:00,Accounts Receivable,Accounts Receivable,644486.57,CNY,automated,batch,System,False,Synthetic journal entry for audit analytics
JE002311,2025-08-05T08:53:00,Sales Returns,Revenue,2227.16,CNY,automated,batch,System,False,Synthetic journal entry for audit analytics
JE002312,2025-12-31T14:09:00,Sales Returns,Inventory,327799.12,CNY,automated,batch,System,False,Synthetic journal entry for audit analytics
JE002313,2025-03-18T08:09:00,Accounts Receivable,Revenue,137443.01,CNY,manual,u002,Accountant,False,Synthetic journal entry for audit analytics
JE002314,2025-10-07T14:07:00,Cash,Inventory,95002.86,CNY,manual,u002,Accountant,False,Synthetic journal entry for audit analytics
JE002315,2025-05-16T08:43:00,Cash,Inventory,33431.67,CNY,subledger,u002,Accountant,False,Synthetic journal entry for audit analytics
JE002316,2025-05-01T16:14:00,Cash,Inventory,37778.06,CNY,manual,u001,Accountant,False,Synthetic journal entry for audit analytics
JE002317,2025-05-16T15:35:00,Accounts Receivable,Accounts Receivable,6936.33,CNY,manual,u001,Accountant,False,Synthetic journal entry for audit analytics
JE002318,2025-01-23T18:55:00,Sales Returns,Inventory,452124.1,CNY,automated,batch,System,False,Synthetic journal entry for audit analytics
JE002319,2025-01-24T13:54:00,Cash,Inventory,158460.16,CNY,automated,batch,System,False,Synthetic journal entry for audit analytics
JE002320,2025-03-16T14:09:00,Accounts Receivable,Revenue,40126.8,CNY,subledger,u001,Accountant,False,Synthetic journal entry for audit analytics
JE002321,2025-09-14T17:19:00,Sales Returns,Revenue,918297.68,CNY,automated,batch,System,False,Synthetic journal entry for audit analytics
JE002322,2025-05-08T14:27:00,Sales Returns,Inventory,4715.66,CNY,manual,u003,Senior Accountant,False,Synthetic journal entry for audit analytics
JE002323,2025-05-01T16:53:00,Sales Returns,Accounts Receivable,226885.24,CNY,subledger,u002,Accountant,False,Synthetic journal entry for audit analytics
JE002324,2025-03-26T17:14:00,Sales Returns,Accounts Receivable,1674.2,CNY,automated,batch,System,False,Synthetic journal entry for audit analytics
JE002325,2025-05-31T11:37:00,Cash,Inventory,898452.51,CNY,automated,batch,System,False,Synthetic journal entry for audit analytics
JE002326,2025-08-05T15:49:00,Cash,Accounts Receivable,16120.63,CNY,manual,u001,Accountant,False,Synthetic journal entry for audit analytics
JE002327,2025-06-16T17:49:00,Sales Returns,Revenue,212473.3,CNY,automated,batch,System,False,Synthetic journal entry for audit analytics
JE002328,2025-01-25T16:00:00,Sales Returns,Inventory,34768.34,CNY,manual,u002,Accountant,False,Synthetic journal entry for audit analytics
JE002329,2025-09-07T09:17:00,Sales Returns,Revenue,13654.95,CNY,automated,batch,System,False,Synthetic journal entry for audit analytics
JE002330,2025-08-19T15:19:00,Sales Returns,Revenue,3080.07,CNY,automated,batch,System,False,Synthetic journal entry for audit analytics
JE002331,2025-10-12T14:24:00,Cash,Inventory,1544.63,CNY,manual,u001,Accountant,False,Synthetic journal entry for audit analytics
JE002332,2025-04-06T09:52:00,Accounts Receivable,Inventory,53871.34,CNY,automated,batch,System,False,Synthetic journal entry for audit analytics
JE002333,2025-12-05T11:29:00,Cash,Revenue,452990.35,CNY,subledger,u002,Accountant,False,Synthetic journal entry for audit analytics
JE002334,2025-12-30T23:01:00,Other Receivables,Other Income,2000000,CNY,manual,u005,CFO,False,Synthetic journal entry for audit analytics
JE002335,2025-01-22T16:26:00,Cash,Accounts Receivable,1189888.3,CNY,manual,u003,Senior Accountant,False,Synthetic journal entry for audit analytics
JE002336,2025-05-27T17:20:00,Sales Returns,Revenue,48999.11,CNY,subledger,u003,Senior Accountant,False,Synthetic journal entry for audit analytics
JE002337,2025-12-27T14:52:00,Sales Returns,Revenue,5163.28,CNY,manual,u001,Accountant,False,Synthetic journal entry for audit analytics
JE002338,2025-02-22T08:19:00,Sales Returns,Inventory,1095234.37,CNY,subledger,u001,Accountant,False,Synthetic journal entry for audit analytics
JE002339,2025-07-25T13:16:00,Cash,Inventory,1643.43,CNY,manual,u001,Accountant,False,Synthetic journal entry for audit analytics
JE002340,2025-02-14T11:28:00,Accounts Receivable,Inventory,9853.97,CNY,manual,u003,Senior Accountant,False,Synthetic journal entry for audit analytics
JE002341,2025-03-14T10:14:00,Accounts Receivable,Inventory,135327.86,CNY,manual,u005,CFO,False,Synthetic journal entry for audit analytics
JE002342,2025-08-20T15:35:00,Accounts Receivable,Inventory,43571.75,CNY,subledger,u003,Senior Accountant,False,Synthetic journal entry for audit analytics
JE002343,2025-05-02T10:15:00,Cash,Accounts Receivable,640087.75,CNY,manual,u002,Accountant,False,Synthetic journal entry for audit analytics
JE002344,2025-01-13T10:22:00,Sales Returns,Inventory,970561.53,CNY,manual,u003,Senior Accountant,False,Synthetic journal entry for audit analytics
JE002345,2025-08-02T15:42:00,Cash,Revenue,18949.34,CNY,manual,u002,Accountant,False,Synthetic journal entry for audit analytics
JE002346,2025-12-10T16:12:00,Cash,Inventory,9500.92,CNY,manual,u002,Accountant,False,Synthetic journal entry for audit analytics
JE002347,2025-03-22T09:25:00,Accounts Receivable,Revenue,1012768.46,CNY,manual,u001,Accountant,False,Synthetic journal entry for audit analytics
JE002348,2025-01-20T18:39:00,Accounts Receivable,Revenue,4822.23,CNY,manual,u002,Accountant,False,Synthetic journal entry for audit analytics
JE002349,2025-09-26T11:22:00,Sales Returns,Revenue,287697.93,CNY,automated,batch,System,False,Synthetic journal entry for audit analytics
JE002350,2025-08-01T12:00:00,Accounts Receivable,Revenue,6975.23,CNY,manual,u001,Accountant,False,Synthetic journal entry for audit analytics
JE002351,2025-12-27T09:54:00,Accounts Receivable,Accounts Receivable,283004.12,CNY,manual,u001,Accountant,False,Synthetic journal entry for audit analytics
JE002352,2025-03-23T08:58:00,Cash,Revenue,499179.72,CNY,subledger,u001,Accountant,False,Synthetic journal entry for audit analytics
JE002353,2025-01-17T09:18:00,Sales Returns,Accounts Receivable,840049.81,CNY,automated,batch,System,False,Synthetic journal entry for audit analytics
JE002354,2025-05-17T11:45:00,Sales Returns,Revenue,686675.63,CNY,subledger,u001,Accountant,False,Synthetic journal entry for audit analytics
JE002355,2025-09-10T13:26:00,Accounts Receivable,Accounts Receivable,228602.26,CNY,manual,u001,Accountant,False,Synthetic journal entry for audit analytics
JE002356,2025-01-14T11:46:00,Cash,Inventory,4901.03,CNY,manual,u001,Accountant,False,Synthetic journal entry for audit analytics
JE002357,2025-07-23T14:11:00,Cash,Revenue,6158.95,CNY,automated,batch,System,False,Synthetic journal entry for audit analytics
JE002358,2025-01-06T11:54:00,Accounts Receivable,Inventory,29561.24,CNY,manual,u004,Controller,False,Synthetic journal entry for audit analytics
JE002359,2025-03-25T14:12:00,Accounts Receivable,Revenue,12078.25,CNY,manual,u002,Accountant,False,Synthetic journal entry for audit analytics
JE002360,2025-11-11T11:56:00,Accounts Receivable,Revenue,509845.53,CNY,automated,batch,System,False,Synthetic journal entry for audit analytics
JE002361,2025-06-07T10:37:00,Cash,Revenue,7345.87,CNY,manual,u001,Accountant,False,Synthetic journal entry for audit analytics
JE002362,2025-05-27T13:33:00,Sales Returns,Accounts Receivable,3190.91,CNY,automated,batch,System,False,Synthetic journal entry for audit analytics
JE002363,2025-12-04T16:55:00,Accounts Receivable,Accounts Receivable,14099.98,CNY,automated,batch,System,False,Synthetic journal entry for audit analytics
JE002364,2025-12-22T13:31:00,Sales Returns,Accounts Receivable,17917.69,CNY,manual,u002,Accountant,False,Synthetic journal entry for audit analytics
JE002365,2025-05-03T10:21:00,Sales Returns,Accounts Receivable,1284.97,CNY,subledger,u002,Accountant,False,Synthetic journal entry for audit analytics
JE002366,2025-01-05T08:10:00,Cash,Accounts Receivable,10681.34,CNY,automated,batch,System,False,Synthetic journal entry for audit analytics
JE002367,2025-08-01T09:08:00,Cash,Revenue,9585.62,CNY,manual,u002,Accountant,False,Synthetic journal entry for audit analytics
JE002368,2025-08-15T17:36:00,Cash,Accounts Receivable,1281734.09,CNY,manual,u003,Senior Accountant,False,Synthetic journal entry for audit analytics
JE002369,2025-05-08T18:21:00,Sales Returns,Revenue,1079.39,CNY,subledger,u001,Accountant,False,Synthetic journal entry for audit analytics
JE002370,2025-07-18T18:36:00,Sales Returns,Accounts Receivable,177110.51,CNY,manual,u001,Accountant,False,Synthetic journal entry for audit analytics
JE002371,2025-07-10T12:17:00,Accounts Receivable,Accounts Receivable,103050.42,CNY,manual,u001,Accountant,False,Synthetic journal entry for audit analytics
JE002372,2025-11-28T12:11:00,Cash,Revenue,188275.22,CNY,manual,u001,Accountant,False,Synthetic journal entry for audit analytics
JE002373,2025-01-30T14:32:00,Sales Returns,Revenue,1277339.29,CNY,manual,u001,Accountant,False,Synthetic journal entry for audit analytics
JE002374,2025-10-05T08:00:00,Cash,Revenue,49729.5,CNY,manual,u003,Senior Accountant,False,Synthetic journal entry for audit analytics
JE002375,2025-05-16T16:43:00,Accounts Receivable,Accounts Receivable,1843.93,CNY,automated,batch,System,False,Synthetic journal entry for audit analytics
JE002376,2025-04-10T14:54:00,Cash,Revenue,5851.91,CNY,subledger,u001,Accountant,False,Synthetic journal entry for audit analytics
JE002377,2025-11-05T18:07:00,Accounts Receivable,Revenue,24743.42,CNY,automated,batch,System,False,Synthetic journal entry for audit analytics
JE002378,2025-05-03T18:21:00,Accounts Receivable,Inventory,171585.33,CNY,subledger,u002,Accountant,False,Synthetic journal entry for audit analytics
JE002379,2025-12-07T12:22:00,Accounts Receivable,Inventory,342848.08,CNY,automated,batch,System,False,Synthetic journal entry for audit analytics
JE002380,2025-01-30T18:42:00,Cash,Inventory,2687.21,CNY,automated,batch,System,False,Synthetic journal entry for audit analytics
JE002381,2025-09-27T17:50:00,Accounts Receivable,Revenue,1194.63,CNY,automated,batch,System,False,Synthetic journal entry for audit analytics
JE002382,2025-09-03T18:44:00,Sales Returns,Inventory,3499.38,CNY,manual,u002,Accountant,False,Synthetic journal entry for audit analytics
JE002383,2025-05-07T16:10:00,Accounts Receivable,Accounts Receivable,2229.19,CNY,automated,batch,System,False,Synthetic journal entry for audit analytics
JE002384,2025-11-30T15:42:00,Cash,Accounts Receivable,5235.36,CNY,manual,u002,Accountant,False,Synthetic journal entry for audit analytics
JE002385,2025-09-14T08:46:00,Accounts Receivable,Accounts Receivable,145643.81,CNY,manual,u004,Controller,False,Synthetic journal entry for audit analytics
JE002386,2025-06-24T09:43:00,Cash,Accounts Receivable,39323.52,CNY,automated,batch,System,False,Synthetic journal entry for audit analytics
JE002387,2025-10-13T08:20:00,Sales Returns,Inventory,2386.16,CNY,automated,batch,System,False,Synthetic journal entry for audit analytics
JE002388,2025-06-13T11:55:00,Sales Returns,Revenue,1414.58,CNY,automated,batch,System,False,Synthetic journal entry for audit analytics
JE002389,2025-12-11T18:59:00,Cash,Inventory,148434.42,CNY,automated,batch,System,False,Synthetic journal entry for audit analytics
JE002390,2025-10-27T14:08:00,Sales Returns,Revenue,112187.89,CNY,automated,batch,System,False,Synthetic journal entry for audit analytics
JE002391,2025-02-01T12:10:00,Cash,Revenue,1087074.86,CNY,manual,u001,Accountant,False,Synthetic journal entry for audit analytics
JE002392,2025-01-24T18:40:00,Sales Returns,Revenue,1620.15,CNY,manual,u001,Accountant,False,Synthetic journal entry for audit analytics
JE002393,2025-02-03T12:40:00,Sales Returns,Inventory,1014.29,CNY,manual,u002,Accountant,False,Synthetic journal entry for audit analytics
JE002394,2025-03-08T10:33:00,Cash,Revenue,264106.33,CNY,subledger,u003,Senior Accountant,False,Synthetic journal entry for audit analytics
JE002395,2025-11-27T13:20:00,Cash,Inventory,231335.55,CNY,subledger,u001,Accountant,False,Synthetic journal entry for audit analytics
JE002396,2025-07-30T17:45:00,Cash,Accounts Receivable,30100.6,CNY,automated,batch,System,False,Synthetic journal entry for audit analytics
JE002397,2025-04-22T17:53:00,Accounts Receivable,Accounts Receivable,1157.07,CNY,manual,u003,Senior Accountant,False,Synthetic journal entry for audit analytics
JE002398,2025-09-26T16:09:00,Cash,Accounts Receivable,9056.01,CNY,manual,u003,Senior Accountant,False,Synthetic journal entry for audit analytics
JE002399,2025-10-27T15:59:00,Cash,Inventory,110736.79,CNY,subledger,u003,Senior Accountant,False,Synthetic journal entry for audit analytics
JE002400,2025-04-23T18:16:00,Accounts Receivable,Inventory,411567.23,CNY,manual,u002,Accountant,False,Synthetic journal entry for audit analytics
JE002401,2025-10-20T08:43:00,Cash,Revenue,412151.14,CNY,automated,batch,System,False,Synthetic journal entry for audit analytics
JE002402,2025-09-17T16:04:00,Cash,Inventory,736492.96,CNY,subledger,u002,Accountant,False,Synthetic journal entry for audit analytics
JE002403,2025-08-08T18:57:00,Cash,Revenue,1678.15,CNY,automated,batch,System,False,Synthetic journal entry for audit analytics
JE002404,2025-03-23T15:42:00,Cash,Revenue,1135492.67,CNY,manual,u001,Accountant,False,Synthetic journal entry for audit analytics
JE002405,2025-02-28T18:50:00,Cash,Accounts Receivable,1131175.35,CNY,automated,batch,System,False,Synthetic journal entry for audit analytics
JE002406,2025-03-26T08:34:00,Sales Returns,Inventory,2891.79,CNY,automated,batch,System,False,Synthetic journal entry for audit analytics
JE002407,2025-07-27T18:54:00,Cash,Revenue,357328.44,CNY,manual,u003,Senior Accountant,False,Synthetic journal entry for audit analytics
JE002408,2025-05-27T10:27:00,Sales Returns,Revenue,10481.56,CNY,automated,batch,System,False,Synthetic journal entry for audit analytics
JE002409,2025-10-21T14:38:00,Sales Returns,Accounts Receivable,26225.58,CNY,manual,u001,Accountant,False,Synthetic journal entry for audit analytics
JE002410,2025-06-03T08:24:00,Cash,Accounts Receivable,5412.59,CNY,automated,batch,System,False,Synthetic journal entry for audit analytics
JE002411,2025-04-13T15:23:00,Accounts Receivable,Inventory,25405.97,CNY,manual,u002,Accountant,False,Synthetic journal entry for audit analytics
JE002412,2025-09-12T14:02:00,Accounts Receivable,Inventory,34582.37,CNY,subledger,u001,Accountant,False,Synthetic journal entry for audit analytics
JE002413,2025-05-30T15:21:00,Accounts Receivable,Revenue,607634.39,CNY,manual,u001,Accountant,False,Synthetic journal entry for audit analytics
JE002414,2025-09-29T09:41:00,Accounts Receivable,Accounts Receivable,97009.7,CNY,manual,u003,Senior Accountant,False,Synthetic journal entry for audit analytics
JE002415,2025-11-22T11:29:00,Cash,Inventory,743451.87,CNY,manual,u001,Accountant,False,Synthetic journal entry for audit analytics
JE002416,2025-05-02T11:11:00,Accounts Receivable,Inventory,4088.53,CNY,manual,u002,Accountant,False,Synthetic journal entry for audit analytics
JE002417,2025-03-09T12:47:00,Accounts Receivable,Revenue,1277.71,CNY,manual,u001,Accountant,False,Synthetic journal entry for audit analytics
JE002418,2025-09-06T14:03:00,Sales Returns,Revenue,14242.98,CNY,manual,u001,Accountant,False,Synthetic journal entry for audit analytics
JE002419,2025-05-16T12:51:00,Sales Returns,Revenue,183844.7,CNY,automated,batch,System,False,Synthetic journal entry for audit analytics
JE002420,2025-12-29T13:02:00,Sales Returns,Accounts Receivable,1324843.68,CNY,manual,u001,Accountant,False,Synthetic journal entry for audit analytics
JE002421,2025-05-01T16:35:00,Cash,Inventory,843972.26,CNY,manual,u001,Accountant,False,Synthetic journal entry for audit analytics
JE002422,2025-10-19T16:40:00,Accounts Receivable,Inventory,21290.69,CNY,automated,batch,System,False,Synthetic journal entry for audit analytics
JE002423,2025-06-18T09:48:00,Accounts Receivable,Accounts Receivable,1737.13,CNY,manual,u001,Accountant,False,Synthetic journal entry for audit analytics
JE002424,2025-05-29T18:52:00,Accounts Receivable,Accounts Receivable,5991.04,CNY,manual,u001,Accountant,False,Synthetic journal entry for audit analytics
JE002425,2025-07-21T14:41:00,Accounts Receivable,Revenue,945799.89,CNY,manual,u002,Accountant,False,Synthetic journal entry for audit analytics
JE002426,2025-11-10T16:18:00,Accounts Receivable,Accounts Receivable,3657.13,CNY,manual,u001,Accountant,False,Synthetic journal entry for audit analytics
JE002427,2025-02-04T15:18:00,Accounts Receivable,Accounts Receivable,29040.43,CNY,manual,u002,Accountant,False,Synthetic journal entry for audit analytics
JE002428,2025-05-06T11:49:00,Sales Returns,Revenue,381955.34,CNY,subledger,u001,Accountant,False,Synthetic journal entry for audit analytics
JE002429,2025-10-16T16:36:00,Accounts Receivable,Revenue,1183310.51,CNY,manual,u002,Accountant,False,Synthetic journal entry for audit analytics
JE002430,2025-10-01T09:21:00,Accounts Receivable,Inventory,1811.27,CNY,manual,u003,Senior Accountant,False,Synthetic journal entry for audit analytics
JE002431,2025-03-19T17:29:00,Sales Returns,Revenue,1721.34,CNY,manual,u001,Accountant,False,Synthetic journal entry for audit analytics
JE002432,2025-03-05T13:12:00,Accounts Receivable,Revenue,2050.18,CNY,manual,u004,Controller,False,Synthetic journal entry for audit analytics
JE002433,2025-09-25T14:48:00,Accounts Receivable,Inventory,5704.24,CNY,subledger,u002,Accountant,False,Synthetic journal entry for audit analytics
JE002434,2025-11-27T17:02:00,Accounts Receivable,Inventory,45888.25,CNY,subledger,u001,Accountant,False,Synthetic journal entry for audit analytics
JE002435,2025-09-23T12:33:00,Accounts Receivable,Accounts Receivable,30456.14,CNY,subledger,u003,Senior Accountant,False,Synthetic journal entry for audit analytics
JE002436,2025-06-08T12:23:00,Sales Returns,Inventory,19395.91,CNY,automated,batch,System,False,Synthetic journal entry for audit analytics
JE002437,2025-08-12T15:10:00,Cash,Accounts Receivable,6854.17,CNY,automated,batch,System,False,Synthetic journal entry for audit analytics
JE002438,2025-05-31T08:24:00,Accounts Receivable,Revenue,666527.54,CNY,manual,u003,Senior Accountant,False,Synthetic journal entry for audit analytics
JE002439,2025-10-21T17:25:00,Cash,Accounts Receivable,3300.73,CNY,manual,u002,Accountant,False,Synthetic journal entry for audit analytics
JE002440,2025-08-18T18:00:00,Cash,Inventory,1035552.39,CNY,manual,u003,Senior Accountant,False,Synthetic journal entry for audit analytics
JE002441,2025-07-29T13:14:00,Sales Returns,Accounts Receivable,224454.89,CNY,manual,u002,Accountant,False,Synthetic journal entry for audit analytics
JE002442,2025-09-07T17:56:00,Accounts Receivable,Revenue,3673.75,CNY,manual,u003,Senior Accountant,False,Synthetic journal entry for audit analytics
JE002443,2025-12-29T11:22:00,Accounts Receivable,Revenue,593352.3,CNY,manual,u001,Accountant,False,Synthetic journal entry for audit analytics
JE002444,2025-07-05T18:34:00,Accounts Receivable,Inventory,2704.58,CNY,manual,u004,Controller,False,Synthetic journal entry for audit analytics
JE002445,2025-09-04T11:46:00,Cash,Revenue,167705.07,CNY,subledger,u003,Senior Accountant,False,Synthetic journal entry for audit analytics
JE002446,2025-01-19T17:25:00,Sales Returns,Revenue,794454.04,CNY,automated,batch,System,False,Synthetic journal entry for audit analytics
JE002447,2025-05-18T16:55:00,Cash,Accounts Receivable,3496.67,CNY,manual,u002,Accountant,False,Synthetic journal entry for audit analytics
JE002448,2025-10-07T15:18:00,Sales Returns,Revenue,52449.96,CNY,manual,u002,Accountant,False,Synthetic journal entry for audit analytics
JE002449,2025-05-13T10:03:00,Cash,Accounts Receivable,72669.57,CNY,automated,batch,System,False,Synthetic journal entry for audit analytics
JE002450,2025-08-12T12:14:00,Sales Returns,Accounts Receivable,1437.66,CNY,manual,u002,Accountant,False,Synthetic journal entry for audit analytics
JE002451,2025-02-14T18:49:00,Accounts Receivable,Accounts Receivable,437475.18,CNY,manual,u001,Accountant,False,Synthetic journal entry for audit analytics
JE002452,2025-10-31T10:05:00,Cash,Accounts Receivable,417646.47,CNY,manual,u002,Accountant,True,Synthetic journal entry for audit analytics
JE002453,2025-12-27T16:15:00,Accounts Receivable,Accounts Receivable,5795.66,CNY,manual,u001,Accountant,False,Synthetic journal entry for audit analytics
JE002454,2025-10-05T13:00:00,Accounts Receivable,Accounts Receivable,41173.84,CNY,automated,batch,System,False,Synthetic journal entry for audit analytics
JE002455,2025-01-17T16:19:00,Accounts Receivable,Accounts Receivable,862726.76,CNY,automated,batch,System,False,Synthetic journal entry for audit analytics
JE002456,2025-10-30T14:48:00,Accounts Receivable,Inventory,9960.35,CNY,automated,batch,System,False,Synthetic journal entry for audit analytics
JE002457,2025-04-11T17:48:00,Sales Returns,Inventory,11718.42,CNY,automated,batch,System,False,Synthetic journal entry for audit analytics
JE002458,2025-08-28T16:59:00,Cash,Revenue,1359.28,CNY,subledger,u003,Senior Accountant,False,Synthetic journal entry for audit analytics
JE002459,2025-11-11T12:27:00,Accounts Receivable,Revenue,1356.74,CNY,automated,batch,System,False,Synthetic journal entry for audit analytics
JE002460,2025-10-15T09:14:00,Cash,Revenue,25889.64,CNY,automated,batch,System,False,Synthetic journal entry for audit analytics
JE002461,2025-08-23T11:30:00,Cash,Inventory,4661.24,CNY,automated,batch,System,False,Synthetic journal entry for audit analytics
JE002462,2025-08-22T16:08:00,Sales Returns,Accounts Receivable,199359.72,CNY,automated,batch,System,False,Synthetic journal entry for audit analytics
JE002463,2025-11-22T14:10:00,Cash,Revenue,98183.83,CNY,subledger,u002,Accountant,False,Synthetic journal entry for audit analytics
JE002464,2025-10-29T18:00:00,Cash,Revenue,1186.63,CNY,subledger,u002,Accountant,False,Synthetic journal entry for audit analytics
JE002465,2025-04-23T18:58:00,Cash,Revenue,1076.85,CNY,manual,u003,Senior Accountant,False,Synthetic journal entry for audit analytics
JE002466,2025-05-03T17:20:00,Accounts Receivable,Inventory,946490.73,CNY,subledger,u001,Accountant,False,Synthetic journal entry for audit analytics
JE002467,2025-03-16T14:17:00,Accounts Receivable,Revenue,13076.33,CNY,manual,u003,Senior Accountant,False,Synthetic journal entry for audit analytics
JE002468,2025-04-12T16:19:00,Accounts Receivable,Inventory,3036.99,CNY,subledger,u004,Controller,False,Synthetic journal entry for audit analytics
JE002469,2025-07-10T10:18:00,Cash,Revenue,43475.5,CNY,automated,batch,System,False,Synthetic journal entry for audit analytics
JE002470,2025-12-01T16:45:00,Accounts Receivable,Inventory,1756.51,CNY,manual,u003,Senior Accountant,False,Synthetic journal entry for audit analytics
JE002471,2025-11-24T11:42:00,Cash,Inventory,21898.45,CNY,manual,u004,Controller,False,Synthetic journal entry for audit analytics
JE002472,2025-12-10T18:42:00,Accounts Receivable,Inventory,89872.02,CNY,automated,batch,System,False,Synthetic journal entry for audit analytics
JE002473,2025-02-04T11:06:00,Accounts Receivable,Revenue,2054.09,CNY,subledger,u001,Accountant,False,Synthetic journal entry for audit analytics
JE002474,2025-02-16T10:09:00,Accounts Receivable,Inventory,18393.78,CNY,subledger,u001,Accountant,False,Synthetic journal entry for audit analytics
JE002475,2025-05-27T12:08:00,Sales Returns,Inventory,135247.45,CNY,automated,batch,System,False,Synthetic journal entry for audit analytics
JE002476,2025-03-23T11:44:00,Cash,Inventory,3368.41,CNY,manual,u004,Controller,False,Synthetic journal entry for audit analytics
JE002477,2025-08-11T13:34:00,Accounts Receivable,Accounts Receivable,197609.87,CNY,automated,batch,System,False,Synthetic journal entry for audit analytics
JE002478,2025-03-04T14:28:00,Accounts Receivable,Revenue,129775.8,CNY,manual,u002,Accountant,False,Synthetic journal entry for audit analytics
JE002479,2025-08-03T08:15:00,Sales Returns,Accounts Receivable,8629.49,CNY,automated,batch,System,False,Synthetic journal entry for audit analytics
JE002480,2025-01-13T12:16:00,Cash,Inventory,1016928.12,CNY,manual,u005,CFO,False,Synthetic journal entry for audit analytics
JE002481,2025-09-02T10:11:00,Sales Returns,Revenue,49184.46,CNY,automated,batch,System,False,Synthetic journal entry for audit analytics
JE002482,2025-04-30T13:26:00,Accounts Receivable,Revenue,3459.29,CNY,subledger,u004,Controller,False,Synthetic journal entry for audit analytics
JE002483,2025-07-09T10:10:00,Accounts Receivable,Revenue,1280.51,CNY,subledger,u002,Accountant,False,Synthetic journal entry for audit analytics
JE002484,2025-08-05T11:43:00,Sales Returns,Accounts Receivable,31121.45,CNY,automated,batch,System,False,Synthetic journal entry for audit analytics
JE002485,2025-07-12T15:44:00,Sales Returns,Inventory,6210.02,CNY,automated,batch,System,False,Synthetic journal entry for audit analytics
JE002486,2025-09-03T11:05:00,Accounts Receivable,Revenue,1059295.56,CNY,subledger,u002,Accountant,False,Synthetic journal entry for audit analytics
JE002487,2025-07-18T17:03:00,Cash,Revenue,38250.67,CNY,manual,u002,Accountant,False,Synthetic journal entry for audit analytics
JE002488,2025-11-26T18:05:00,Sales Returns,Revenue,762554.65,CNY,manual,u004,Controller,False,Synthetic journal entry for audit analytics
JE002489,2025-02-12T18:18:00,Sales Returns,Inventory,130450.18,CNY,manual,u002,Accountant,False,Synthetic journal entry for audit analytics
JE002490,2025-08-07T17:44:00,Cash,Revenue,1166.18,CNY,automated,batch,System,False,Synthetic journal entry for audit analytics
JE002491,2025-06-24T14:04:00,Sales Returns,Accounts Receivable,118964.53,CNY,subledger,u001,Accountant,False,Synthetic journal entry for audit analytics
JE002492,2025-04-09T09:12:00,Accounts Receivable,Inventory,2748.31,CNY,subledger,u001,Accountant,False,Synthetic journal entry for audit analytics
JE002493,2025-05-25T18:20:00,Accounts Receivable,Revenue,8185.36,CNY,automated,batch,System,False,Synthetic journal entry for audit analytics
JE002494,2025-09-02T12:43:00,Cash,Revenue,1329811.29,CNY,manual,u001,Accountant,False,Synthetic journal entry for audit analytics
JE002495,2025-05-14T09:21:00,Accounts Receivable,Inventory,60991.76,CNY,subledger,u001,Accountant,False,Synthetic journal entry for audit analytics
JE002496,2025-01-09T16:52:00,Cash,Accounts Receivable,3310.55,CNY,automated,batch,System,False,Synthetic journal entry for audit analytics
JE002497,2025-08-13T15:23:00,Accounts Receivable,Inventory,2581.32,CNY,manual,u002,Accountant,False,Synthetic journal entry for audit analytics
JE002498,2025-03-22T14:22:00,Cash,Inventory,1917.84,CNY,automated,batch,System,False,Synthetic journal entry for audit analytics
JE002499,2025-03-04T09:32:00,Cash,Inventory,1419612.57,CNY,automated,batch,System,False,Synthetic journal entry for audit analytics
JE002500,2025-01-24T17:36:00,Sales Returns,Accounts Receivable,56848.95,CNY,manual,u004,Controller,False,Synthetic journal entry for audit analytics
JE002501,2025-04-16T17:38:00,Accounts Receivable,Accounts Receivable,19640.69,CNY,automated,batch,System,False,Synthetic journal entry for audit analytics
JE002502,2025-11-11T14:01:00,Sales Returns,Revenue,6462.0,CNY,manual,u001,Accountant,False,Synthetic journal entry for audit analytics
JE002503,2025-10-06T09:31:00,Sales Returns,Revenue,121786.95,CNY,manual,u002,Accountant,False,Synthetic journal entry for audit analytics
JE002504,2025-03-02T18:44:00,Sales Returns,Revenue,2176.5,CNY,automated,batch,System,False,Synthetic journal entry for audit analytics
JE002505,2025-12-11T09:08:00,Sales Returns,Accounts Receivable,36000.36,CNY,automated,batch,System,False,Synthetic journal entry for audit analytics
JE002506,2025-07-15T13:19:00,Cash,Revenue,48693.66,CNY,manual,u003,Senior Accountant,False,Synthetic journal entry for audit analytics
JE002507,2025-04-21T17:58:00,Accounts Receivable,Revenue,19252.9,CNY,automated,batch,System,False,Synthetic journal entry for audit analytics
JE002508,2025-04-09T17:32:00,Sales Returns,Accounts Receivable,392223.67,CNY,manual,u001,Accountant,False,Synthetic journal entry for audit analytics
JE002509,2025-03-10T11:00:00,Cash,Inventory,743385.24,CNY,automated,batch,System,False,Synthetic journal entry for audit analytics
JE002510,2025-03-23T12:44:00,Cash,Inventory,8974.38,CNY,automated,batch,System,False,Synthetic journal entry for audit analytics
JE002511,2025-02-23T13:32:00,Sales Returns,Inventory,101576.82,CNY,subledger,u002,Accountant,False,Synthetic journal entry for audit analytics
JE002512,2025-09-01T18:59:00,Sales Returns,Inventory,6173.13,CNY,manual,u004,Controller,False,Synthetic journal entry for audit analytics
JE002513,2025-11-11T13:31:00,Sales Returns,Accounts Receivable,10682.14,CNY,automated,batch,System,False,Synthetic journal entry for audit analytics
JE002514,2025-08-06T15:26:00,Cash,Accounts Receivable,2406.75,CNY,automated,batch,System,False,Synthetic journal entry for audit analytics
JE002515,2025-09-09T12:34:00,Accounts Receivable,Revenue,4257.96,CNY,automated,batch,System,False,Synthetic journal entry for audit analytics
JE002516,2025-07-29T11:43:00,Sales Returns,Inventory,1346.26,CNY,manual,u001,Accountant,False,Synthetic journal entry for audit analytics
JE002517,2025-03-26T14:47:00,Sales Returns,Revenue,6537.03,CNY,manual,u001,Accountant,False,Synthetic journal entry for audit analytics
JE002518,2025-11-28T14:30:00,Cash,Revenue,5263.9,CNY,automated,batch,System,False,Synthetic journal entry for audit analytics
JE002519,2025-09-03T18:18:00,Sales Returns,Revenue,73416.08,CNY,manual,u003,Senior Accountant,False,Synthetic journal entry for audit analytics
JE002520,2025-02-11T14:26:00,Cash,Revenue,7562.34,CNY,automated,batch,System,False,Synthetic journal entry for audit analytics
JE002521,2025-01-26T12:04:00,Cash,Accounts Receivable,388431.87,CNY,subledger,u003,Senior Accountant,False,Synthetic journal entry for audit analytics
JE002522,2025-10-14T10:56:00,Accounts Receivable,Revenue,2581.47,CNY,manual,u001,Accountant,False,Synthetic journal entry for audit analytics
JE002523,2025-08-27T12:15:00,Accounts Receivable,Revenue,273281.49,CNY,manual,u001,Accountant,False,Synthetic journal entry for audit analytics
JE002524,2025-12-20T14:21:00,Cash,Revenue,15470.15,CNY,automated,batch,System,False,Synthetic journal entry for audit analytics
JE002525,2025-01-29T14:59:00,Cash,Revenue,88911.41,CNY,manual,u001,Accountant,False,Synthetic journal entry for audit analytics
JE002526,2025-01-15T09:53:00,Accounts Receivable,Inventory,7661.71,CNY,manual,u002,Accountant,False,Synthetic journal entry for audit analytics
JE002527,2025-04-24T09:19:00,Cash,Revenue,35308.51,CNY,automated,batch,System,False,Synthetic journal entry for audit analytics
JE002528,2025-05-04T11:58:00,Sales Returns,Revenue,71052.07,CNY,automated,batch,System,False,Synthetic journal entry for audit analytics
JE002529,2025-10-06T12:35:00,Cash,Accounts Receivable,113421.97,CNY,manual,u001,Accountant,False,Synthetic journal entry for audit analytics
JE002530,2025-06-08T14:46:00,Accounts Receivable,Inventory,56542.85,CNY,automated,batch,System,False,Synthetic journal entry for audit analytics
JE002531,2025-10-29T12:04:00,Cash,Inventory,2384.87,CNY,automated,batch,System,False,Synthetic journal entry for audit analytics
JE002532,2025-11-24T18:07:00,Sales Returns,Revenue,1170.59,CNY,automated,batch,System,False,Synthetic journal entry for audit analytics
JE002533,2025-07-27T14:49:00,Sales Returns,Accounts Receivable,11986.38,CNY,manual,u001,Accountant,False,Synthetic journal entry for audit analytics
JE002534,2025-02-14T15:33:00,Accounts Receivable,Revenue,11605.48,CNY,manual,u003,Senior Accountant,False,Synthetic journal entry for audit analytics
JE002535,2025-05-28T08:34:00,Sales Returns,Revenue,2560.44,CNY,manual,u003,Senior Accountant,False,Synthetic journal entry for audit analytics
JE002536,2025-11-15T11:32:00,Sales Returns,Inventory,354888.35,CNY,automated,batch,System,False,Synthetic journal entry for audit analytics
JE002537,2025-10-27T14:50:00,Sales Returns,Inventory,377157.44,CNY,subledger,u003,Senior Accountant,False,Synthetic journal entry for audit analytics
JE002538,2025-08-29T11:47:00,Accounts Receivable,Accounts Receivable,1728.44,CNY,subledger,u004,Controller,False,Synthetic journal entry for audit analytics
JE002539,2025-05-22T09:06:00,Accounts Receivable,Revenue,862956.75,CNY,automated,batch,System,False,Synthetic journal entry for audit analytics
JE002540,2025-07-31T11:26:00,Cash,Inventory,243805.02,CNY,automated,batch,System,False,Synthetic journal entry for audit analytics
JE002541,2025-04-03T18:40:00,Cash,Inventory,21735.65,CNY,automated,batch,System,False,Synthetic journal entry for audit analytics
JE002542,2025-09-19T11:14:00,Sales Returns,Revenue,1354889.53,CNY,automated,batch,System,False,Synthetic journal entry for audit analytics
JE002543,2025-04-30T12:46:00,Accounts Receivable,Accounts Receivable,60332.14,CNY,manual,u001,Accountant,False,Synthetic journal entry for audit analytics
JE002544,2025-01-03T14:58:00,Sales Returns,Accounts Receivable,125892.24,CNY,manual,u001,Accountant,False,Synthetic journal entry for audit analytics
JE002545,2025-08-24T13:45:00,Sales Returns,Inventory,36974.55,CNY,automated,batch,System,False,Synthetic journal entry for audit analytics
JE002546,2025-10-16T15:34:00,Accounts Receivable,Revenue,909002.93,CNY,manual,u003,Senior Accountant,False,Synthetic journal entry for audit analytics
JE002547,2025-01-21T16:55:00,Cash,Revenue,4934.45,CNY,manual,u002,Accountant,False,Synthetic journal entry for audit analytics
JE002548,2025-12-15T08:56:00,Sales Returns,Accounts Receivable,1784.73,CNY,manual,u001,Accountant,False,Synthetic journal entry for audit analytics
JE002549,2025-05-20T11:23:00,Sales Returns,Revenue,20857.49,CNY,automated,batch,System,False,Synthetic journal entry for audit analytics
JE002550,2025-06-20T18:07:00,Cash,Accounts Receivable,1247397.03,CNY,automated,batch,System,False,Synthetic journal entry for audit analytics
JE002551,2025-02-12T16:22:00,Cash,Accounts Receivable,410841.02,CNY,manual,u002,Accountant,False,Synthetic journal entry for audit analytics
JE002552,2025-09-12T10:23:00,Cash,Inventory,538398.69,CNY,manual,u003,Senior Accountant,False,Synthetic journal entry for audit analytics
JE002553,2025-04-02T18:35:00,Sales Returns,Accounts Receivable,225911.37,CNY,automated,batch,System,False,Synthetic journal entry for audit analytics
JE002554,2025-09-08T15:47:00,Cash,Revenue,2539.15,CNY,manual,u002,Accountant,False,Synthetic journal entry for audit analytics
JE002555,2025-02-21T16:35:00,Cash,Accounts Receivable,2340.86,CNY,manual,u002,Accountant,False,Synthetic journal entry for audit analytics
JE002556,2025-12-11T14:54:00,Accounts Receivable,Accounts Receivable,1607.16,CNY,automated,batch,System,False,Synthetic journal entry for audit analytics
JE002557,2025-08-18T11:17:00,Sales Returns,Accounts Receivable,193824.39,CNY,subledger,u003,Senior Accountant,False,Synthetic journal entry for audit analytics
JE002558,2025-09-11T16:22:00,Cash,Inventory,28190.35,CNY,manual,u002,Accountant,False,Synthetic journal entry for audit analytics
JE002559,2025-02-08T08:48:00,Accounts Receivable,Inventory,464367.11,CNY,manual,u001,Accountant,False,Synthetic journal entry for audit analytics
JE002560,2025-07-24T12:06:00,Accounts Receivable,Inventory,73157.21,CNY,manual,u001,Accountant,False,Synthetic journal entry for audit analytics
JE002561,2025-04-22T13:23:00,Accounts Receivable,Accounts Receivable,6698.15,CNY,manual,u003,Senior Accountant,False,Synthetic journal entry for audit analytics
JE002562,2025-11-10T17:44:00,Sales Returns,Inventory,58269.94,CNY,manual,u002,Accountant,False,Synthetic journal entry for audit analytics
JE002563,2025-04-26T11:53:00,Accounts Receivable,Accounts Receivable,4604.49,CNY,manual,u003,Senior Accountant,False,Synthetic journal entry for audit analytics
JE002564,2025-08-30T13:39:00,Sales Returns,Inventory,69327.44,CNY,automated,batch,System,False,Synthetic journal entry for audit analytics
JE002565,2025-06-12T18:06:00,Accounts Receivable,Revenue,70902.19,CNY,manual,u001,Accountant,False,Synthetic journal entry for audit analytics
JE002566,2025-01-26T16:15:00,Accounts Receivable,Accounts Receivable,440553.98,CNY,subledger,u003,Senior Accountant,False,Synthetic journal entry for audit analytics
JE002567,2025-01-20T18:53:00,Accounts Receivable,Accounts Receivable,2543.4,CNY,automated,batch,System,False,Synthetic journal entry for audit analytics
JE002568,2025-06-18T11:53:00,Cash,Revenue,117363.43,CNY,manual,u002,Accountant,False,Synthetic journal entry for audit analytics
JE002569,2025-03-14T17:27:00,Sales Returns,Accounts Receivable,188668.44,CNY,subledger,u002,Accountant,False,Synthetic journal entry for audit analytics
JE002570,2025-06-28T13:53:00,Accounts Receivable,Revenue,54424.29,CNY,manual,u001,Accountant,False,Synthetic journal entry for audit analytics
JE002571,2025-06-20T11:34:00,Cash,Accounts Receivable,42107.16,CNY,automated,batch,System,False,Synthetic journal entry for audit analytics
JE002572,2025-03-21T17:30:00,Cash,Accounts Receivable,5138.58,CNY,manual,u001,Accountant,False,Synthetic journal entry for audit analytics
JE002573,2025-10-24T08:42:00,Accounts Receivable,Accounts Receivable,6676.88,CNY,automated,batch,System,False,Synthetic journal entry for audit analytics
JE002574,2025-04-25T16:44:00,Cash,Revenue,1169.63,CNY,automated,batch,System,False,Synthetic journal entry for audit analytics
JE002575,2025-09-24T16:26:00,Accounts Receivable,Inventory,40836.54,CNY,manual,u002,Accountant,False,Synthetic journal entry for audit analytics
JE002576,2025-10-26T08:20:00,Accounts Receivable,Revenue,217981.86,CNY,manual,u002,Accountant,False,Synthetic journal entry for audit analytics
JE002577,2025-03-08T14:51:00,Accounts Receivable,Inventory,88103.58,CNY,automated,batch,System,False,Synthetic journal entry for audit analytics
JE002578,2025-05-09T15:12:00,Accounts Receivable,Revenue,375371.31,CNY,automated,batch,System,False,Synthetic journal entry for audit analytics
JE002579,2025-04-12T10:33:00,Accounts Receivable,Accounts Receivable,725802.44,CNY,manual,u001,Accountant,False,Synthetic journal entry for audit analytics
JE002580,2025-03-09T18:15:00,Cash,Revenue,89706.26,CNY,subledger,u003,Senior Accountant,False,Synthetic journal entry for audit analytics
JE002581,2025-05-05T12:59:00,Sales Returns,Accounts Receivable,3397.39,CNY,automated,batch,System,False,Synthetic journal entry for audit analytics
JE002582,2025-08-24T17:35:00,Sales Returns,Revenue,1079.58,CNY,manual,u003,Senior Accountant,False,Synthetic journal entry for audit analytics
JE002583,2025-04-25T10:34:00,Accounts Receivable,Revenue,893359.1,CNY,automated,batch,System,False,Synthetic journal entry for audit analytics
JE002584,2025-10-24T08:31:00,Sales Returns,Revenue,4388.87,CNY,manual,u002,Accountant,False,Synthetic journal entry for audit analytics
JE002585,2025-10-31T13:23:00,Cash,Accounts Receivable,37662.64,CNY,automated,batch,System,False,Synthetic journal entry for audit analytics
JE002586,2025-05-11T10:08:00,Sales Returns,Inventory,11896.95,CNY,manual,u001,Accountant,False,Synthetic journal entry for audit analytics
JE002587,2025-06-23T12:35:00,Accounts Receivable,Inventory,1268.85,CNY,automated,batch,System,False,Synthetic journal entry for audit analytics
JE002588,2025-10-26T08:51:00,Cash,Revenue,99024.74,CNY,subledger,u002,Accountant,False,Synthetic journal entry for audit analytics
JE002589,2025-11-14T10:03:00,Accounts Receivable,Inventory,326919.24,CNY,manual,u003,Senior Accountant,False,Synthetic journal entry for audit analytics
JE002590,2025-01-30T14:39:00,Cash,Accounts Receivable,251062.59,CNY,automated,batch,System,False,Synthetic journal entry for audit analytics
JE002591,2025-06-21T16:55:00,Cash,Revenue,5784.59,CNY,automated,batch,System,False,Synthetic journal entry for audit analytics
JE002592,2025-05-02T11:18:00,Cash,Inventory,6604.09,CNY,subledger,u002,Accountant,False,Synthetic journal entry for audit analytics
JE002593,2025-10-16T10:44:00,Sales Returns,Inventory,56818.87,CNY,manual,u002,Accountant,False,Synthetic journal entry for audit analytics
JE002594,2025-05-09T13:05:00,Accounts Receivable,Accounts Receivable,4707.96,CNY,automated,batch,System,False,Synthetic journal entry for audit analytics
JE002595,2025-07-05T09:50:00,Cash,Accounts Receivable,310181.35,CNY,subledger,u001,Accountant,False,Synthetic journal entry for audit analytics
JE002596,2025-08-17T08:15:00,Sales Returns,Inventory,29112.47,CNY,automated,batch,System,False,Synthetic journal entry for audit analytics
JE002597,2025-11-07T09:42:00,Accounts Receivable,Revenue,71034.12,CNY,automated,batch,System,False,Synthetic journal entry for audit analytics
JE002598,2025-12-03T10:30:00,Sales Returns,Inventory,16185.2,CNY,subledger,u001,Accountant,False,Synthetic journal entry for audit analytics
JE002599,2025-05-31T11:42:00,Cash,Accounts Receivable,2460.65,CNY,automated,batch,System,False,Synthetic journal entry for audit analytics
JE002600,2025-11-12T10:20:00,Sales Returns,Revenue,1195.34,CNY,subledger,u003,Senior Accountant,False,Synthetic journal entry for audit analytics
JE002601,2025-02-16T18:06:00,Cash,Accounts Receivable,92616.17,CNY,manual,u003,Senior Accountant,False,Synthetic journal entry for audit analytics
JE002602,2025-08-09T12:37:00,Accounts Receivable,Accounts Receivable,476191.99,CNY,automated,batch,System,False,Synthetic journal entry for audit analytics
JE002603,2025-09-11T18:45:00,Cash,Revenue,27993.28,CNY,automated,batch,System,False,Synthetic journal entry for audit analytics
JE002604,2025-02-07T15:58:00,Accounts Receivable,Accounts Receivable,12356.54,CNY,subledger,u002,Accountant,False,Synthetic journal entry for audit analytics
JE002605,2025-02-19T18:10:00,Cash,Accounts Receivable,248140.76,CNY,manual,u003,Senior Accountant,False,Synthetic journal entry for audit analytics
JE002606,2025-08-23T15:31:00,Accounts Receivable,Inventory,69968.18,CNY,manual,u001,Accountant,False,Synthetic journal entry for audit analytics
JE002607,2025-03-26T12:00:00,Accounts Receivable,Accounts Receivable,2553.31,CNY,automated,batch,System,False,Synthetic journal entry for audit analytics
JE002608,2025-09-29T11:58:00,Cash,Revenue,794767.95,CNY,manual,u003,Senior Accountant,False,Synthetic journal entry for audit analytics
JE002609,2025-02-09T09:44:00,Accounts Receivable,Inventory,8023.11,CNY,manual,u003,Senior Accountant,False,Synthetic journal entry for audit analytics
JE002610,2025-07-03T14:37:00,Cash,Accounts Receivable,199494.93,CNY,automated,batch,System,False,Synthetic journal entry for audit analytics
JE002611,2025-04-06T14:05:00,Accounts Receivable,Revenue,160877.86,CNY,automated,batch,System,False,Synthetic journal entry for audit analytics
JE002612,2025-04-15T15:25:00,Sales Returns,Revenue,2666.01,CNY,manual,u001,Accountant,False,Synthetic journal entry for audit analytics
JE002613,2025-04-30T11:03:00,Accounts Receivable,Revenue,17602.12,CNY,manual,u002,Accountant,False,Synthetic journal entry for audit analytics
JE002614,2025-10-15T17:55:00,Accounts Receivable,Accounts Receivable,62378.7,CNY,automated,batch,System,False,Synthetic journal entry for audit analytics
JE002615,2025-04-24T08:16:00,Cash,Accounts Receivable,474791.73,CNY,manual,u001,Accountant,False,Synthetic journal entry for audit analytics
JE002616,2025-12-23T10:06:00,Sales Returns,Accounts Receivable,446579.74,CNY,manual,u002,Accountant,False,Synthetic journal entry for audit analytics
JE002617,2025-03-04T15:02:00,Cash,Revenue,154020.99,CNY,automated,batch,System,False,Synthetic journal entry for audit analytics
JE002618,2025-08-05T09:28:00,Accounts Receivable,Inventory,54238.1,CNY,manual,u005,CFO,False,Synthetic journal entry for audit analytics
JE002619,2025-04-28T10:12:00,Sales Returns,Inventory,5199.88,CNY,subledger,u003,Senior Accountant,False,Synthetic journal entry for audit analytics
JE002620,2025-11-28T18:59:00,Cash,Accounts Receivable,795781.62,CNY,manual,u002,Accountant,False,Synthetic journal entry for audit analytics
JE002621,2025-03-28T08:01:00,Cash,Revenue,1117.14,CNY,automated,batch,System,False,Synthetic journal entry for audit analytics
JE002622,2025-01-27T10:45:00,Cash,Revenue,2062.83,CNY,manual,u003,Senior Accountant,False,Synthetic journal entry for audit analytics
JE002623,2025-09-22T17:11:00,Cash,Revenue,92765.55,CNY,automated,batch,System,False,Synthetic journal entry for audit analytics
JE002624,2025-09-08T15:26:00,Cash,Revenue,1433.87,CNY,subledger,u002,Accountant,False,Synthetic journal entry for audit analytics
JE002625,2025-05-13T11:47:00,Cash,Revenue,3385.02,CNY,manual,u001,Accountant,False,Synthetic journal entry for audit analytics
JE002626,2025-02-16T09:41:00,Accounts Receivable,Inventory,623534.72,CNY,manual,u002,Accountant,False,Synthetic journal entry for audit analytics
JE002627,2025-01-11T10:22:00,Accounts Receivable,Accounts Receivable,152318.71,CNY,automated,batch,System,False,Synthetic journal entry for audit analytics
JE002628,2025-01-08T18:21:00,Accounts Receivable,Revenue,47881.83,CNY,subledger,u003,Senior Accountant,False,Synthetic journal entry for audit analytics
JE002629,2025-09-30T13:42:00,Cash,Accounts Receivable,138494.68,CNY,manual,u001,Accountant,False,Synthetic journal entry for audit analytics
JE002630,2025-09-23T17:19:00,Accounts Receivable,Accounts Receivable,102165.32,CNY,automated,batch,System,False,Synthetic journal entry for audit analytics
JE002631,2025-06-18T16:53:00,Sales Returns,Inventory,1100071.0,CNY,subledger,u003,Senior Accountant,False,Synthetic journal entry for audit analytics
JE002632,2025-04-10T14:57:00,Sales Returns,Accounts Receivable,7000.35,CNY,automated,batch,System,False,Synthetic journal entry for audit analytics
JE002633,2025-03-01T16:09:00,Accounts Receivable,Revenue,1149304.01,CNY,automated,batch,System,False,Synthetic journal entry for audit analytics
JE002634,2025-07-23T15:08:00,Accounts Receivable,Accounts Receivable,7392.39,CNY,automated,batch,System,False,Synthetic journal entry for audit analytics
JE002635,2025-02-22T09:48:00,Accounts Receivable,Accounts Receivable,1977.45,CNY,manual,u002,Accountant,False,Synthetic journal entry for audit analytics
JE002636,2025-10-26T17:39:00,Sales Returns,Inventory,343252.75,CNY,automated,batch,System,False,Synthetic journal entry for audit analytics
JE002637,2025-05-31T17:58:00,Accounts Receivable,Revenue,104905.33,CNY,manual,u002,Accountant,False,Synthetic journal entry for audit analytics
JE002638,2025-12-05T15:10:00,Cash,Revenue,276465.71,CNY,manual,u001,Accountant,False,Synthetic journal entry for audit analytics
JE002639,2025-05-07T08:33:00,Cash,Inventory,118416.52,CNY,manual,u002,Accountant,False,Synthetic journal entry for audit analytics
JE002640,2025-03-16T11:27:00,Cash,Accounts Receivable,4997.48,CNY,subledger,u003,Senior Accountant,False,Synthetic journal entry for audit analytics
JE002641,2025-11-17T12:12:00,Sales Returns,Inventory,900772.05,CNY,manual,u002,Accountant,False,Synthetic journal entry for audit analytics
JE002642,2025-05-30T09:56:00,Accounts Receivable,Revenue,253271.99,CNY,automated,batch,System,False,Synthetic journal entry for audit analytics
JE002643,2025-06-13T08:25:00,Cash,Inventory,52341.03,CNY,manual,u003,Senior Accountant,False,Synthetic journal entry for audit analytics
JE002644,2025-02-16T15:01:00,Accounts Receivable,Revenue,456666.53,CNY,subledger,u003,Senior Accountant,False,Synthetic journal entry for audit analytics
JE002645,2025-04-16T18:10:00,Cash,Accounts Receivable,755391.19,CNY,automated,batch,System,False,Synthetic journal entry for audit analytics
JE002646,2025-07-31T13:45:00,Cash,Accounts Receivable,681187.0,CNY,subledger,u003,Senior Accountant,False,Synthetic journal entry for audit analytics
JE002647,2025-05-05T13:31:00,Accounts Receivable,Revenue,11593.66,CNY,manual,u002,Accountant,False,Synthetic journal entry for audit analytics
JE002648,2025-11-21T09:17:00,Sales Returns,Inventory,264263.54,CNY,manual,u003,Senior Accountant,False,Synthetic journal entry for audit analytics
JE002649,2025-03-09T16:58:00,Accounts Receivable,Accounts Receivable,19008.95,CNY,automated,batch,System,False,Synthetic journal entry for audit analytics
JE002650,2025-12-02T16:10:00,Sales Returns,Accounts Receivable,2164.65,CNY,automated,batch,System,False,Synthetic journal entry for audit analytics
JE002651,2025-11-09T15:12:00,Cash,Inventory,105851.82,CNY,automated,batch,System,False,Synthetic journal entry for audit analytics
JE002652,2025-03-04T14:12:00,Cash,Revenue,1437627.73,CNY,automated,batch,System,False,Synthetic journal entry for audit analytics
JE002653,2025-11-11T09:54:00,Accounts Receivable,Accounts Receivable,80153.64,CNY,subledger,u003,Senior Accountant,False,Synthetic journal entry for audit analytics
JE002654,2025-01-15T08:05:00,Cash,Revenue,1558922.33,CNY,manual,u002,Accountant,False,Synthetic journal entry for audit analytics
JE002655,2025-12-03T09:25:00,Sales Returns,Inventory,7355.22,CNY,automated,batch,System,False,Synthetic journal entry for audit analytics
JE002656,2025-02-23T09:40:00,Cash,Inventory,437933.07,CNY,automated,batch,System,False,Synthetic journal entry for audit analytics
JE002657,2025-10-22T11:54:00,Cash,Revenue,3028.43,CNY,subledger,u002,Accountant,False,Synthetic journal entry for audit analytics
JE002658,2025-05-29T09:14:00,Accounts Receivable,Inventory,8769.98,CNY,automated,batch,System,False,Synthetic journal entry for audit analytics
JE002659,2025-05-07T11:13:00,Accounts Receivable,Accounts Receivable,14080.33,CNY,manual,u001,Accountant,False,Synthetic journal entry for audit analytics
JE002660,2025-03-31T10:33:00,Accounts Receivable,Inventory,166158.72,CNY,subledger,u002,Accountant,False,Synthetic journal entry for audit analytics
JE002661,2025-05-08T16:30:00,Cash,Accounts Receivable,675420.95,CNY,manual,u001,Accountant,False,Synthetic journal entry for audit analytics
JE002662,2025-10-06T11:51:00,Accounts Receivable,Inventory,36326.82,CNY,manual,u002,Accountant,False,Synthetic journal entry for audit analytics
JE002663,2025-03-24T17:59:00,Cash,Inventory,64317.06,CNY,automated,batch,System,False,Synthetic journal entry for audit analytics
JE002664,2025-11-15T16:32:00,Accounts Receivable,Revenue,545563.88,CNY,manual,u002,Accountant,False,Synthetic journal entry for audit analytics
JE002665,2025-11-27T14:46:00,Accounts Receivable,Revenue,9512.67,CNY,automated,batch,System,False,Synthetic journal entry for audit analytics
JE002666,2025-06-04T13:40:00,Accounts Receivable,Revenue,50072.49,CNY,manual,u003,Senior Accountant,False,Synthetic journal entry for audit analytics
JE002667,2025-01-07T09:51:00,Sales Returns,Revenue,9577.45,CNY,manual,u002,Accountant,False,Synthetic journal entry for audit analytics
JE002668,2025-10-27T13:20:00,Accounts Receivable,Revenue,1450.41,CNY,manual,u002,Accountant,False,Synthetic journal entry for audit analytics
JE002669,2025-11-11T14:01:00,Cash,Accounts Receivable,4323.96,CNY,manual,u003,Senior Accountant,False,Synthetic journal entry for audit analytics
JE002670,2025-11-16T17:48:00,Cash,Revenue,113158.59,CNY,subledger,u002,Accountant,False,Synthetic journal entry for audit analytics
JE002671,2025-01-15T15:24:00,Accounts Receivable,Revenue,87044.89,CNY,subledger,u001,Accountant,False,Synthetic journal entry for audit analytics
JE002672,2025-01-30T15:19:00,Cash,Accounts Receivable,2984.07,CNY,manual,u001,Accountant,False,Synthetic journal entry for audit analytics
JE002673,2025-03-25T11:49:00,Sales Returns,Inventory,3337.98,CNY,subledger,u003,Senior Accountant,False,Synthetic journal entry for audit analytics
JE002674,2025-04-02T09:28:00,Sales Returns,Inventory,1392255.92,CNY,manual,u002,Accountant,False,Synthetic journal entry for audit analytics
JE002675,2025-09-11T18:29:00,Cash,Inventory,24737.28,CNY,automated,batch,System,False,Synthetic journal entry for audit analytics
JE002676,2025-08-15T11:32:00,Accounts Receivable,Revenue,1945.66,CNY,subledger,u003,Senior Accountant,False,Synthetic journal entry for audit analytics
JE002677,2025-11-17T16:03:00,Sales Returns,Revenue,1797.51,CNY,manual,u004,Controller,False,Synthetic journal entry for audit analytics
JE002678,2025-07-20T18:00:00,Sales Returns,Accounts Receivable,1187.55,CNY,manual,u002,Accountant,False,Synthetic journal entry for audit analytics
JE002679,2025-12-19T13:50:00,Accounts Receivable,Revenue,4656.67,CNY,automated,batch,System,False,Synthetic journal entry for audit analytics
JE002680,2025-01-18T15:11:00,Sales Returns,Inventory,1420.2,CNY,automated,batch,System,False,Synthetic journal entry for audit analytics
JE002681,2025-01-02T18:27:00,Sales Returns,Inventory,8517.36,CNY,subledger,u002,Accountant,False,Synthetic journal entry for audit analytics
JE002682,2025-06-11T17:31:00,Sales Returns,Inventory,362693.15,CNY,subledger,u004,Controller,False,Synthetic journal entry for audit analytics
JE002683,2025-10-28T09:16:00,Accounts Receivable,Revenue,104879.73,CNY,subledger,u002,Accountant,False,Synthetic journal entry for audit analytics
JE002684,2025-01-01T09:21:00,Accounts Receivable,Revenue,1628.49,CNY,automated,batch,System,False,Synthetic journal entry for audit analytics
JE002685,2025-11-12T17:16:00,Cash,Revenue,6967.85,CNY,automated,batch,System,False,Synthetic journal entry for audit analytics
JE002686,2025-02-04T09:37:00,Sales Returns,Inventory,328305.98,CNY,manual,u001,Accountant,False,Synthetic journal entry for audit analytics
JE002687,2025-11-11T17:56:00,Sales Returns,Inventory,18833.1,CNY,subledger,u002,Accountant,False,Synthetic journal entry for audit analytics
JE002688,2025-10-17T17:20:00,Cash,Inventory,10768.04,CNY,manual,u002,Accountant,False,Synthetic journal entry for audit analytics
JE002689,2025-01-27T11:26:00,Cash,Revenue,2109.15,CNY,subledger,u001,Accountant,False,Synthetic journal entry for audit analytics
JE002690,2025-01-02T12:16:00,Cash,Revenue,378788.08,CNY,automated,batch,System,False,Synthetic journal entry for audit analytics
JE002691,2025-01-10T17:18:00,Cash,Inventory,130967.92,CNY,manual,u003,Senior Accountant,False,Synthetic journal entry for audit analytics
JE002692,2025-07-11T10:36:00,Accounts Receivable,Revenue,978013.85,CNY,manual,u001,Accountant,False,Synthetic journal entry for audit analytics
JE002693,2025-03-01T18:10:00,Accounts Receivable,Accounts Receivable,1343.74,CNY,manual,u003,Senior Accountant,False,Synthetic journal entry for audit analytics
JE002694,2025-03-27T11:13:00,Accounts Receivable,Revenue,4912.49,CNY,manual,u001,Accountant,False,Synthetic journal entry for audit analytics
JE002695,2025-02-25T10:00:00,Cash,Revenue,5192.75,CNY,automated,batch,System,False,Synthetic journal entry for audit analytics
JE002696,2025-09-03T18:02:00,Accounts Receivable,Inventory,73546.51,CNY,subledger,u002,Accountant,False,Synthetic journal entry for audit analytics
JE002697,2025-07-04T09:13:00,Sales Returns,Accounts Receivable,878640.87,CNY,manual,u003,Senior Accountant,False,Synthetic journal entry for audit analytics
JE002698,2025-08-18T08:49:00,Sales Returns,Accounts Receivable,10375.84,CNY,manual,u001,Accountant,False,Synthetic journal entry for audit analytics
JE002699,2025-09-11T10:54:00,Cash,Inventory,4390.22,CNY,manual,u003,Senior Accountant,False,Synthetic journal entry for audit analytics
JE002700,2025-03-02T11:29:00,Sales Returns,Inventory,6638.11,CNY,automated,batch,System,False,Synthetic journal entry for audit analytics
JE002701,2025-01-05T15:26:00,Sales Returns,Revenue,10483.76,CNY,manual,u002,Accountant,False,Synthetic journal entry for audit analytics
JE002702,2025-03-28T14:12:00,Accounts Receivable,Revenue,35024.3,CNY,manual,u002,Accountant,False,Synthetic journal entry for audit analytics
JE002703,2025-07-19T17:30:00,Sales Returns,Accounts Receivable,80335.4,CNY,manual,u001,Accountant,False,Synthetic journal entry for audit analytics
JE002704,2025-07-24T10:45:00,Accounts Receivable,Revenue,2152.61,CNY,manual,u001,Accountant,False,Synthetic journal entry for audit analytics
JE002705,2025-02-01T12:51:00,Accounts Receivable,Inventory,2563.24,CNY,automated,batch,System,False,Synthetic journal entry for audit analytics
JE002706,2025-08-08T10:48:00,Cash,Accounts Receivable,360402.15,CNY,manual,u001,Accountant,False,Synthetic journal entry for audit analytics
JE002707,2025-09-18T10:08:00,Sales Returns,Inventory,2049.07,CNY,automated,batch,System,False,Synthetic journal entry for audit analytics
JE002708,2025-05-23T11:50:00,Accounts Receivable,Accounts Receivable,4963.93,CNY,subledger,u001,Accountant,False,Synthetic journal entry for audit analytics
JE002709,2025-08-24T09:53:00,Sales Returns,Accounts Receivable,810883.09,CNY,manual,u003,Senior Accountant,False,Synthetic journal entry for audit analytics
JE002710,2025-02-27T08:35:00,Cash,Inventory,260280.24,CNY,automated,batch,System,False,Synthetic journal entry for audit analytics
JE002711,2025-06-23T15:14:00,Cash,Accounts Receivable,10242.7,CNY,subledger,u001,Accountant,False,Synthetic journal entry for audit analytics
JE002712,2025-03-27T14:44:00,Accounts Receivable,Revenue,4054.41,CNY,manual,u001,Accountant,False,Synthetic journal entry for audit analytics
JE002713,2025-12-31T13:40:00,Accounts Receivable,Inventory,7180.61,CNY,automated,batch,System,False,Synthetic journal entry for audit analytics
JE002714,2025-02-04T10:19:00,Cash,Accounts Receivable,4137.91,CNY,subledger,u001,Accountant,False,Synthetic journal entry for audit analytics
JE002715,2025-01-05T11:55:00,Sales Returns,Accounts Receivable,1383496.17,CNY,automated,batch,System,False,Synthetic journal entry for audit analytics
JE002716,2025-06-04T12:41:00,Cash,Inventory,22610.62,CNY,manual,u001,Accountant,False,Synthetic journal entry for audit analytics
JE002717,2025-12-11T18:06:00,Cash,Inventory,3068.77,CNY,manual,u001,Accountant,False,Synthetic journal entry for audit analytics
JE002718,2025-03-10T15:49:00,Sales Returns,Inventory,1144597.7,CNY,automated,batch,System,False,Synthetic journal entry for audit analytics
JE002719,2025-11-25T10:45:00,Accounts Receivable,Inventory,1170338.17,CNY,manual,u003,Senior Accountant,False,Synthetic journal entry for audit analytics
JE002720,2025-01-11T12:50:00,Sales Returns,Accounts Receivable,124015.26,CNY,manual,u003,Senior Accountant,False,Synthetic journal entry for audit analytics
JE002721,2025-10-14T13:09:00,Accounts Receivable,Inventory,35526.1,CNY,automated,batch,System,False,Synthetic journal entry for audit analytics
JE002722,2025-07-21T08:17:00,Sales Returns,Revenue,93543.89,CNY,subledger,u003,Senior Accountant,False,Synthetic journal entry for audit analytics
JE002723,2025-12-30T23:26:00,Other Receivables,Other Income,2000000,CNY,manual,u005,CFO,False,Synthetic journal entry for audit analytics
JE002724,2025-09-17T08:27:00,Accounts Receivable,Revenue,527647.75,CNY,manual,u004,Controller,False,Synthetic journal entry for audit analytics
JE002725,2025-06-05T10:41:00,Accounts Receivable,Inventory,4177.32,CNY,manual,u002,Accountant,False,Synthetic journal entry for audit analytics
JE002726,2025-06-30T18:42:00,Cash,Inventory,1483682.23,CNY,automated,batch,System,False,Synthetic journal entry for audit analytics
JE002727,2025-09-07T08:49:00,Sales Returns,Accounts Receivable,658594.42,CNY,manual,u001,Accountant,False,Synthetic journal entry for audit analytics
JE002728,2025-06-13T14:49:00,Cash,Inventory,5788.7,CNY,manual,u001,Accountant,False,Synthetic journal entry for audit analytics
JE002729,2025-10-22T08:26:00,Cash,Revenue,47556.66,CNY,manual,u001,Accountant,False,Synthetic journal entry for audit analytics
JE002730,2025-08-16T12:35:00,Cash,Inventory,1613.65,CNY,subledger,u001,Accountant,False,Synthetic journal entry for audit analytics
JE002731,2025-10-13T08:29:00,Cash,Revenue,13577.43,CNY,subledger,u002,Accountant,False,Synthetic journal entry for audit analytics
JE002732,2025-02-21T08:38:00,Sales Returns,Revenue,278139.66,CNY,manual,u003,Senior Accountant,False,Synthetic journal entry for audit analytics
JE002733,2025-11-09T10:09:00,Sales Returns,Inventory,571487.01,CNY,automated,batch,System,False,Synthetic journal entry for audit analytics
JE002734,2025-03-26T12:59:00,Accounts Receivable,Accounts Receivable,127904.6,CNY,manual,u001,Accountant,False,Synthetic journal entry for audit analytics
JE002735,2025-02-02T17:49:00,Cash,Accounts Receivable,222300.42,CNY,automated,batch,System,False,Synthetic journal entry for audit analytics
JE002736,2025-04-10T09:02:00,Sales Returns,Accounts Receivable,6730.32,CNY,automated,batch,System,False,Synthetic journal entry for audit analytics
JE002737,2025-03-08T17:43:00,Cash,Accounts Receivable,4995.8,CNY,manual,u004,Controller,False,Synthetic journal entry for audit analytics
JE002738,2025-02-21T09:05:00,Cash,Revenue,11603.68,CNY,manual,u003,Senior Accountant,False,Synthetic journal entry for audit analytics
JE002739,2025-11-26T08:22:00,Cash,Revenue,516159.41,CNY,subledger,u001,Accountant,False,Synthetic journal entry for audit analytics
JE002740,2025-04-18T17:39:00,Sales Returns,Accounts Receivable,332538.16,CNY,manual,u002,Accountant,False,Synthetic journal entry for audit analytics
JE002741,2025-05-02T11:46:00,Cash,Accounts Receivable,69177.51,CNY,manual,u003,Senior Accountant,False,Synthetic journal entry for audit analytics
JE002742,2025-01-23T08:34:00,Accounts Receivable,Accounts Receivable,5704.81,CNY,subledger,u002,Accountant,False,Synthetic journal entry for audit analytics
JE002743,2025-07-28T11:48:00,Sales Returns,Inventory,16424.52,CNY,manual,u001,Accountant,False,Synthetic journal entry for audit analytics
JE002744,2025-06-07T08:09:00,Accounts Receivable,Inventory,23219.75,CNY,automated,batch,System,False,Synthetic journal entry for audit analytics
JE002745,2025-04-12T08:24:00,Sales Returns,Inventory,1270014.2,CNY,automated,batch,System,False,Synthetic journal entry for audit analytics
JE002746,2025-10-20T13:18:00,Accounts Receivable,Revenue,37399.41,CNY,manual,u001,Accountant,False,Synthetic journal entry for audit analytics
JE002747,2025-11-22T15:09:00,Accounts Receivable,Accounts Receivable,22153.0,CNY,manual,u003,Senior Accountant,False,Synthetic journal entry for audit analytics
JE002748,2025-11-29T14:25:00,Sales Returns,Inventory,211364.07,CNY,subledger,u001,Accountant,False,Synthetic journal entry for audit analytics
JE002749,2025-07-05T18:03:00,Sales Returns,Revenue,12190.5,CNY,manual,u004,Controller,False,Synthetic journal entry for audit analytics
JE002750,2025-08-25T11:46:00,Sales Returns,Accounts Receivable,10629.42,CNY,subledger,u002,Accountant,False,Synthetic journal entry for audit analytics
JE002751,2025-01-14T18:43:00,Sales Returns,Inventory,20384.69,CNY,automated,batch,System,False,Synthetic journal entry for audit analytics
JE002752,2025-10-12T09:49:00,Accounts Receivable,Accounts Receivable,99641.14,CNY,manual,u001,Accountant,False,Synthetic journal entry for audit analytics
JE002753,2025-04-02T08:01:00,Cash,Inventory,21180.91,CNY,subledger,u001,Accountant,False,Synthetic journal entry for audit analytics
JE002754,2025-07-08T16:26:00,Cash,Inventory,1380710.04,CNY,automated,batch,System,False,Synthetic journal entry for audit analytics
JE002755,2025-12-22T12:27:00,Sales Returns,Accounts Receivable,15078.56,CNY,manual,u002,Accountant,False,Synthetic journal entry for audit analytics
JE002756,2025-11-24T13:53:00,Accounts Receivable,Inventory,13044.0,CNY,manual,u002,Accountant,False,Synthetic journal entry for audit analytics
JE002757,2025-08-30T17:00:00,Sales Returns,Accounts Receivable,70982.75,CNY,automated,batch,System,False,Synthetic journal entry for audit analytics
JE002758,2025-08-05T08:14:00,Cash,Revenue,142456.0,CNY,subledger,u002,Accountant,False,Synthetic journal entry for audit analytics
JE002759,2025-12-26T11:36:00,Accounts Receivable,Accounts Receivable,46101.27,CNY,subledger,u002,Accountant,False,Synthetic journal entry for audit analytics
JE002760,2025-08-17T10:50:00,Sales Returns,Inventory,3842.51,CNY,manual,u002,Accountant,False,Synthetic journal entry for audit analytics
JE002761,2025-09-13T18:05:00,Accounts Receivable,Accounts Receivable,167457.13,CNY,automated,batch,System,False,Synthetic journal entry for audit analytics
JE002762,2025-10-29T17:36:00,Cash,Accounts Receivable,3042.54,CNY,manual,u002,Accountant,False,Synthetic journal entry for audit analytics
JE002763,2025-02-09T08:52:00,Sales Returns,Accounts Receivable,15910.33,CNY,manual,u005,CFO,False,Synthetic journal entry for audit analytics
JE002764,2025-03-24T16:29:00,Cash,Inventory,3337.14,CNY,subledger,u002,Accountant,False,Synthetic journal entry for audit analytics
JE002765,2025-06-08T11:48:00,Cash,Inventory,1327617.53,CNY,manual,u002,Accountant,False,Synthetic journal entry for audit analytics
JE002766,2025-03-21T12:46:00,Accounts Receivable,Revenue,350652.88,CNY,subledger,u001,Accountant,False,Synthetic journal entry for audit analytics
JE002767,2025-05-23T16:08:00,Cash,Revenue,339924.05,CNY,manual,u002,Accountant,False,Synthetic journal entry for audit analytics
JE002768,2025-08-15T09:28:00,Accounts Receivable,Accounts Receivable,43289.02,CNY,manual,u002,Accountant,False,Synthetic journal entry for audit analytics
JE002769,2025-10-25T12:04:00,Accounts Receivable,Inventory,19534.36,CNY,manual,u002,Accountant,False,Synthetic journal entry for audit analytics
JE002770,2025-06-29T15:42:00,Accounts Receivable,Accounts Receivable,133753.36,CNY,subledger,u002,Accountant,False,Synthetic journal entry for audit analytics
JE002771,2025-07-02T11:09:00,Sales Returns,Accounts Receivable,17472.98,CNY,manual,u002,Accountant,False,Synthetic journal entry for audit analytics
JE002772,2025-03-20T09:02:00,Accounts Receivable,Accounts Receivable,101154.1,CNY,manual,u001,Accountant,False,Synthetic journal entry for audit analytics
JE002773,2025-06-19T10:57:00,Cash,Inventory,82391.59,CNY,manual,u001,Accountant,False,Synthetic journal entry for audit analytics
JE002774,2025-06-02T13:37:00,Cash,Revenue,19787.77,CNY,manual,u002,Accountant,False,Synthetic journal entry for audit analytics
JE002775,2025-06-16T13:20:00,Accounts Receivable,Accounts Receivable,1143031.37,CNY,manual,u002,Accountant,False,Synthetic journal entry for audit analytics
JE002776,2025-07-29T14:58:00,Accounts Receivable,Accounts Receivable,68777.9,CNY,subledger,u001,Accountant,False,Synthetic journal entry for audit analytics
JE002777,2025-12-07T08:27:00,Cash,Revenue,1718.08,CNY,subledger,u003,Senior Accountant,False,Synthetic journal entry for audit analytics
JE002778,2025-04-19T18:42:00,Cash,Revenue,480195.94,CNY,automated,batch,System,False,Synthetic journal entry for audit analytics
JE002779,2025-12-16T18:29:00,Sales Returns,Revenue,1433457.07,CNY,automated,batch,System,False,Synthetic journal entry for audit analytics
JE002780,2025-08-18T17:36:00,Accounts Receivable,Revenue,300089.98,CNY,subledger,u001,Accountant,False,Synthetic journal entry for audit analytics
JE002781,2025-06-01T17:36:00,Accounts Receivable,Inventory,8828.42,CNY,manual,u002,Accountant,False,Synthetic journal entry for audit analytics
JE002782,2025-10-31T09:38:00,Cash,Inventory,34909.88,CNY,automated,batch,System,False,Synthetic journal entry for audit analytics
JE002783,2025-04-05T09:50:00,Accounts Receivable,Inventory,21493.69,CNY,subledger,u002,Accountant,False,Synthetic journal entry for audit analytics
JE002784,2025-02-22T15:20:00,Cash,Inventory,2105.79,CNY,subledger,u003,Senior Accountant,False,Synthetic journal entry for audit analytics
JE002785,2025-08-04T11:37:00,Accounts Receivable,Inventory,1824.95,CNY,automated,batch,System,False,Synthetic journal entry for audit analytics
JE002786,2025-01-17T11:55:00,Sales Returns,Accounts Receivable,11953.21,CNY,manual,u002,Accountant,False,Synthetic journal entry for audit analytics
JE002787,2025-02-17T17:40:00,Accounts Receivable,Inventory,295875.61,CNY,automated,batch,System,False,Synthetic journal entry for audit analytics
JE002788,2025-03-15T18:36:00,Accounts Receivable,Inventory,8058.0,CNY,subledger,u002,Accountant,False,Synthetic journal entry for audit analytics
JE002789,2025-02-05T09:24:00,Cash,Revenue,2672.08,CNY,manual,u002,Accountant,False,Synthetic journal entry for audit analytics
JE002790,2025-10-11T10:29:00,Sales Returns,Revenue,1815.47,CNY,manual,u001,Accountant,False,Synthetic journal entry for audit analytics
JE002791,2025-06-25T16:48:00,Cash,Inventory,2170.21,CNY,automated,batch,System,False,Synthetic journal entry for audit analytics
JE002792,2025-04-13T09:06:00,Accounts Receivable,Inventory,997038.78,CNY,manual,u001,Accountant,False,Synthetic journal entry for audit analytics
JE002793,2025-12-01T15:17:00,Sales Returns,Accounts Receivable,44472.66,CNY,automated,batch,System,False,Synthetic journal entry for audit analytics
JE002794,2025-12-18T16:14:00,Sales Returns,Revenue,18949.29,CNY,automated,batch,System,False,Synthetic journal entry for audit analytics
JE002795,2025-07-23T11:34:00,Sales Returns,Accounts Receivable,12449.67,CNY,automated,batch,System,False,Synthetic journal entry for audit analytics
JE002796,2025-12-28T08:02:00,Cash,Accounts Receivable,1417.52,CNY,manual,u001,Accountant,False,Synthetic journal entry for audit analytics
JE002797,2025-04-01T15:33:00,Cash,Revenue,1497.5,CNY,manual,u001,Accountant,False,Synthetic journal entry for audit analytics
JE002798,2025-05-20T08:38:00,Sales Returns,Accounts Receivable,218133.59,CNY,manual,u003,Senior Accountant,False,Synthetic journal entry for audit analytics
JE002799,2025-10-30T15:35:00,Sales Returns,Revenue,84009.71,CNY,automated,batch,System,False,Synthetic journal entry for audit analytics
JE002800,2025-08-25T14:11:00,Cash,Revenue,14615.27,CNY,automated,batch,System,False,Synthetic journal entry for audit analytics
JE002801,2025-04-09T18:33:00,Sales Returns,Accounts Receivable,1556171.93,CNY,manual,u002,Accountant,False,Synthetic journal entry for audit analytics
JE002802,2025-08-05T17:55:00,Accounts Receivable,Accounts Receivable,1488043.44,CNY,manual,u002,Accountant,False,Synthetic journal entry for audit analytics
JE002803,2025-02-26T10:30:00,Sales Returns,Inventory,37064.36,CNY,automated,batch,System,False,Synthetic journal entry for audit analytics
JE002804,2025-06-29T13:28:00,Accounts Receivable,Inventory,11787.31,CNY,automated,batch,System,False,Synthetic journal entry for audit analytics
JE002805,2025-02-01T08:13:00,Accounts Receivable,Accounts Receivable,1008509.1,CNY,manual,u004,Controller,False,Synthetic journal entry for audit analytics
JE002806,2025-07-19T14:53:00,Accounts Receivable,Inventory,275847.51,CNY,subledger,u001,Accountant,False,Synthetic journal entry for audit analytics
JE002807,2025-03-21T09:34:00,Cash,Revenue,945694.37,CNY,manual,u001,Accountant,False,Synthetic journal entry for audit analytics
JE002808,2025-01-28T08:05:00,Accounts Receivable,Revenue,40428.47,CNY,automated,batch,System,False,Synthetic journal entry for audit analytics
JE002809,2025-08-30T09:26:00,Accounts Receivable,Revenue,42893.12,CNY,manual,u001,Accountant,False,Synthetic journal entry for audit analytics
JE002810,2025-09-10T15:08:00,Accounts Receivable,Accounts Receivable,262369.97,CNY,automated,batch,System,False,Synthetic journal entry for audit analytics
JE002811,2025-02-13T17:43:00,Cash,Accounts Receivable,275669.47,CNY,subledger,u003,Senior Accountant,False,Synthetic journal entry for audit analytics
JE002812,2025-01-16T12:41:00,Sales Returns,Revenue,12297.63,CNY,automated,batch,System,False,Synthetic journal entry for audit analytics
JE002813,2025-10-10T10:11:00,Sales Returns,Inventory,184376.39,CNY,manual,u004,Controller,False,Synthetic journal entry for audit analytics
JE002814,2025-09-05T16:37:00,Cash,Inventory,391870.76,CNY,automated,batch,System,False,Synthetic journal entry for audit analytics
JE002815,2025-10-05T09:24:00,Cash,Inventory,1001.15,CNY,subledger,u003,Senior Accountant,False,Synthetic journal entry for audit analytics
JE002816,2025-06-25T14:00:00,Accounts Receivable,Revenue,80814.31,CNY,subledger,u002,Accountant,False,Synthetic journal entry for audit analytics
JE002817,2025-04-27T15:22:00,Sales Returns,Revenue,1105.58,CNY,subledger,u002,Accountant,False,Synthetic journal entry for audit analytics
JE002818,2025-05-20T10:09:00,Accounts Receivable,Accounts Receivable,1695.22,CNY,manual,u002,Accountant,False,Synthetic journal entry for audit analytics
JE002819,2025-11-01T15:59:00,Sales Returns,Accounts Receivable,409992.35,CNY,automated,batch,System,False,Synthetic journal entry for audit analytics
JE002820,2025-04-22T15:20:00,Accounts Receivable,Inventory,3000.46,CNY,manual,u001,Accountant,False,Synthetic journal entry for audit analytics
JE002821,2025-07-22T10:38:00,Cash,Revenue,20036.37,CNY,automated,batch,System,False,Synthetic journal entry for audit analytics
JE002822,2025-04-18T08:13:00,Accounts Receivable,Accounts Receivable,63173.93,CNY,manual,u002,Accountant,False,Synthetic journal entry for audit analytics
JE002823,2025-03-28T17:04:00,Cash,Revenue,606297.24,CNY,subledger,u003,Senior Accountant,False,Synthetic journal entry for audit analytics
JE002824,2025-10-17T15:18:00,Accounts Receivable,Inventory,718708.59,CNY,automated,batch,System,False,Synthetic journal entry for audit analytics
JE002825,2025-08-09T12:50:00,Accounts Receivable,Revenue,118778.07,CNY,manual,u003,Senior Accountant,False,Synthetic journal entry for audit analytics
JE002826,2025-04-23T17:48:00,Sales Returns,Inventory,1429.13,CNY,automated,batch,System,False,Synthetic journal entry for audit analytics
JE002827,2025-08-21T13:15:00,Accounts Receivable,Accounts Receivable,1325202.73,CNY,automated,batch,System,False,Synthetic journal entry for audit analytics
JE002828,2025-03-19T15:54:00,Accounts Receivable,Inventory,251131.34,CNY,automated,batch,System,False,Synthetic journal entry for audit analytics
JE002829,2025-06-26T16:08:00,Cash,Inventory,15605.99,CNY,subledger,u003,Senior Accountant,False,Synthetic journal entry for audit analytics
JE002830,2025-01-16T13:27:00,Cash,Accounts Receivable,247634.0,CNY,manual,u002,Accountant,False,Synthetic journal entry for audit analytics
JE002831,2025-04-02T09:15:00,Accounts Receivable,Inventory,2458.03,CNY,subledger,u001,Accountant,False,Synthetic journal entry for audit analytics
JE002832,2025-07-21T13:20:00,Cash,Revenue,4842.43,CNY,manual,u001,Accountant,False,Synthetic journal entry for audit analytics
JE002833,2025-06-01T16:59:00,Sales Returns,Revenue,38239.21,CNY,manual,u002,Accountant,False,Synthetic journal entry for audit analytics
JE002834,2025-08-27T16:25:00,Accounts Receivable,Accounts Receivable,24516.79,CNY,subledger,u001,Accountant,False,Synthetic journal entry for audit analytics
JE002835,2025-04-25T17:28:00,Cash,Revenue,41445.49,CNY,automated,batch,System,False,Synthetic journal entry for audit analytics
JE002836,2025-04-21T12:43:00,Cash,Inventory,7263.53,CNY,automated,batch,System,False,Synthetic journal entry for audit analytics
JE002837,2025-07-04T09:18:00,Cash,Revenue,26284.16,CNY,automated,batch,System,False,Synthetic journal entry for audit analytics
JE002838,2025-07-04T08:03:00,Cash,Revenue,90897.4,CNY,manual,u002,Accountant,False,Synthetic journal entry for audit analytics
JE002839,2025-08-31T17:45:00,Cash,Revenue,113278.81,CNY,manual,u004,Controller,False,Synthetic journal entry for audit analytics
JE002840,2025-05-24T15:48:00,Sales Returns,Revenue,255433.76,CNY,subledger,u002,Accountant,False,Synthetic journal entry for audit analytics
JE002841,2025-12-18T08:44:00,Accounts Receivable,Revenue,405516.06,CNY,subledger,u001,Accountant,False,Synthetic journal entry for audit analytics
JE002842,2025-10-03T14:43:00,Sales Returns,Accounts Receivable,1422840.99,CNY,automated,batch,System,False,Synthetic journal entry for audit analytics
JE002843,2025-04-04T14:43:00,Accounts Receivable,Accounts Receivable,2158.17,CNY,automated,batch,System,False,Synthetic journal entry for audit analytics
JE002844,2025-10-06T11:23:00,Sales Returns,Revenue,1594.32,CNY,manual,u002,Accountant,False,Synthetic journal entry for audit analytics
JE002845,2025-02-05T08:25:00,Sales Returns,Revenue,81459.43,CNY,automated,batch,System,False,Synthetic journal entry for audit analytics
JE002846,2025-08-05T15:38:00,Sales Returns,Accounts Receivable,149027.58,CNY,automated,batch,System,False,Synthetic journal entry for audit analytics
JE002847,2025-07-17T18:39:00,Cash,Inventory,1266.93,CNY,subledger,u002,Accountant,False,Synthetic journal entry for audit analytics
JE002848,2025-06-30T08:20:00,Accounts Receivable,Accounts Receivable,1530128.09,CNY,manual,u003,Senior Accountant,False,Synthetic journal entry for audit analytics
JE002849,2025-01-07T11:19:00,Sales Returns,Revenue,12813.19,CNY,manual,u001,Accountant,False,Synthetic journal entry for audit analytics
JE002850,2025-04-09T17:46:00,Sales Returns,Revenue,411676.62,CNY,manual,u003,Senior Accountant,False,Synthetic journal entry for audit analytics
JE002851,2025-08-11T13:59:00,Sales Returns,Revenue,8591.4,CNY,automated,batch,System,False,Synthetic journal entry for audit analytics
JE002852,2025-03-19T18:37:00,Cash,Accounts Receivable,387556.72,CNY,manual,u003,Senior Accountant,False,Synthetic journal entry for audit analytics
JE002853,2025-07-22T16:59:00,Cash,Accounts Receivable,4056.54,CNY,manual,u002,Accountant,False,Synthetic journal entry for audit analytics
JE002854,2025-12-10T17:48:00,Accounts Receivable,Accounts Receivable,1630.88,CNY,automated,batch,System,False,Synthetic journal entry for audit analytics
JE002855,2025-06-11T18:24:00,Accounts Receivable,Inventory,977334.88,CNY,manual,u002,Accountant,False,Synthetic journal entry for audit analytics
JE002856,2025-11-21T13:57:00,Accounts Receivable,Accounts Receivable,776065.61,CNY,manual,u002,Accountant,False,Synthetic journal entry for audit analytics
JE002857,2025-09-15T10:49:00,Sales Returns,Revenue,46677.93,CNY,manual,u003,Senior Accountant,False,Synthetic journal entry for audit analytics
JE002858,2025-08-15T15:55:00,Sales Returns,Accounts Receivable,30214.17,CNY,subledger,u003,Senior Accountant,False,Synthetic journal entry for audit analytics
JE002859,2025-07-09T17:28:00,Accounts Receivable,Revenue,36786.62,CNY,manual,u001,Accountant,False,Synthetic journal entry for audit analytics
JE002860,2025-03-17T16:21:00,Sales Returns,Accounts Receivable,2339.92,CNY,automated,batch,System,False,Synthetic journal entry for audit analytics
JE002861,2025-07-30T12:42:00,Accounts Receivable,Revenue,131041.57,CNY,manual,u001,Accountant,False,Synthetic journal entry for audit analytics
JE002862,2025-12-06T09:10:00,Sales Returns,Inventory,268624.88,CNY,manual,u002,Accountant,False,Synthetic journal entry for audit analytics
JE002863,2025-09-14T12:47:00,Accounts Receivable,Accounts Receivable,182718.34,CNY,subledger,u002,Accountant,False,Synthetic journal entry for audit analytics
JE002864,2025-01-01T12:31:00,Sales Returns,Revenue,13232.18,CNY,subledger,u001,Accountant,False,Synthetic journal entry for audit analytics
JE002865,2025-07-20T18:20:00,Sales Returns,Inventory,57249.06,CNY,manual,u002,Accountant,False,Synthetic journal entry for audit analytics
JE002866,2025-06-10T14:37:00,Accounts Receivable,Inventory,82688.01,CNY,manual,u001,Accountant,False,Synthetic journal entry for audit analytics
JE002867,2025-03-05T15:16:00,Sales Returns,Revenue,18719.61,CNY,automated,batch,System,False,Synthetic journal entry for audit analytics
JE002868,2025-07-02T17:57:00,Accounts Receivable,Inventory,25714.94,CNY,automated,batch,System,False,Synthetic journal entry for audit analytics
JE002869,2025-12-09T14:50:00,Accounts Receivable,Accounts Receivable,150664.82,CNY,automated,batch,System,False,Synthetic journal entry for audit analytics
JE002870,2025-08-17T17:52:00,Sales Returns,Inventory,22770.51,CNY,automated,batch,System,False,Synthetic journal entry for audit analytics
JE002871,2025-03-10T17:30:00,Sales Returns,Accounts Receivable,5901.95,CNY,manual,u002,Accountant,False,Synthetic journal entry for audit analytics
JE002872,2025-12-10T14:36:00,Accounts Receivable,Inventory,48148.32,CNY,subledger,u001,Accountant,False,Synthetic journal entry for audit analytics
JE002873,2025-07-12T08:15:00,Sales Returns,Inventory,1621.86,CNY,manual,u001,Accountant,False,Synthetic journal entry for audit analytics
JE002874,2025-09-10T09:51:00,Sales Returns,Inventory,7654.98,CNY,subledger,u001,Accountant,False,Synthetic journal entry for audit analytics
JE002875,2025-07-07T15:54:00,Sales Returns,Revenue,2085.87,CNY,manual,u002,Accountant,False,Synthetic journal entry for audit analytics
JE002876,2025-12-27T10:49:00,Accounts Receivable,Inventory,17094.66,CNY,subledger,u001,Accountant,False,Synthetic journal entry for audit analytics
JE002877,2025-12-30T10:20:00,Accounts Receivable,Revenue,6027.83,CNY,automated,batch,System,False,Synthetic journal entry for audit analytics
JE002878,2025-12-31T08:00:00,Accounts Receivable,Revenue,66932.88,CNY,subledger,u002,Accountant,False,Synthetic journal entry for audit analytics
JE002879,2025-04-06T17:05:00,Accounts Receivable,Accounts Receivable,1500137.75,CNY,manual,u003,Senior Accountant,False,Synthetic journal entry for audit analytics
JE002880,2025-01-11T13:07:00,Cash,Accounts Receivable,5130.3,CNY,automated,batch,System,False,Synthetic journal entry for audit analytics
JE002881,2025-04-11T10:48:00,Sales Returns,Inventory,70117.72,CNY,manual,u002,Accountant,False,Synthetic journal entry for audit analytics
JE002882,2025-06-13T17:15:00,Cash,Revenue,27506.68,CNY,manual,u002,Accountant,False,Synthetic journal entry for audit analytics
JE002883,2025-12-17T12:55:00,Accounts Receivable,Revenue,1407978.82,CNY,manual,u003,Senior Accountant,False,Synthetic journal entry for audit analytics
JE002884,2025-07-03T08:51:00,Accounts Receivable,Revenue,1431705.83,CNY,subledger,u003,Senior Accountant,False,Synthetic journal entry for audit analytics
JE002885,2025-03-12T16:56:00,Sales Returns,Accounts Receivable,128577.33,CNY,automated,batch,System,False,Synthetic journal entry for audit analytics
JE002886,2025-01-12T09:06:00,Cash,Accounts Receivable,367727.34,CNY,subledger,u002,Accountant,False,Synthetic journal entry for audit analytics
JE002887,2025-09-21T13:54:00,Sales Returns,Revenue,1359586.16,CNY,manual,u003,Senior Accountant,False,Synthetic journal entry for audit analytics
JE002888,2025-03-20T08:51:00,Cash,Inventory,752381.15,CNY,manual,u002,Accountant,False,Synthetic journal entry for audit analytics
JE002889,2025-07-09T11:19:00,Sales Returns,Revenue,3566.46,CNY,automated,batch,System,False,Synthetic journal entry for audit analytics
JE002890,2025-12-24T15:42:00,Sales Returns,Revenue,36532.11,CNY,manual,u002,Accountant,False,Synthetic journal entry for audit analytics
JE002891,2025-04-26T17:55:00,Accounts Receivable,Inventory,2999.65,CNY,manual,u001,Accountant,False,Synthetic journal entry for audit analytics
JE002892,2025-12-13T18:29:00,Cash,Revenue,1690.96,CNY,subledger,u002,Accountant,False,Synthetic journal entry for audit analytics
JE002893,2025-06-12T16:01:00,Sales Returns,Inventory,1481.3,CNY,automated,batch,System,False,Synthetic journal entry for audit analytics
JE002894,2025-06-08T10:44:00,Cash,Accounts Receivable,13430.81,CNY,automated,batch,System,False,Synthetic journal entry for audit analytics
JE002895,2025-02-27T17:30:00,Sales Returns,Revenue,477950.56,CNY,manual,u003,Senior Accountant,False,Synthetic journal entry for audit analytics
JE002896,2025-09-28T12:10:00,Accounts Receivable,Revenue,1543.26,CNY,automated,batch,System,False,Synthetic journal entry for audit analytics
JE002897,2025-02-12T14:16:00,Accounts Receivable,Accounts Receivable,2202.2,CNY,automated,batch,System,False,Synthetic journal entry for audit analytics
JE002898,2025-07-14T09:00:00,Accounts Receivable,Revenue,1125142.51,CNY,manual,u001,Accountant,False,Synthetic journal entry for audit analytics
JE002899,2025-04-04T18:12:00,Accounts Receivable,Accounts Receivable,85765.09,CNY,manual,u002,Accountant,False,Synthetic journal entry for audit analytics
JE002900,2025-01-23T09:17:00,Sales Returns,Revenue,14921.31,CNY,subledger,u003,Senior Accountant,False,Synthetic journal entry for audit analytics
JE002901,2025-08-08T10:32:00,Accounts Receivable,Accounts Receivable,320236.34,CNY,automated,batch,System,False,Synthetic journal entry for audit analytics
JE002902,2025-06-15T13:35:00,Accounts Receivable,Revenue,1137.37,CNY,manual,u001,Accountant,False,Synthetic journal entry for audit analytics
JE002903,2025-10-22T18:10:00,Accounts Receivable,Inventory,4155.07,CNY,manual,u003,Senior Accountant,False,Synthetic journal entry for audit analytics
JE002904,2025-09-21T13:54:00,Accounts Receivable,Accounts Receivable,119278.43,CNY,manual,u001,Accountant,False,Synthetic journal entry for audit analytics
JE002905,2025-03-22T14:13:00,Cash,Inventory,189813.63,CNY,subledger,u002,Accountant,False,Synthetic journal entry for audit analytics
JE002906,2025-11-02T18:30:00,Accounts Receivable,Accounts Receivable,137002.97,CNY,subledger,u001,Accountant,False,Synthetic journal entry for audit analytics
JE002907,2025-11-29T15:11:00,Cash,Inventory,236446.46,CNY,manual,u003,Senior Accountant,False,Synthetic journal entry for audit analytics
JE002908,2025-05-03T13:21:00,Sales Returns,Inventory,38851.69,CNY,subledger,u003,Senior Accountant,False,Synthetic journal entry for audit analytics
JE002909,2025-03-22T10:47:00,Sales Returns,Revenue,2623.81,CNY,subledger,u001,Accountant,False,Synthetic journal entry for audit analytics
JE002910,2025-11-30T18:47:00,Accounts Receivable,Revenue,4999.23,CNY,subledger,u003,Senior Accountant,False,Synthetic journal entry for audit analytics
JE002911,2025-04-10T14:57:00,Sales Returns,Inventory,20829.37,CNY,subledger,u002,Accountant,False,Synthetic journal entry for audit analytics
JE002912,2025-03-15T16:15:00,Sales Returns,Accounts Receivable,26506.22,CNY,subledger,u001,Accountant,False,Synthetic journal entry for audit analytics
JE002913,2025-03-21T08:28:00,Sales Returns,Accounts Receivable,337682.77,CNY,subledger,u004,Controller,False,Synthetic journal entry for audit analytics
JE002914,2025-09-27T18:51:00,Cash,Revenue,444490.26,CNY,manual,u003,Senior Accountant,False,Synthetic journal entry for audit analytics
JE002915,2025-02-07T08:00:00,Accounts Receivable,Revenue,339411.5,CNY,manual,u001,Accountant,False,Synthetic journal entry for audit analytics
JE002916,2025-12-05T15:04:00,Cash,Revenue,4296.07,CNY,automated,batch,System,False,Synthetic journal entry for audit analytics
JE002917,2025-09-16T14:44:00,Sales Returns,Revenue,49390.27,CNY,subledger,u003,Senior Accountant,False,Synthetic journal entry for audit analytics
JE002918,2025-11-30T10:44:00,Cash,Inventory,96811.17,CNY,manual,u002,Accountant,False,Synthetic journal entry for audit analytics
JE002919,2025-09-11T13:00:00,Cash,Accounts Receivable,1648.26,CNY,manual,u001,Accountant,False,Synthetic journal entry for audit analytics
JE002920,2025-12-24T13:50:00,Accounts Receivable,Revenue,3192.76,CNY,automated,batch,System,False,Synthetic journal entry for audit analytics
JE002921,2025-03-09T16:27:00,Sales Returns,Inventory,17057.98,CNY,manual,u001,Accountant,False,Synthetic journal entry for audit analytics
JE002922,2025-03-25T08:44:00,Cash,Accounts Receivable,9995.67,CNY,automated,batch,System,False,Synthetic journal entry for audit analytics
JE002923,2025-02-18T12:33:00,Cash,Accounts Receivable,131428.02,CNY,manual,u003,Senior Accountant,False,Synthetic journal entry for audit analytics
JE002924,2025-12-17T09:38:00,Accounts Receivable,Accounts Receivable,64117.04,CNY,automated,batch,System,False,Synthetic journal entry for audit analytics
JE002925,2025-07-15T13:17:00,Sales Returns,Accounts Receivable,120287.46,CNY,automated,batch,System,False,Synthetic journal entry for audit analytics
JE002926,2025-06-19T12:09:00,Cash,Accounts Receivable,522892.82,CNY,automated,batch,System,False,Synthetic journal entry for audit analytics
JE002927,2025-03-17T17:47:00,Cash,Inventory,239214.99,CNY,subledger,u001,Accountant,False,Synthetic journal entry for audit analytics
JE002928,2025-09-20T13:44:00,Accounts Receivable,Revenue,451942.38,CNY,automated,batch,System,False,Synthetic journal entry for audit analytics
JE002929,2025-02-08T18:47:00,Accounts Receivable,Accounts Receivable,1328371.13,CNY,manual,u003,Senior Accountant,False,Synthetic journal entry for audit analytics
JE002930,2025-06-20T17:53:00,Sales Returns,Accounts Receivable,11158.14,CNY,manual,u002,Accountant,False,Synthetic journal entry for audit analytics
JE002931,2025-01-11T11:39:00,Sales Returns,Accounts Receivable,3249.14,CNY,subledger,u001,Accountant,False,Synthetic journal entry for audit analytics
JE002932,2025-06-13T18:08:00,Sales Returns,Revenue,1877.01,CNY,automated,batch,System,False,Synthetic journal entry for audit analytics
JE002933,2025-07-05T17:43:00,Accounts Receivable,Accounts Receivable,67484.94,CNY,subledger,u004,Controller,False,Synthetic journal entry for audit analytics
JE002934,2025-11-28T12:45:00,Cash,Revenue,4010.81,CNY,subledger,u001,Accountant,False,Synthetic journal entry for audit analytics
JE002935,2025-01-21T09:51:00,Sales Returns,Inventory,2673.17,CNY,manual,u003,Senior Accountant,False,Synthetic journal entry for audit analytics
JE002936,2025-02-21T10:34:00,Cash,Revenue,6987.41,CNY,automated,batch,System,False,Synthetic journal entry for audit analytics
JE002937,2025-08-24T17:20:00,Sales Returns,Inventory,30059.58,CNY,manual,u002,Accountant,False,Synthetic journal entry for audit analytics
JE002938,2025-04-01T09:40:00,Accounts Receivable,Accounts Receivable,547126.02,CNY,subledger,u001,Accountant,False,Synthetic journal entry for audit analytics
JE002939,2025-09-21T12:04:00,Cash,Inventory,100704.16,CNY,automated,batch,System,False,Synthetic journal entry for audit analytics
JE002940,2025-01-24T12:11:00,Accounts Receivable,Inventory,318277.0,CNY,automated,batch,System,False,Synthetic journal entry for audit analytics
JE002941,2025-09-26T10:33:00,Sales Returns,Accounts Receivable,1409452.46,CNY,automated,batch,System,False,Synthetic journal entry for audit analytics
JE002942,2025-02-27T10:04:00,Sales Returns,Revenue,18150.31,CNY,subledger,u001,Accountant,False,Synthetic journal entry for audit analytics
JE002943,2025-12-19T17:05:00,Accounts Receivable,Accounts Receivable,277094.35,CNY,manual,u003,Senior Accountant,False,Synthetic journal entry for audit analytics
JE002944,2025-08-30T14:01:00,Accounts Receivable,Inventory,4083.96,CNY,subledger,u002,Accountant,False,Synthetic journal entry for audit analytics
JE002945,2025-03-29T11:20:00,Accounts Receivable,Accounts Receivable,34637.03,CNY,subledger,u002,Accountant,False,Synthetic journal entry for audit analytics
JE002946,2025-12-07T12:39:00,Sales Returns,Accounts Receivable,6671.05,CNY,automated,batch,System,False,Synthetic journal entry for audit analytics
JE002947,2025-06-23T08:32:00,Cash,Revenue,8246.73,CNY,automated,batch,System,False,Synthetic journal entry for audit analytics
JE002948,2025-08-06T18:37:00,Cash,Accounts Receivable,879110.27,CNY,automated,batch,System,False,Synthetic journal entry for audit analytics
JE002949,2025-08-26T13:18:00,Accounts Receivable,Accounts Receivable,43587.94,CNY,manual,u001,Accountant,False,Synthetic journal entry for audit analytics
JE002950,2025-04-26T13:30:00,Sales Returns,Inventory,19331.28,CNY,manual,u002,Accountant,False,Synthetic journal entry for audit analytics
JE002951,2025-03-27T16:56:00,Accounts Receivable,Inventory,181122.61,CNY,subledger,u003,Senior Accountant,False,Synthetic journal entry for audit analytics
JE002952,2025-04-28T18:20:00,Cash,Revenue,361276.74,CNY,automated,batch,System,False,Synthetic journal entry for audit analytics
JE002953,2025-10-10T13:37:00,Sales Returns,Inventory,19531.11,CNY,subledger,u003,Senior Accountant,False,Synthetic journal entry for audit analytics
JE002954,2025-08-28T15:34:00,Accounts Receivable,Revenue,1357.84,CNY,subledger,u003,Senior Accountant,False,Synthetic journal entry for audit analytics
JE002955,2025-07-24T14:20:00,Cash,Inventory,169080.33,CNY,automated,batch,System,False,Synthetic journal entry for audit analytics
JE002956,2025-01-31T15:29:00,Accounts Receivable,Inventory,1539343.65,CNY,subledger,u003,Senior Accountant,False,Synthetic journal entry for audit analytics
JE002957,2025-07-07T15:21:00,Accounts Receivable,Accounts Receivable,48086.27,CNY,manual,u001,Accountant,False,Synthetic journal entry for audit analytics
JE002958,2025-11-21T10:41:00,Accounts Receivable,Inventory,7876.47,CNY,automated,batch,System,False,Synthetic journal entry for audit analytics
JE002959,2025-11-23T16:16:00,Sales Returns,Inventory,2305.77,CNY,subledger,u003,Senior Accountant,False,Synthetic journal entry for audit analytics
JE002960,2025-02-06T08:42:00,Cash,Accounts Receivable,223204.87,CNY,automated,batch,System,False,Synthetic journal entry for audit analytics
JE002961,2025-03-29T18:15:00,Accounts Receivable,Accounts Receivable,9888.45,CNY,subledger,u002,Accountant,False,Synthetic journal entry for audit analytics
JE002962,2025-07-05T12:38:00,Accounts Receivable,Accounts Receivable,9053.66,CNY,manual,u003,Senior Accountant,False,Synthetic journal entry for audit analytics
JE002963,2025-08-27T13:43:00,Cash,Inventory,481756.15,CNY,automated,batch,System,False,Synthetic journal entry for audit analytics
JE002964,2025-05-22T18:12:00,Sales Returns,Accounts Receivable,1334653.37,CNY,automated,batch,System,False,Synthetic journal entry for audit analytics
JE002965,2025-03-29T12:55:00,Sales Returns,Inventory,27181.21,CNY,manual,u002,Accountant,False,Synthetic journal entry for audit analytics
JE002966,2025-11-21T08:09:00,Cash,Inventory,229359.21,CNY,manual,u001,Accountant,False,Synthetic journal entry for audit analytics
JE002967,2025-08-01T11:06:00,Sales Returns,Inventory,1314.42,CNY,manual,u001,Accountant,False,Synthetic journal entry for audit analytics
JE002968,2025-05-03T18:40:00,Cash,Accounts Receivable,4766.68,CNY,manual,u001,Accountant,False,Synthetic journal entry for audit analytics
JE002969,2025-11-10T10:54:00,Accounts Receivable,Revenue,9815.79,CNY,subledger,u001,Accountant,False,Synthetic journal entry for audit analytics
JE002970,2025-10-21T13:07:00,Cash,Revenue,850663.0,CNY,manual,u002,Accountant,False,Synthetic journal entry for audit analytics
JE002971,2025-05-02T16:30:00,Accounts Receivable,Revenue,738614.65,CNY,subledger,u001,Accountant,False,Synthetic journal entry for audit analytics
JE002972,2025-02-18T16:18:00,Accounts Receivable,Inventory,18103.76,CNY,subledger,u001,Accountant,False,Synthetic journal entry for audit analytics
JE002973,2025-11-16T11:03:00,Sales Returns,Inventory,21569.73,CNY,automated,batch,System,False,Synthetic journal entry for audit analytics
JE002974,2025-01-19T11:40:00,Cash,Inventory,877348.5,CNY,manual,u002,Accountant,False,Synthetic journal entry for audit analytics
JE002975,2025-02-26T14:28:00,Cash,Revenue,66344.96,CNY,manual,u003,Senior Accountant,False,Synthetic journal entry for audit analytics
JE002976,2025-03-09T08:48:00,Sales Returns,Revenue,565433.16,CNY,manual,u001,Accountant,False,Synthetic journal entry for audit analytics
JE002977,2025-10-11T09:43:00,Sales Returns,Revenue,1498.74,CNY,subledger,u002,Accountant,False,Synthetic journal entry for audit analytics
JE002978,2025-03-27T15:42:00,Accounts Receivable,Accounts Receivable,1089.91,CNY,automated,batch,System,False,Synthetic journal entry for audit analytics
JE002979,2025-11-04T12:56:00,Sales Returns,Inventory,57784.08,CNY,automated,batch,System,False,Synthetic journal entry for audit analytics
JE002980,2025-10-13T16:27:00,Sales Returns,Revenue,8675.61,CNY,manual,u001,Accountant,False,Synthetic journal entry for audit analytics
JE002981,2025-10-05T08:52:00,Sales Returns,Revenue,17999.47,CNY,subledger,u002,Accountant,False,Synthetic journal entry for audit analytics
JE002982,2025-03-28T12:27:00,Cash,Accounts Receivable,4754.21,CNY,automated,batch,System,False,Synthetic journal entry for audit analytics
JE002983,2025-04-15T18:11:00,Accounts Receivable,Inventory,84914.83,CNY,manual,u003,Senior Accountant,False,Synthetic journal entry for audit analytics
JE002984,2025-09-08T08:54:00,Sales Returns,Inventory,1257356.61,CNY,manual,u003,Senior Accountant,False,Synthetic journal entry for audit analytics
JE002985,2025-01-18T14:00:00,Cash,Accounts Receivable,1305.91,CNY,subledger,u002,Accountant,False,Synthetic journal entry for audit analytics
JE002986,2025-12-02T17:31:00,Accounts Receivable,Revenue,1251513.4,CNY,manual,u002,Accountant,False,Synthetic journal entry for audit analytics
JE002987,2025-10-11T14:33:00,Cash,Accounts Receivable,21539.29,CNY,manual,u003,Senior Accountant,False,Synthetic journal entry for audit analytics
JE002988,2025-01-20T10:06:00,Accounts Receivable,Inventory,604168.14,CNY,subledger,u004,Controller,False,Synthetic journal entry for audit analytics
JE002989,2025-05-25T11:00:00,Sales Returns,Accounts Receivable,105084.55,CNY,automated,batch,System,False,Synthetic journal entry for audit analytics
JE002990,2025-03-03T17:35:00,Sales Returns,Inventory,3093.24,CNY,automated,batch,System,False,Synthetic journal entry for audit analytics
JE002991,2025-07-02T18:16:00,Accounts Receivable,Revenue,14640.58,CNY,subledger,u001,Accountant,False,Synthetic journal entry for audit analytics
JE002992,2025-09-18T10:56:00,Cash,Revenue,70522.33,CNY,manual,u001,Accountant,False,Synthetic journal entry for audit analytics
JE002993,2025-09-13T16:02:00,Cash,Revenue,45508.16,CNY,automated,batch,System,False,Synthetic journal entry for audit analytics
JE002994,2025-12-17T15:10:00,Accounts Receivable,Revenue,88444.22,CNY,manual,u003,Senior Accountant,False,Synthetic journal entry for audit analytics
JE002995,2025-01-11T10:28:00,Accounts Receivable,Revenue,63617.43,CNY,manual,u002,Accountant,False,Synthetic journal entry for audit analytics
JE002996,2025-05-08T15:12:00,Sales Returns,Revenue,11470.83,CNY,manual,u001,Accountant,False,Synthetic journal entry for audit analytics
JE002997,2025-03-10T17:31:00,Accounts Receivable,Revenue,7864.53,CNY,manual,u003,Senior Accountant,False,Synthetic journal entry for audit analytics
JE002998,2025-04-06T09:40:00,Sales Returns,Revenue,438317.59,CNY,manual,u003,Senior Accountant,False,Synthetic journal entry for audit analytics
JE002999,2025-06-11T10:12:00,Sales Returns,Inventory,626868.29,CNY,manual,u003,Senior Accountant,False,Synthetic journal entry for audit analytics
JE003000,2025-03-24T09:28:00,Accounts Receivable,Accounts Receivable,119469.07,CNY,manual,u001,Accountant,False,Synthetic journal entry for audit analytics
JE003001,2025-08-23T13:08:00,Accounts Receivable,Revenue,20351.06,CNY,automated,batch,System,False,Synthetic journal entry for audit analytics
JE003002,2025-03-12T11:20:00,Sales Returns,Accounts Receivable,13243.09,CNY,subledger,u001,Accountant,False,Synthetic journal entry for audit analytics
JE003003,2025-11-15T13:06:00,Accounts Receivable,Accounts Receivable,2200.41,CNY,automated,batch,System,False,Synthetic journal entry for audit analytics
JE003004,2025-12-06T12:21:00,Accounts Receivable,Inventory,2261.35,CNY,subledger,u002,Accountant,False,Synthetic journal entry for audit analytics
JE003005,2025-12-28T12:23:00,Sales Returns,Accounts Receivable,102883.95,CNY,manual,u001,Accountant,False,Synthetic journal entry for audit analytics
JE003006,2025-05-22T18:56:00,Accounts Receivable,Accounts Receivable,2940.76,CNY,automated,batch,System,False,Synthetic journal entry for audit analytics
JE003007,2025-11-21T13:58:00,Cash,Inventory,8502.85,CNY,manual,u003,Senior Accountant,False,Synthetic journal entry for audit analytics
JE003008,2025-04-23T10:06:00,Accounts Receivable,Inventory,346404.72,CNY,subledger,u003,Senior Accountant,False,Synthetic journal entry for audit analytics
JE003009,2025-05-29T14:42:00,Sales Returns,Accounts Receivable,2038.03,CNY,manual,u001,Accountant,False,Synthetic journal entry for audit analytics
JE003010,2025-02-16T09:24:00,Sales Returns,Revenue,4482.06,CNY,manual,u004,Controller,False,Synthetic journal entry for audit analytics
JE003011,2025-03-04T18:52:00,Accounts Receivable,Inventory,9152.66,CNY,subledger,u001,Accountant,False,Synthetic journal entry for audit analytics
JE003012,2025-12-21T12:49:00,Sales Returns,Revenue,11031.08,CNY,automated,batch,System,False,Synthetic journal entry for audit analytics
JE003013,2025-05-07T09:09:00,Sales Returns,Accounts Receivable,22394.36,CNY,manual,u003,Senior Accountant,False,Synthetic journal entry for audit analytics
JE003014,2025-05-16T10:39:00,Sales Returns,Inventory,1596.24,CNY,manual,u001,Accountant,False,Synthetic journal entry for audit analytics
JE003015,2025-11-23T14:28:00,Cash,Inventory,1159.07,CNY,automated,batch,System,False,Synthetic journal entry for audit analytics
JE003016,2025-01-07T10:17:00,Cash,Inventory,965360.02,CNY,automated,batch,System,False,Synthetic journal entry for audit analytics
JE003017,2025-03-31T16:35:00,Cash,Revenue,23826.32,CNY,automated,batch,System,False,Synthetic journal entry for audit analytics
JE003018,2025-08-24T12:16:00,Accounts Receivable,Inventory,177470.83,CNY,automated,batch,System,False,Synthetic journal entry for audit analytics
JE003019,2025-03-22T11:42:00,Cash,Inventory,61144.98,CNY,manual,u001,Accountant,False,Synthetic journal entry for audit analytics
JE003020,2025-10-29T08:22:00,Accounts Receivable,Revenue,19644.94,CNY,subledger,u002,Accountant,False,Synthetic journal entry for audit analytics
JE003021,2025-04-19T09:56:00,Accounts Receivable,Revenue,160593.73,CNY,manual,u001,Accountant,False,Synthetic journal entry for audit analytics
JE003022,2025-12-09T18:11:00,Sales Returns,Accounts Receivable,67376.32,CNY,subledger,u001,Accountant,False,Synthetic journal entry for audit analytics
JE003023,2025-12-20T18:39:00,Cash,Accounts Receivable,2757.85,CNY,automated,batch,System,False,Synthetic journal entry for audit analytics
JE003024,2025-04-14T11:39:00,Accounts Receivable,Accounts Receivable,131108.88,CNY,subledger,u001,Accountant,False,Synthetic journal entry for audit analytics
JE003025,2025-05-21T08:57:00,Sales Returns,Revenue,3630.91,CNY,manual,u003,Senior Accountant,False,Synthetic journal entry for audit analytics
JE003026,2025-08-09T13:20:00,Cash,Revenue,91551.47,CNY,manual,u003,Senior Accountant,False,Synthetic journal entry for audit analytics
JE003027,2025-10-10T16:45:00,Sales Returns,Accounts Receivable,169382.85,CNY,manual,u002,Accountant,False,Synthetic journal entry for audit analytics
JE003028,2025-02-01T18:06:00,Cash,Revenue,4422.87,CNY,automated,batch,System,False,Synthetic journal entry for audit analytics
JE003029,2025-07-28T18:09:00,Sales Returns,Revenue,2088.83,CNY,automated,batch,System,False,Synthetic journal entry for audit analytics
JE003030,2025-08-19T14:51:00,Sales Returns,Inventory,1424508.03,CNY,manual,u002,Accountant,False,Synthetic journal entry for audit analytics
JE003031,2025-11-01T13:50:00,Cash,Revenue,1116076.13,CNY,automated,batch,System,False,Synthetic journal entry for audit analytics
JE003032,2025-02-25T17:44:00,Sales Returns,Inventory,37963.34,CNY,automated,batch,System,False,Synthetic journal entry for audit analytics
JE003033,2025-08-11T13:35:00,Cash,Revenue,1081.5,CNY,manual,u002,Accountant,False,Synthetic journal entry for audit analytics
JE003034,2025-07-13T15:19:00,Cash,Revenue,1186714.0,CNY,manual,u001,Accountant,False,Synthetic journal entry for audit analytics
JE003035,2025-05-28T11:02:00,Accounts Receivable,Accounts Receivable,44584.59,CNY,manual,u005,CFO,False,Synthetic journal entry for audit analytics
JE003036,2025-07-17T10:15:00,Cash,Inventory,722063.63,CNY,manual,u001,Accountant,False,Synthetic journal entry for audit analytics
JE003037,2025-03-19T16:30:00,Cash,Revenue,922700.44,CNY,automated,batch,System,False,Synthetic journal entry for audit analytics
JE003038,2025-01-15T18:13:00,Cash,Accounts Receivable,77258.59,CNY,automated,batch,System,False,Synthetic journal entry for audit analytics
JE003039,2025-01-25T17:04:00,Cash,Revenue,73016.2,CNY,manual,u001,Accountant,False,Synthetic journal entry for audit analytics
JE003040,2025-05-05T08:41:00,Cash,Revenue,3110.09,CNY,manual,u003,Senior Accountant,False,Synthetic journal entry for audit analytics
JE003041,2025-06-23T10:11:00,Sales Returns,Accounts Receivable,7534.05,CNY,automated,batch,System,False,Synthetic journal entry for audit analytics
JE003042,2025-10-28T13:55:00,Accounts Receivable,Revenue,11143.04,CNY,subledger,u003,Senior Accountant,False,Synthetic journal entry for audit analytics
JE003043,2025-07-31T09:56:00,Sales Returns,Accounts Receivable,206824.33,CNY,manual,u002,Accountant,False,Synthetic journal entry for audit analytics
JE003044,2025-05-07T10:37:00,Accounts Receivable,Accounts Receivable,200138.93,CNY,subledger,u004,Controller,False,Synthetic journal entry for audit analytics
JE003045,2025-06-08T18:32:00,Accounts Receivable,Accounts Receivable,1141784.08,CNY,manual,u001,Accountant,False,Synthetic journal entry for audit analytics
JE003046,2025-11-01T12:53:00,Sales Returns,Accounts Receivable,25140.26,CNY,automated,batch,System,False,Synthetic journal entry for audit analytics
JE003047,2025-11-07T18:40:00,Cash,Accounts Receivable,2107.88,CNY,automated,batch,System,False,Synthetic journal entry for audit analytics
JE003048,2025-05-29T17:10:00,Accounts Receivable,Accounts Receivable,3470.42,CNY,subledger,u001,Accountant,False,Synthetic journal entry for audit analytics
JE003049,2025-09-30T09:13:00,Sales Returns,Accounts Receivable,122339.75,CNY,subledger,u003,Senior Accountant,False,Synthetic journal entry for audit analytics
JE003050,2025-03-08T11:26:00,Accounts Receivable,Inventory,1479743.22,CNY,manual,u002,Accountant,False,Synthetic journal entry for audit analytics
JE003051,2025-06-29T08:30:00,Accounts Receivable,Revenue,161599.72,CNY,automated,batch,System,False,Synthetic journal entry for audit analytics
JE003052,2025-09-08T08:22:00,Cash,Inventory,6178.15,CNY,automated,batch,System,False,Synthetic journal entry for audit analytics
JE003053,2025-07-06T10:19:00,Accounts Receivable,Inventory,33826.3,CNY,manual,u004,Controller,False,Synthetic journal entry for audit analytics
JE003054,2025-03-13T17:14:00,Cash,Inventory,1294070.64,CNY,automated,batch,System,False,Synthetic journal entry for audit analytics
JE003055,2025-06-25T14:43:00,Accounts Receivable,Accounts Receivable,2745.67,CNY,automated,batch,System,False,Synthetic journal entry for audit analytics
JE003056,2025-11-28T11:45:00,Accounts Receivable,Inventory,28624.04,CNY,manual,u004,Controller,False,Synthetic journal entry for audit analytics
JE003057,2025-06-29T11:34:00,Cash,Accounts Receivable,144381.07,CNY,manual,u005,CFO,False,Synthetic journal entry for audit analytics
JE003058,2025-07-28T08:23:00,Sales Returns,Accounts Receivable,178093.61,CNY,subledger,u003,Senior Accountant,False,Synthetic journal entry for audit analytics
JE003059,2025-12-21T17:44:00,Accounts Receivable,Accounts Receivable,5186.66,CNY,automated,batch,System,False,Synthetic journal entry for audit analytics
JE003060,2025-11-22T14:33:00,Sales Returns,Revenue,24610.78,CNY,automated,batch,System,False,Synthetic journal entry for audit analytics
JE003061,2025-03-27T17:56:00,Accounts Receivable,Inventory,264012.17,CNY,subledger,u004,Controller,False,Synthetic journal entry for audit analytics
JE003062,2025-02-25T09:06:00,Cash,Accounts Receivable,2943.54,CNY,manual,u002,Accountant,False,Synthetic journal entry for audit analytics
JE003063,2025-12-30T15:09:00,Sales Returns,Inventory,23086.89,CNY,subledger,u001,Accountant,False,Synthetic journal entry for audit analytics
JE003064,2025-10-20T17:54:00,Cash,Inventory,71153.89,CNY,manual,u004,Controller,False,Synthetic journal entry for audit analytics
JE003065,2025-06-26T13:12:00,Cash,Accounts Receivable,47710.72,CNY,manual,u001,Accountant,True,Synthetic journal entry for audit analytics
JE003066,2025-04-04T13:27:00,Cash,Revenue,329280.59,CNY,manual,u003,Senior Accountant,False,Synthetic journal entry for audit analytics
JE003067,2025-02-23T09:41:00,Sales Returns,Revenue,995560.26,CNY,subledger,u001,Accountant,False,Synthetic journal entry for audit analytics
JE003068,2025-06-26T12:56:00,Accounts Receivable,Accounts Receivable,83142.24,CNY,subledger,u002,Accountant,False,Synthetic journal entry for audit analytics
JE003069,2025-09-08T17:48:00,Sales Returns,Inventory,22351.64,CNY,manual,u002,Accountant,False,Synthetic journal entry for audit analytics
JE003070,2025-05-04T12:07:00,Accounts Receivable,Revenue,7504.18,CNY,manual,u002,Accountant,False,Synthetic journal entry for audit analytics
JE003071,2025-07-05T13:12:00,Sales Returns,Inventory,17907.92,CNY,manual,u003,Senior Accountant,False,Synthetic journal entry for audit analytics
JE003072,2025-04-03T16:46:00,Accounts Receivable,Accounts Receivable,16950.1,CNY,subledger,u001,Accountant,False,Synthetic journal entry for audit analytics
JE003073,2025-06-23T12:47:00,Accounts Receivable,Revenue,2272.79,CNY,manual,u002,Accountant,False,Synthetic journal entry for audit analytics
JE003074,2025-07-09T17:23:00,Accounts Receivable,Inventory,11652.39,CNY,manual,u003,Senior Accountant,False,Synthetic journal entry for audit analytics
JE003075,2025-02-22T09:04:00,Cash,Revenue,1915.39,CNY,subledger,u002,Accountant,False,Synthetic journal entry for audit analytics
JE003076,2025-06-19T13:30:00,Sales Returns,Inventory,1057984.75,CNY,subledger,u003,Senior Accountant,False,Synthetic journal entry for audit analytics
JE003077,2025-09-16T09:13:00,Accounts Receivable,Accounts Receivable,1232309.04,CNY,subledger,u002,Accountant,False,Synthetic journal entry for audit analytics
JE003078,2025-06-03T16:41:00,Accounts Receivable,Revenue,17794.45,CNY,subledger,u003,Senior Accountant,False,Synthetic journal entry for audit analytics
JE003079,2025-03-15T18:39:00,Cash,Inventory,135443.3,CNY,automated,batch,System,False,Synthetic journal entry for audit analytics
JE003080,2025-02-19T14:19:00,Accounts Receivable,Revenue,3166.39,CNY,subledger,u001,Accountant,False,Synthetic journal entry for audit analytics
JE003081,2025-02-04T17:58:00,Sales Returns,Inventory,2208.41,CNY,manual,u002,Accountant,False,Synthetic journal entry for audit analytics
JE003082,2025-05-15T10:37:00,Accounts Receivable,Inventory,53717.89,CNY,automated,batch,System,False,Synthetic journal entry for audit analytics
JE003083,2025-05-15T10:50:00,Cash,Inventory,21216.19,CNY,automated,batch,System,False,Synthetic journal entry for audit analytics
JE003084,2025-05-21T18:12:00,Sales Returns,Revenue,27205.15,CNY,subledger,u002,Accountant,False,Synthetic journal entry for audit analytics
JE003085,2025-01-21T17:57:00,Accounts Receivable,Revenue,1956.98,CNY,manual,u002,Accountant,False,Synthetic journal entry for audit analytics
JE003086,2025-04-15T18:52:00,Cash,Inventory,249702.71,CNY,subledger,u002,Accountant,False,Synthetic journal entry for audit analytics
JE003087,2025-05-20T15:04:00,Cash,Accounts Receivable,16255.25,CNY,automated,batch,System,False,Synthetic journal entry for audit analytics
JE003088,2025-11-28T18:47:00,Accounts Receivable,Revenue,327006.26,CNY,manual,u003,Senior Accountant,False,Synthetic journal entry for audit analytics
JE003089,2025-03-23T17:59:00,Accounts Receivable,Accounts Receivable,74740.72,CNY,automated,batch,System,False,Synthetic journal entry for audit analytics
JE003090,2025-09-27T13:59:00,Cash,Accounts Receivable,30483.42,CNY,manual,u003,Senior Accountant,False,Synthetic journal entry for audit analytics
JE003091,2025-10-07T15:32:00,Sales Returns,Revenue,31912.6,CNY,manual,u002,Accountant,False,Synthetic journal entry for audit analytics
JE003092,2025-09-08T09:16:00,Sales Returns,Inventory,2389.48,CNY,subledger,u001,Accountant,False,Synthetic journal entry for audit analytics
JE003093,2025-01-11T16:37:00,Accounts Receivable,Accounts Receivable,4436.51,CNY,automated,batch,System,False,Synthetic journal entry for audit analytics
JE003094,2025-01-23T13:41:00,Sales Returns,Inventory,79797.31,CNY,manual,u003,Senior Accountant,False,Synthetic journal entry for audit analytics
JE003095,2025-01-28T13:56:00,Accounts Receivable,Accounts Receivable,9142.54,CNY,subledger,u003,Senior Accountant,False,Synthetic journal entry for audit analytics
JE003096,2025-05-15T18:12:00,Cash,Revenue,1387216.33,CNY,subledger,u001,Accountant,False,Synthetic journal entry for audit analytics
JE003097,2025-07-19T18:22:00,Cash,Revenue,49460.49,CNY,automated,batch,System,False,Synthetic journal entry for audit analytics
JE003098,2025-01-09T12:48:00,Sales Returns,Inventory,876171.42,CNY,automated,batch,System,False,Synthetic journal entry for audit analytics
JE003099,2025-02-04T16:59:00,Cash,Inventory,12363.09,CNY,automated,batch,System,False,Synthetic journal entry for audit analytics
JE003100,2025-08-06T18:12:00,Cash,Revenue,3679.57,CNY,subledger,u002,Accountant,False,Synthetic journal entry for audit analytics
JE003101,2025-02-24T15:52:00,Cash,Accounts Receivable,3815.91,CNY,subledger,u002,Accountant,False,Synthetic journal entry for audit analytics
JE003102,2025-12-01T16:59:00,Accounts Receivable,Revenue,1686.95,CNY,automated,batch,System,False,Synthetic journal entry for audit analytics
JE003103,2025-03-14T11:05:00,Sales Returns,Revenue,1025.28,CNY,subledger,u001,Accountant,False,Synthetic journal entry for audit analytics
JE003104,2025-11-27T10:00:00,Accounts Receivable,Revenue,216500.36,CNY,manual,u001,Accountant,False,Synthetic journal entry for audit analytics
JE003105,2025-07-20T08:54:00,Cash,Revenue,8109.41,CNY,manual,u001,Accountant,False,Synthetic journal entry for audit analytics
JE003106,2025-12-16T08:51:00,Sales Returns,Accounts Receivable,227364.18,CNY,automated,batch,System,False,Synthetic journal entry for audit analytics
JE003107,2025-07-03T15:17:00,Sales Returns,Inventory,6688.71,CNY,subledger,u001,Accountant,False,Synthetic journal entry for audit analytics
JE003108,2025-08-08T14:08:00,Sales Returns,Accounts Receivable,2460.59,CNY,automated,batch,System,False,Synthetic journal entry for audit analytics
JE003109,2025-02-26T14:21:00,Sales Returns,Accounts Receivable,623465.64,CNY,manual,u001,Accountant,False,Synthetic journal entry for audit analytics
JE003110,2025-02-17T12:25:00,Accounts Receivable,Revenue,54751.48,CNY,automated,batch,System,False,Synthetic journal entry for audit analytics
JE003111,2025-10-22T13:42:00,Cash,Inventory,36162.9,CNY,manual,u002,Accountant,False,Synthetic journal entry for audit analytics
JE003112,2025-12-30T23:22:00,Other Receivables,Other Income,2000000,CNY,manual,u005,CFO,False,Synthetic journal entry for audit analytics
JE003113,2025-09-30T15:40:00,Sales Returns,Accounts Receivable,83215.4,CNY,manual,u002,Accountant,False,Synthetic journal entry for audit analytics
JE003114,2025-09-07T17:47:00,Cash,Accounts Receivable,196400.94,CNY,manual,u003,Senior Accountant,False,Synthetic journal entry for audit analytics
JE003115,2025-10-22T15:30:00,Cash,Accounts Receivable,1279807.48,CNY,subledger,u001,Accountant,False,Synthetic journal entry for audit analytics
JE003116,2025-12-18T08:05:00,Accounts Receivable,Revenue,1564.8,CNY,manual,u003,Senior Accountant,False,Synthetic journal entry for audit analytics
JE003117,2025-01-23T13:56:00,Accounts Receivable,Accounts Receivable,114219.58,CNY,automated,batch,System,False,Synthetic journal entry for audit analytics
JE003118,2025-06-07T12:43:00,Accounts Receivable,Accounts Receivable,62005.65,CNY,automated,batch,System,False,Synthetic journal entry for audit analytics
JE003119,2025-03-30T10:43:00,Sales Returns,Accounts Receivable,34667.82,CNY,automated,batch,System,False,Synthetic journal entry for audit analytics
JE003120,2025-12-17T11:17:00,Accounts Receivable,Revenue,120612.59,CNY,automated,batch,System,False,Synthetic journal entry for audit analytics
JE003121,2025-06-19T08:55:00,Accounts Receivable,Accounts Receivable,915610.34,CNY,automated,batch,System,False,Synthetic journal entry for audit analytics
JE003122,2025-09-19T14:36:00,Cash,Accounts Receivable,4052.54,CNY,manual,u002,Accountant,False,Synthetic journal entry for audit analytics
JE003123,2025-03-01T08:24:00,Accounts Receivable,Revenue,89781.55,CNY,subledger,u003,Senior Accountant,False,Synthetic journal entry for audit analytics
JE003124,2025-10-09T08:35:00,Sales Returns,Inventory,331099.49,CNY,automated,batch,System,False,Synthetic journal entry for audit analytics
JE003125,2025-12-01T10:44:00,Cash,Accounts Receivable,3738.82,CNY,manual,u002,Accountant,False,Synthetic journal entry for audit analytics
JE003126,2025-04-20T17:24:00,Sales Returns,Accounts Receivable,183524.71,CNY,automated,batch,System,False,Synthetic journal entry for audit analytics
JE003127,2025-01-03T08:33:00,Cash,Revenue,20635.36,CNY,subledger,u003,Senior Accountant,False,Synthetic journal entry for audit analytics
JE003128,2025-05-30T13:35:00,Sales Returns,Inventory,97441.8,CNY,automated,batch,System,False,Synthetic journal entry for audit analytics
JE003129,2025-05-11T13:39:00,Accounts Receivable,Accounts Receivable,1107857.2,CNY,automated,batch,System,False,Synthetic journal entry for audit analytics
JE003130,2025-03-22T13:02:00,Cash,Accounts Receivable,222374.71,CNY,manual,u002,Accountant,False,Synthetic journal entry for audit analytics
JE003131,2025-09-01T18:47:00,Sales Returns,Revenue,8113.69,CNY,subledger,u002,Accountant,False,Synthetic journal entry for audit analytics
JE003132,2025-02-13T08:47:00,Cash,Accounts Receivable,1286279.87,CNY,automated,batch,System,False,Synthetic journal entry for audit analytics
JE003133,2025-12-06T14:29:00,Cash,Inventory,213722.28,CNY,subledger,u001,Accountant,False,Synthetic journal entry for audit analytics
JE003134,2025-07-11T17:41:00,Cash,Revenue,4052.63,CNY,manual,u002,Accountant,False,Synthetic journal entry for audit analytics
JE003135,2025-10-25T08:39:00,Sales Returns,Accounts Receivable,1047.02,CNY,subledger,u003,Senior Accountant,False,Synthetic journal entry for audit analytics
JE003136,2025-12-02T18:59:00,Accounts Receivable,Inventory,164871.33,CNY,manual,u003,Senior Accountant,False,Synthetic journal entry for audit analytics
JE003137,2025-09-13T14:12:00,Sales Returns,Accounts Receivable,3804.36,CNY,automated,batch,System,False,Synthetic journal entry for audit analytics
JE003138,2025-10-11T13:34:00,Sales Returns,Inventory,4807.05,CNY,automated,batch,System,False,Synthetic journal entry for audit analytics
JE003139,2025-07-20T08:58:00,Accounts Receivable,Inventory,112495.63,CNY,automated,batch,System,False,Synthetic journal entry for audit analytics
JE003140,2025-03-30T15:17:00,Sales Returns,Inventory,66884.82,CNY,subledger,u003,Senior Accountant,False,Synthetic journal entry for audit analytics
JE003141,2025-03-02T17:27:00,Accounts Receivable,Accounts Receivable,373764.45,CNY,automated,batch,System,False,Synthetic journal entry for audit analytics
JE003142,2025-01-27T12:16:00,Accounts Receivable,Accounts Receivable,688089.48,CNY,automated,batch,System,False,Synthetic journal entry for audit analytics
JE003143,2025-03-25T08:12:00,Accounts Receivable,Revenue,747727.67,CNY,manual,u003,Senior Accountant,False,Synthetic journal entry for audit analytics
JE003144,2025-09-14T12:32:00,Cash,Accounts Receivable,865588.76,CNY,manual,u001,Accountant,False,Synthetic journal entry for audit analytics
JE003145,2025-03-21T13:55:00,Accounts Receivable,Revenue,1082529.48,CNY,automated,batch,System,False,Synthetic journal entry for audit analytics
JE003146,2025-03-03T14:18:00,Accounts Receivable,Inventory,8945.15,CNY,subledger,u002,Accountant,False,Synthetic journal entry for audit analytics
JE003147,2025-08-01T09:53:00,Accounts Receivable,Accounts Receivable,68691.24,CNY,manual,u001,Accountant,False,Synthetic journal entry for audit analytics
JE003148,2025-09-15T11:41:00,Sales Returns,Accounts Receivable,313390.91,CNY,manual,u001,Accountant,False,Synthetic journal entry for audit analytics
JE003149,2025-07-30T17:45:00,Accounts Receivable,Inventory,40837.51,CNY,manual,u001,Accountant,False,Synthetic journal entry for audit analytics
JE003150,2025-12-29T13:33:00,Cash,Inventory,9166.99,CNY,automated,batch,System,False,Synthetic journal entry for audit analytics
JE003151,2025-06-07T14:38:00,Cash,Revenue,1028508.99,CNY,manual,u001,Accountant,False,Synthetic journal entry for audit analytics
JE003152,2025-07-21T09:19:00,Accounts Receivable,Revenue,871364.25,CNY,manual,u001,Accountant,False,Synthetic journal entry for audit analytics
JE003153,2025-01-10T15:59:00,Cash,Revenue,2663.46,CNY,automated,batch,System,False,Synthetic journal entry for audit analytics
JE003154,2025-03-12T17:35:00,Sales Returns,Inventory,14969.07,CNY,automated,batch,System,False,Synthetic journal entry for audit analytics
JE003155,2025-03-16T09:39:00,Accounts Receivable,Inventory,18189.68,CNY,manual,u002,Accountant,False,Synthetic journal entry for audit analytics
JE003156,2025-10-16T17:15:00,Accounts Receivable,Inventory,644675.47,CNY,manual,u004,Controller,False,Synthetic journal entry for audit analytics
JE003157,2025-07-24T15:37:00,Sales Returns,Accounts Receivable,505490.73,CNY,automated,batch,System,False,Synthetic journal entry for audit analytics
JE003158,2025-03-23T17:53:00,Accounts Receivable,Accounts Receivable,133386.39,CNY,automated,batch,System,False,Synthetic journal entry for audit analytics
JE003159,2025-08-28T13:22:00,Sales Returns,Accounts Receivable,659246.79,CNY,automated,batch,System,False,Synthetic journal entry for audit analytics
JE003160,2025-10-13T12:50:00,Cash,Inventory,5034.6,CNY,manual,u005,CFO,False,Synthetic journal entry for audit analytics
JE003161,2025-04-28T09:16:00,Accounts Receivable,Accounts Receivable,297303.41,CNY,manual,u002,Accountant,False,Synthetic journal entry for audit analytics
JE003162,2025-12-26T08:09:00,Accounts Receivable,Accounts Receivable,152396.16,CNY,subledger,u003,Senior Accountant,False,Synthetic journal entry for audit analytics
JE003163,2025-03-02T08:10:00,Sales Returns,Inventory,182762.57,CNY,subledger,u001,Accountant,False,Synthetic journal entry for audit analytics
JE003164,2025-07-19T15:08:00,Sales Returns,Accounts Receivable,116610.51,CNY,manual,u001,Accountant,False,Synthetic journal entry for audit analytics
JE003165,2025-02-18T08:13:00,Accounts Receivable,Revenue,4366.82,CNY,automated,batch,System,False,Synthetic journal entry for audit analytics
JE003166,2025-06-18T17:29:00,Sales Returns,Revenue,39499.21,CNY,manual,u004,Controller,False,Synthetic journal entry for audit analytics
JE003167,2025-09-12T13:03:00,Cash,Inventory,3164.56,CNY,manual,u001,Accountant,False,Synthetic journal entry for audit analytics
JE003168,2025-11-07T12:27:00,Accounts Receivable,Inventory,27858.84,CNY,manual,u001,Accountant,False,Synthetic journal entry for audit analytics
JE003169,2025-03-25T13:03:00,Accounts Receivable,Accounts Receivable,493500.61,CNY,automated,batch,System,False,Synthetic journal entry for audit analytics
JE003170,2025-02-19T14:29:00,Accounts Receivable,Inventory,1635.43,CNY,automated,batch,System,False,Synthetic journal entry for audit analytics
JE003171,2025-10-30T13:29:00,Sales Returns,Accounts Receivable,408158.07,CNY,manual,u003,Senior Accountant,False,Synthetic journal entry for audit analytics
JE003172,2025-09-22T13:32:00,Accounts Receivable,Accounts Receivable,2406.58,CNY,manual,u003,Senior Accountant,False,Synthetic journal entry for audit analytics
JE003173,2025-09-07T09:52:00,Cash,Revenue,13122.19,CNY,subledger,u001,Accountant,False,Synthetic journal entry for audit analytics
JE003174,2025-09-17T13:54:00,Accounts Receivable,Accounts Receivable,15851.28,CNY,automated,batch,System,False,Synthetic journal entry for audit analytics
JE003175,2025-09-19T10:08:00,Sales Returns,Inventory,3010.63,CNY,manual,u002,Accountant,False,Synthetic journal entry for audit analytics
JE003176,2025-06-30T16:23:00,Sales Returns,Revenue,2473.56,CNY,manual,u001,Accountant,False,Synthetic journal entry for audit analytics
JE003177,2025-07-06T11:36:00,Cash,Inventory,130643.91,CNY,manual,u003,Senior Accountant,False,Synthetic journal entry for audit analytics
JE003178,2025-12-14T18:38:00,Cash,Revenue,85666.5,CNY,manual,u001,Accountant,False,Synthetic journal entry for audit analytics
JE003179,2025-04-29T17:50:00,Cash,Accounts Receivable,12905.35,CNY,manual,u005,CFO,False,Synthetic journal entry for audit analytics
JE003180,2025-06-13T17:46:00,Accounts Receivable,Accounts Receivable,72607.94,CNY,manual,u002,Accountant,False,Synthetic journal entry for audit analytics
JE003181,2025-03-24T10:59:00,Accounts Receivable,Inventory,31499.74,CNY,automated,batch,System,False,Synthetic journal entry for audit analytics
JE003182,2025-10-21T15:23:00,Accounts Receivable,Revenue,387643.92,CNY,manual,u001,Accountant,False,Synthetic journal entry for audit analytics
JE003183,2025-07-08T08:14:00,Sales Returns,Revenue,106300.08,CNY,manual,u002,Accountant,False,Synthetic journal entry for audit analytics
JE003184,2025-06-15T16:31:00,Sales Returns,Inventory,1175437.9,CNY,subledger,u001,Accountant,False,Synthetic journal entry for audit analytics
JE003185,2025-09-07T14:31:00,Accounts Receivable,Inventory,1261.77,CNY,subledger,u003,Senior Accountant,False,Synthetic journal entry for audit analytics
JE003186,2025-01-08T18:50:00,Cash,Inventory,21586.25,CNY,manual,u002,Accountant,False,Synthetic journal entry for audit analytics
JE003187,2025-07-06T13:54:00,Sales Returns,Accounts Receivable,301401.59,CNY,manual,u001,Accountant,False,Synthetic journal entry for audit analytics
JE003188,2025-03-10T08:50:00,Cash,Revenue,37371.36,CNY,subledger,u002,Accountant,False,Synthetic journal entry for audit analytics
JE003189,2025-03-08T12:38:00,Cash,Inventory,76642.66,CNY,subledger,u002,Accountant,False,Synthetic journal entry for audit analytics
JE003190,2025-01-02T18:40:00,Accounts Receivable,Inventory,1238.66,CNY,manual,u002,Accountant,False,Synthetic journal entry for audit analytics
JE003191,2025-12-31T13:38:00,Accounts Receivable,Accounts Receivable,115427.73,CNY,manual,u002,Accountant,False,Synthetic journal entry for audit analytics
JE003192,2025-07-22T17:58:00,Cash,Revenue,596237.41,CNY,manual,u001,Accountant,False,Synthetic journal entry for audit analytics
JE003193,2025-11-01T15:18:00,Cash,Revenue,7920.66,CNY,subledger,u002,Accountant,False,Synthetic journal entry for audit analytics
JE003194,2025-04-16T16:08:00,Sales Returns,Inventory,174238.15,CNY,automated,batch,System,False,Synthetic journal entry for audit analytics
JE003195,2025-08-10T10:48:00,Cash,Accounts Receivable,6694.53,CNY,subledger,u003,Senior Accountant,False,Synthetic journal entry for audit analytics
JE003196,2025-04-10T08:12:00,Accounts Receivable,Accounts Receivable,225952.53,CNY,subledger,u003,Senior Accountant,False,Synthetic journal entry for audit analytics
JE003197,2025-08-28T09:15:00,Sales Returns,Revenue,1028.21,CNY,subledger,u002,Accountant,False,Synthetic journal entry for audit analytics
JE003198,2025-06-27T18:39:00,Cash,Revenue,287347.04,CNY,automated,batch,System,False,Synthetic journal entry for audit analytics
JE003199,2025-12-10T16:44:00,Sales Returns,Accounts Receivable,52164.46,CNY,subledger,u001,Accountant,False,Synthetic journal entry for audit analytics
JE003200,2025-07-15T14:15:00,Cash,Inventory,298333.93,CNY,subledger,u002,Accountant,False,Synthetic journal entry for audit analytics
JE003201,2025-08-05T11:33:00,Cash,Inventory,48066.38,CNY,automated,batch,System,False,Synthetic journal entry for audit analytics
JE003202,2025-09-06T18:31:00,Accounts Receivable,Inventory,410756.44,CNY,subledger,u003,Senior Accountant,False,Synthetic journal entry for audit analytics
JE003203,2025-12-27T16:17:00,Sales Returns,Accounts Receivable,1204864.89,CNY,manual,u002,Accountant,False,Synthetic journal entry for audit analytics
JE003204,2025-09-04T11:38:00,Accounts Receivable,Revenue,4183.98,CNY,manual,u003,Senior Accountant,False,Synthetic journal entry for audit analytics
JE003205,2025-04-09T16:45:00,Cash,Accounts Receivable,74866.47,CNY,automated,batch,System,False,Synthetic journal entry for audit analytics
JE003206,2025-08-23T12:08:00,Sales Returns,Inventory,870624.71,CNY,subledger,u003,Senior Accountant,False,Synthetic journal entry for audit analytics
JE003207,2025-01-21T10:51:00,Sales Returns,Inventory,276568.82,CNY,manual,u001,Accountant,False,Synthetic journal entry for audit analytics
JE003208,2025-09-27T15:54:00,Sales Returns,Inventory,1256.75,CNY,manual,u001,Accountant,False,Synthetic journal entry for audit analytics
JE003209,2025-12-03T18:13:00,Cash,Revenue,335989.96,CNY,manual,u001,Accountant,False,Synthetic journal entry for audit analytics
JE003210,2025-09-29T08:47:00,Accounts Receivable,Inventory,227246.84,CNY,manual,u002,Accountant,False,Synthetic journal entry for audit analytics
JE003211,2025-07-25T09:38:00,Sales Returns,Accounts Receivable,230261.52,CNY,automated,batch,System,False,Synthetic journal entry for audit analytics
JE003212,2025-12-04T11:10:00,Accounts Receivable,Revenue,440665.0,CNY,manual,u002,Accountant,False,Synthetic journal entry for audit analytics
JE003213,2025-12-04T12:11:00,Sales Returns,Accounts Receivable,1278447.88,CNY,manual,u002,Accountant,False,Synthetic journal entry for audit analytics
JE003214,2025-05-20T09:29:00,Cash,Inventory,189916.78,CNY,manual,u003,Senior Accountant,False,Synthetic journal entry for audit analytics
JE003215,2025-07-12T17:14:00,Sales Returns,Inventory,176805.19,CNY,subledger,u002,Accountant,False,Synthetic journal entry for audit analytics
JE003216,2025-12-18T15:30:00,Sales Returns,Accounts Receivable,331299.27,CNY,automated,batch,System,False,Synthetic journal entry for audit analytics
JE003217,2025-04-13T09:30:00,Accounts Receivable,Accounts Receivable,642201.0,CNY,subledger,u002,Accountant,False,Synthetic journal entry for audit analytics
JE003218,2025-08-29T16:17:00,Cash,Revenue,1958.59,CNY,automated,batch,System,False,Synthetic journal entry for audit analytics
JE003219,2025-12-31T17:54:00,Accounts Receivable,Accounts Receivable,139507.04,CNY,automated,batch,System,False,Synthetic journal entry for audit analytics
JE003220,2025-08-04T10:00:00,Sales Returns,Revenue,910448.26,CNY,automated,batch,System,False,Synthetic journal entry for audit analytics
JE003221,2025-06-29T18:22:00,Sales Returns,Accounts Receivable,18813.86,CNY,manual,u001,Accountant,False,Synthetic journal entry for audit analytics
JE003222,2025-07-26T09:45:00,Accounts Receivable,Accounts Receivable,2613.8,CNY,manual,u001,Accountant,False,Synthetic journal entry for audit analytics
JE003223,2025-07-26T16:03:00,Sales Returns,Inventory,735105.62,CNY,subledger,u001,Accountant,False,Synthetic journal entry for audit analytics
JE003224,2025-07-08T15:16:00,Cash,Inventory,1224.19,CNY,manual,u002,Accountant,False,Synthetic journal entry for audit analytics
JE003225,2025-03-02T13:37:00,Cash,Inventory,1972.35,CNY,manual,u001,Accountant,False,Synthetic journal entry for audit analytics
JE003226,2025-01-24T09:16:00,Accounts Receivable,Inventory,499315.39,CNY,subledger,u002,Accountant,False,Synthetic journal entry for audit analytics
JE003227,2025-01-10T17:32:00,Cash,Inventory,292788.6,CNY,manual,u004,Controller,False,Synthetic journal entry for audit analytics
JE003228,2025-08-06T10:04:00,Cash,Inventory,284322.7,CNY,automated,batch,System,False,Synthetic journal entry for audit analytics
JE003229,2025-10-03T09:40:00,Cash,Revenue,34366.57,CNY,manual,u004,Controller,False,Synthetic journal entry for audit analytics
JE003230,2025-08-10T18:54:00,Sales Returns,Revenue,1105788.6,CNY,automated,batch,System,False,Synthetic journal entry for audit analytics
JE003231,2025-08-26T18:45:00,Accounts Receivable,Accounts Receivable,1375375.26,CNY,manual,u003,Senior Accountant,False,Synthetic journal entry for audit analytics
JE003232,2025-03-29T13:03:00,Accounts Receivable,Revenue,29348.19,CNY,manual,u002,Accountant,False,Synthetic journal entry for audit analytics
JE003233,2025-11-10T11:31:00,Sales Returns,Accounts Receivable,422910.33,CNY,subledger,u001,Accountant,False,Synthetic journal entry for audit analytics
JE003234,2025-02-09T17:39:00,Accounts Receivable,Inventory,572283.13,CNY,manual,u002,Accountant,False,Synthetic journal entry for audit analytics
JE003235,2025-11-05T09:28:00,Accounts Receivable,Revenue,1102.25,CNY,manual,u003,Senior Accountant,False,Synthetic journal entry for audit analytics
JE003236,2025-09-12T11:15:00,Cash,Inventory,34119.85,CNY,manual,u002,Accountant,False,Synthetic journal entry for audit analytics
JE003237,2025-01-22T15:16:00,Sales Returns,Revenue,2005.22,CNY,manual,u002,Accountant,False,Synthetic journal entry for audit analytics
JE003238,2025-05-02T11:13:00,Sales Returns,Accounts Receivable,12719.8,CNY,subledger,u002,Accountant,False,Synthetic journal entry for audit analytics
JE003239,2025-06-22T15:09:00,Accounts Receivable,Inventory,1469416.54,CNY,subledger,u002,Accountant,False,Synthetic journal entry for audit analytics
JE003240,2025-05-08T14:13:00,Cash,Accounts Receivable,3851.06,CNY,automated,batch,System,False,Synthetic journal entry for audit analytics
JE003241,2025-09-22T13:58:00,Cash,Revenue,35104.39,CNY,manual,u002,Accountant,False,Synthetic journal entry for audit analytics
JE003242,2025-06-28T18:32:00,Accounts Receivable,Accounts Receivable,130311.86,CNY,automated,batch,System,False,Synthetic journal entry for audit analytics
JE003243,2025-01-09T14:04:00,Accounts Receivable,Inventory,2802.98,CNY,manual,u003,Senior Accountant,False,Synthetic journal entry for audit analytics
JE003244,2025-08-12T11:50:00,Cash,Accounts Receivable,4979.96,CNY,automated,batch,System,False,Synthetic journal entry for audit analytics
JE003245,2025-01-14T15:03:00,Sales Returns,Revenue,3289.99,CNY,automated,batch,System,False,Synthetic journal entry for audit analytics
JE003246,2025-09-02T09:26:00,Sales Returns,Accounts Receivable,20633.06,CNY,subledger,u001,Accountant,False,Synthetic journal entry for audit analytics
JE003247,2025-11-15T09:07:00,Accounts Receivable,Accounts Receivable,141269.1,CNY,automated,batch,System,False,Synthetic journal entry for audit analytics
JE003248,2025-06-22T11:39:00,Accounts Receivable,Inventory,21712.56,CNY,automated,batch,System,False,Synthetic journal entry for audit analytics
JE003249,2025-10-04T16:26:00,Cash,Inventory,1137.32,CNY,subledger,u003,Senior Accountant,False,Synthetic journal entry for audit analytics
JE003250,2025-11-03T11:38:00,Accounts Receivable,Revenue,63456.56,CNY,subledger,u001,Accountant,False,Synthetic journal entry for audit analytics
JE003251,2025-05-25T15:39:00,Sales Returns,Inventory,143352.06,CNY,subledger,u002,Accountant,False,Synthetic journal entry for audit analytics
JE003252,2025-10-28T18:22:00,Sales Returns,Revenue,105686.58,CNY,automated,batch,System,False,Synthetic journal entry for audit analytics
JE003253,2025-10-29T13:32:00,Accounts Receivable,Accounts Receivable,1268112.22,CNY,subledger,u001,Accountant,False,Synthetic journal entry for audit analytics
JE003254,2025-03-26T10:38:00,Cash,Inventory,1056620.89,CNY,manual,u002,Accountant,False,Synthetic journal entry for audit analytics
JE003255,2025-05-05T15:40:00,Sales Returns,Accounts Receivable,694192.33,CNY,manual,u003,Senior Accountant,False,Synthetic journal entry for audit analytics
JE003256,2025-12-18T15:13:00,Accounts Receivable,Revenue,97193.3,CNY,manual,u001,Accountant,False,Synthetic journal entry for audit analytics
JE003257,2025-12-03T09:23:00,Sales Returns,Accounts Receivable,49341.39,CNY,automated,batch,System,False,Synthetic journal entry for audit analytics
JE003258,2025-01-15T09:40:00,Sales Returns,Revenue,194239.09,CNY,subledger,u002,Accountant,False,Synthetic journal entry for audit analytics
JE003259,2025-02-02T13:51:00,Accounts Receivable,Inventory,1445.2,CNY,manual,u003,Senior Accountant,False,Synthetic journal entry for audit analytics
JE003260,2025-07-26T09:02:00,Accounts Receivable,Accounts Receivable,553602.34,CNY,manual,u004,Controller,False,Synthetic journal entry for audit analytics
JE003261,2025-12-11T13:01:00,Sales Returns,Inventory,1414.37,CNY,automated,batch,System,False,Synthetic journal entry for audit analytics
JE003262,2025-07-05T15:24:00,Cash,Accounts Receivable,48921.81,CNY,subledger,u003,Senior Accountant,False,Synthetic journal entry for audit analytics
JE003263,2025-07-17T15:04:00,Accounts Receivable,Inventory,2031.36,CNY,manual,u001,Accountant,False,Synthetic journal entry for audit analytics
JE003264,2025-05-04T16:58:00,Accounts Receivable,Inventory,154377.91,CNY,subledger,u001,Accountant,False,Synthetic journal entry for audit analytics
JE003265,2025-11-16T17:05:00,Cash,Revenue,459815.25,CNY,manual,u002,Accountant,False,Synthetic journal entry for audit analytics
JE003266,2025-07-30T15:40:00,Cash,Revenue,2683.7,CNY,manual,u002,Accountant,False,Synthetic journal entry for audit analytics
JE003267,2025-08-27T12:20:00,Cash,Inventory,6080.18,CNY,manual,u002,Accountant,False,Synthetic journal entry for audit analytics
JE003268,2025-10-04T10:54:00,Accounts Receivable,Inventory,11040.55,CNY,manual,u001,Accountant,False,Synthetic journal entry for audit analytics
JE003269,2025-08-14T11:55:00,Cash,Revenue,1920.68,CNY,manual,u003,Senior Accountant,False,Synthetic journal entry for audit analytics
JE003270,2025-11-11T08:10:00,Cash,Accounts Receivable,60555.16,CNY,manual,u004,Controller,False,Synthetic journal entry for audit analytics
JE003271,2025-06-30T09:32:00,Cash,Inventory,1223844.12,CNY,manual,u002,Accountant,False,Synthetic journal entry for audit analytics
JE003272,2025-06-17T17:54:00,Sales Returns,Inventory,590481.78,CNY,automated,batch,System,False,Synthetic journal entry for audit analytics
JE003273,2025-12-10T13:00:00,Accounts Receivable,Inventory,15091.39,CNY,automated,batch,System,False,Synthetic journal entry for audit analytics
JE003274,2025-03-04T17:18:00,Sales Returns,Accounts Receivable,1563.75,CNY,subledger,u001,Accountant,False,Synthetic journal entry for audit analytics
JE003275,2025-08-11T10:56:00,Sales Returns,Inventory,14383.46,CNY,subledger,u002,Accountant,False,Synthetic journal entry for audit analytics
JE003276,2025-10-15T13:20:00,Cash,Inventory,538643.09,CNY,automated,batch,System,False,Synthetic journal entry for audit analytics
JE003277,2025-06-30T11:53:00,Accounts Receivable,Inventory,291908.0,CNY,subledger,u003,Senior Accountant,False,Synthetic journal entry for audit analytics
JE003278,2025-05-05T12:04:00,Sales Returns,Inventory,1165876.32,CNY,manual,u001,Accountant,False,Synthetic journal entry for audit analytics
JE003279,2025-11-01T16:08:00,Sales Returns,Accounts Receivable,4431.22,CNY,manual,u003,Senior Accountant,False,Synthetic journal entry for audit analytics
JE003280,2025-02-26T12:02:00,Cash,Revenue,607115.24,CNY,manual,u001,Accountant,False,Synthetic journal entry for audit analytics
JE003281,2025-09-23T08:43:00,Cash,Accounts Receivable,6767.76,CNY,manual,u003,Senior Accountant,False,Synthetic journal entry for audit analytics
JE003282,2025-11-27T17:24:00,Sales Returns,Inventory,262443.85,CNY,automated,batch,System,False,Synthetic journal entry for audit analytics
JE003283,2025-11-02T09:39:00,Sales Returns,Accounts Receivable,1761.79,CNY,manual,u002,Accountant,False,Synthetic journal entry for audit analytics
JE003284,2025-07-19T17:12:00,Cash,Accounts Receivable,876293.05,CNY,manual,u001,Accountant,False,Synthetic journal entry for audit analytics
JE003285,2025-04-16T18:15:00,Sales Returns,Accounts Receivable,19408.77,CNY,manual,u001,Accountant,False,Synthetic journal entry for audit analytics
JE003286,2025-05-21T11:07:00,Sales Returns,Inventory,1366073.88,CNY,manual,u004,Controller,False,Synthetic journal entry for audit analytics
JE003287,2025-07-22T15:10:00,Sales Returns,Inventory,423297.58,CNY,manual,u001,Accountant,False,Synthetic journal entry for audit analytics
JE003288,2025-07-09T13:27:00,Sales Returns,Revenue,337526.62,CNY,manual,u002,Accountant,False,Synthetic journal entry for audit analytics
JE003289,2025-12-23T12:04:00,Accounts Receivable,Accounts Receivable,5907.98,CNY,manual,u002,Accountant,False,Synthetic journal entry for audit analytics
JE003290,2025-08-30T17:59:00,Sales Returns,Accounts Receivable,317055.45,CNY,subledger,u002,Accountant,False,Synthetic journal entry for audit analytics
JE003291,2025-08-20T17:33:00,Sales Returns,Revenue,1034.8,CNY,subledger,u004,Controller,False,Synthetic journal entry for audit analytics
JE003292,2025-08-08T08:04:00,Sales Returns,Revenue,409972.09,CNY,automated,batch,System,False,Synthetic journal entry for audit analytics
JE003293,2025-07-14T14:35:00,Accounts Receivable,Revenue,21515.63,CNY,automated,batch,System,False,Synthetic journal entry for audit analytics
JE003294,2025-02-17T15:46:00,Accounts Receivable,Inventory,89339.17,CNY,manual,u002,Accountant,False,Synthetic journal entry for audit analytics
JE003295,2025-05-09T14:27:00,Accounts Receivable,Inventory,179039.07,CNY,manual,u002,Accountant,False,Synthetic journal entry for audit analytics
JE003296,2025-05-15T08:23:00,Accounts Receivable,Revenue,224753.72,CNY,subledger,u002,Accountant,False,Synthetic journal entry for audit analytics
JE003297,2025-02-10T15:15:00,Sales Returns,Inventory,644972.77,CNY,automated,batch,System,False,Synthetic journal entry for audit analytics
JE003298,2025-06-09T13:02:00,Cash,Inventory,147086.94,CNY,manual,u003,Senior Accountant,False,Synthetic journal entry for audit analytics
JE003299,2025-09-27T08:19:00,Cash,Revenue,1069.87,CNY,manual,u001,Accountant,False,Synthetic journal entry for audit analytics
JE003300,2025-12-04T17:22:00,Sales Returns,Revenue,196968.91,CNY,subledger,u002,Accountant,False,Synthetic journal entry for audit analytics
JE003301,2025-11-13T13:53:00,Sales Returns,Accounts Receivable,44412.33,CNY,manual,u001,Accountant,False,Synthetic journal entry for audit analytics
JE003302,2025-06-06T08:37:00,Sales Returns,Revenue,26986.9,CNY,subledger,u002,Accountant,False,Synthetic journal entry for audit analytics
JE003303,2025-10-27T09:53:00,Accounts Receivable,Inventory,14392.58,CNY,automated,batch,System,False,Synthetic journal entry for audit analytics
JE003304,2025-11-21T12:26:00,Accounts Receivable,Accounts Receivable,909560.55,CNY,automated,batch,System,False,Synthetic journal entry for audit analytics
JE003305,2025-05-05T17:39:00,Sales Returns,Inventory,28715.37,CNY,automated,batch,System,False,Synthetic journal entry for audit analytics
JE003306,2025-02-12T09:55:00,Cash,Inventory,938429.22,CNY,manual,u002,Accountant,False,Synthetic journal entry for audit analytics
JE003307,2025-11-22T08:06:00,Cash,Accounts Receivable,106711.02,CNY,manual,u003,Senior Accountant,False,Synthetic journal entry for audit analytics
JE003308,2025-05-01T15:22:00,Cash,Revenue,200108.68,CNY,manual,u001,Accountant,False,Synthetic journal entry for audit analytics
JE003309,2025-05-11T11:06:00,Cash,Revenue,6776.76,CNY,subledger,u002,Accountant,False,Synthetic journal entry for audit analytics
JE003310,2025-01-04T12:54:00,Sales Returns,Revenue,60571.17,CNY,manual,u001,Accountant,False,Synthetic journal entry for audit analytics
JE003311,2025-11-29T15:52:00,Sales Returns,Revenue,4238.05,CNY,subledger,u002,Accountant,False,Synthetic journal entry for audit analytics
JE003312,2025-07-06T14:02:00,Accounts Receivable,Accounts Receivable,135233.96,CNY,manual,u003,Senior Accountant,False,Synthetic journal entry for audit analytics
JE003313,2025-03-06T11:03:00,Accounts Receivable,Inventory,26680.63,CNY,manual,u001,Accountant,False,Synthetic journal entry for audit analytics
JE003314,2025-03-24T12:28:00,Sales Returns,Inventory,376883.34,CNY,manual,u005,CFO,False,Synthetic journal entry for audit analytics
JE003315,2025-02-20T16:09:00,Cash,Inventory,2168.2,CNY,manual,u001,Accountant,False,Synthetic journal entry for audit analytics
JE003316,2025-02-07T15:34:00,Cash,Accounts Receivable,9045.23,CNY,subledger,u001,Accountant,False,Synthetic journal entry for audit analytics
JE003317,2025-02-14T08:10:00,Cash,Accounts Receivable,7180.5,CNY,automated,batch,System,False,Synthetic journal entry for audit analytics
JE003318,2025-04-02T14:52:00,Sales Returns,Accounts Receivable,436820.7,CNY,subledger,u003,Senior Accountant,False,Synthetic journal entry for audit analytics
JE003319,2025-11-12T10:21:00,Sales Returns,Inventory,295751.43,CNY,automated,batch,System,False,Synthetic journal entry for audit analytics
JE003320,2025-05-06T09:06:00,Cash,Accounts Receivable,8537.16,CNY,subledger,u002,Accountant,False,Synthetic journal entry for audit analytics
JE003321,2025-12-20T09:03:00,Accounts Receivable,Revenue,39165.73,CNY,subledger,u003,Senior Accountant,False,Synthetic journal entry for audit analytics
JE003322,2025-03-15T17:40:00,Sales Returns,Inventory,1219.04,CNY,subledger,u001,Accountant,False,Synthetic journal entry for audit analytics
JE003323,2025-06-22T12:15:00,Accounts Receivable,Revenue,2661.22,CNY,automated,batch,System,False,Synthetic journal entry for audit analytics
JE003324,2025-04-26T10:58:00,Cash,Inventory,79189.83,CNY,automated,batch,System,False,Synthetic journal entry for audit analytics
JE003325,2025-01-20T14:07:00,Cash,Inventory,1237111.17,CNY,subledger,u001,Accountant,False,Synthetic journal entry for audit analytics
JE003326,2025-05-26T14:53:00,Sales Returns,Revenue,16095.02,CNY,automated,batch,System,False,Synthetic journal entry for audit analytics
JE003327,2025-07-25T12:42:00,Cash,Accounts Receivable,33349.95,CNY,manual,u002,Accountant,False,Synthetic journal entry for audit analytics
JE003328,2025-01-06T12:24:00,Sales Returns,Inventory,348070.24,CNY,automated,batch,System,False,Synthetic journal entry for audit analytics
JE003329,2025-09-21T16:15:00,Accounts Receivable,Accounts Receivable,137237.12,CNY,automated,batch,System,False,Synthetic journal entry for audit analytics
JE003330,2025-05-15T08:58:00,Sales Returns,Revenue,1491448.72,CNY,manual,u002,Accountant,False,Synthetic journal entry for audit analytics
JE003331,2025-01-09T17:51:00,Sales Returns,Inventory,74114.11,CNY,manual,u001,Accountant,False,Synthetic journal entry for audit analytics
JE003332,2025-06-27T08:24:00,Accounts Receivable,Revenue,19348.38,CNY,subledger,u002,Accountant,False,Synthetic journal entry for audit analytics
JE003333,2025-08-29T14:47:00,Accounts Receivable,Revenue,469725.32,CNY,manual,u003,Senior Accountant,False,Synthetic journal entry for audit analytics
JE003334,2025-03-04T09:52:00,Accounts Receivable,Accounts Receivable,529653.64,CNY,manual,u003,Senior Accountant,False,Synthetic journal entry for audit analytics
JE003335,2025-10-31T08:11:00,Sales Returns,Inventory,667009.77,CNY,automated,batch,System,False,Synthetic journal entry for audit analytics
JE003336,2025-01-08T14:20:00,Sales Returns,Accounts Receivable,10135.24,CNY,automated,batch,System,False,Synthetic journal entry for audit analytics
JE003337,2025-05-27T09:05:00,Cash,Accounts Receivable,395739.87,CNY,automated,batch,System,False,Synthetic journal entry for audit analytics
JE003338,2025-12-10T09:37:00,Accounts Receivable,Revenue,1128.54,CNY,automated,batch,System,False,Synthetic journal entry for audit analytics
JE003339,2025-08-28T14:52:00,Accounts Receivable,Revenue,257258.6,CNY,manual,u002,Accountant,False,Synthetic journal entry for audit analytics
JE003340,2025-06-03T11:46:00,Accounts Receivable,Inventory,376322.92,CNY,subledger,u001,Accountant,False,Synthetic journal entry for audit analytics
JE003341,2025-08-12T11:23:00,Accounts Receivable,Accounts Receivable,1669.59,CNY,manual,u001,Accountant,False,Synthetic journal entry for audit analytics
JE003342,2025-08-28T08:05:00,Sales Returns,Inventory,369138.69,CNY,automated,batch,System,False,Synthetic journal entry for audit analytics
JE003343,2025-12-14T10:54:00,Cash,Inventory,84295.81,CNY,automated,batch,System,False,Synthetic journal entry for audit analytics
JE003344,2025-12-28T12:45:00,Accounts Receivable,Accounts Receivable,808917.38,CNY,automated,batch,System,False,Synthetic journal entry for audit analytics
JE003345,2025-04-04T09:47:00,Cash,Inventory,45702.79,CNY,manual,u001,Accountant,False,Synthetic journal entry for audit analytics
JE003346,2025-03-12T15:15:00,Cash,Revenue,866827.28,CNY,subledger,u001,Accountant,False,Synthetic journal entry for audit analytics
JE003347,2025-07-07T13:44:00,Sales Returns,Inventory,55257.86,CNY,automated,batch,System,False,Synthetic journal entry for audit analytics
JE003348,2025-12-24T11:33:00,Cash,Inventory,7322.86,CNY,automated,batch,System,False,Synthetic journal entry for audit analytics
JE003349,2025-07-03T10:05:00,Cash,Inventory,19789.41,CNY,automated,batch,System,False,Synthetic journal entry for audit analytics
JE003350,2025-10-16T12:24:00,Sales Returns,Revenue,1395.46,CNY,automated,batch,System,False,Synthetic journal entry for audit analytics
JE003351,2025-12-10T11:25:00,Cash,Accounts Receivable,15079.43,CNY,automated,batch,System,False,Synthetic journal entry for audit analytics
JE003352,2025-02-22T15:55:00,Sales Returns,Inventory,85610.94,CNY,manual,u001,Accountant,False,Synthetic journal entry for audit analytics
JE003353,2025-05-14T09:00:00,Cash,Revenue,612715.13,CNY,automated,batch,System,False,Synthetic journal entry for audit analytics
JE003354,2025-07-28T18:36:00,Accounts Receivable,Revenue,2415.62,CNY,automated,batch,System,False,Synthetic journal entry for audit analytics
JE003355,2025-05-23T16:37:00,Sales Returns,Revenue,24191.74,CNY,automated,batch,System,False,Synthetic journal entry for audit analytics
JE003356,2025-05-30T12:30:00,Sales Returns,Inventory,37888.01,CNY,manual,u005,CFO,False,Synthetic journal entry for audit analytics
JE003357,2025-10-11T12:40:00,Sales Returns,Inventory,1202834.21,CNY,manual,u003,Senior Accountant,False,Synthetic journal entry for audit analytics
JE003358,2025-12-30T09:32:00,Accounts Receivable,Accounts Receivable,12008.12,CNY,manual,u002,Accountant,False,Synthetic journal entry for audit analytics
JE003359,2025-08-15T17:35:00,Sales Returns,Accounts Receivable,10594.88,CNY,manual,u002,Accountant,False,Synthetic journal entry for audit analytics
JE003360,2025-09-05T15:17:00,Sales Returns,Inventory,705875.07,CNY,automated,batch,System,False,Synthetic journal entry for audit analytics
JE003361,2025-12-20T13:50:00,Cash,Revenue,9350.66,CNY,manual,u001,Accountant,False,Synthetic journal entry for audit analytics
JE003362,2025-02-09T08:41:00,Accounts Receivable,Revenue,146561.75,CNY,manual,u003,Senior Accountant,False,Synthetic journal entry for audit analytics
JE003363,2025-08-24T18:56:00,Sales Returns,Accounts Receivable,258285.72,CNY,automated,batch,System,False,Synthetic journal entry for audit analytics
JE003364,2025-01-27T08:28:00,Cash,Revenue,2439.32,CNY,manual,u004,Controller,False,Synthetic journal entry for audit analytics
JE003365,2025-05-03T15:45:00,Accounts Receivable,Inventory,2909.06,CNY,manual,u003,Senior Accountant,False,Synthetic journal entry for audit analytics
JE003366,2025-02-01T08:42:00,Accounts Receivable,Inventory,1064.52,CNY,subledger,u002,Accountant,False,Synthetic journal entry for audit analytics
JE003367,2025-03-14T15:32:00,Cash,Accounts Receivable,16686.65,CNY,manual,u001,Accountant,False,Synthetic journal entry for audit analytics
JE003368,2025-05-02T16:33:00,Accounts Receivable,Accounts Receivable,9385.61,CNY,subledger,u003,Senior Accountant,False,Synthetic journal entry for audit analytics
JE003369,2025-03-27T12:29:00,Accounts Receivable,Accounts Receivable,14611.81,CNY,automated,batch,System,False,Synthetic journal entry for audit analytics
JE003370,2025-04-28T17:11:00,Sales Returns,Revenue,462475.79,CNY,manual,u002,Accountant,False,Synthetic journal entry for audit analytics
JE003371,2025-02-21T17:14:00,Cash,Accounts Receivable,770819.23,CNY,manual,u001,Accountant,False,Synthetic journal entry for audit analytics
JE003372,2025-10-09T18:51:00,Cash,Inventory,15479.86,CNY,manual,u001,Accountant,False,Synthetic journal entry for audit analytics
JE003373,2025-12-22T17:54:00,Sales Returns,Accounts Receivable,8404.45,CNY,manual,u001,Accountant,False,Synthetic journal entry for audit analytics
JE003374,2025-09-04T17:07:00,Cash,Inventory,28957.05,CNY,manual,u002,Accountant,False,Synthetic journal entry for audit analytics
JE003375,2025-01-13T15:11:00,Cash,Inventory,26752.22,CNY,subledger,u002,Accountant,False,Synthetic journal entry for audit analytics
JE003376,2025-07-14T17:32:00,Sales Returns,Inventory,1948.98,CNY,manual,u003,Senior Accountant,False,Synthetic journal entry for audit analytics
JE003377,2025-07-26T18:52:00,Cash,Inventory,1121871.04,CNY,subledger,u003,Senior Accountant,False,Synthetic journal entry for audit analytics
JE003378,2025-06-07T15:18:00,Sales Returns,Inventory,244488.29,CNY,subledger,u001,Accountant,False,Synthetic journal entry for audit analytics
JE003379,2025-08-18T09:02:00,Cash,Revenue,1354.37,CNY,automated,batch,System,False,Synthetic journal entry for audit analytics
JE003380,2025-07-22T16:34:00,Sales Returns,Inventory,2867.92,CNY,manual,u001,Accountant,False,Synthetic journal entry for audit analytics
JE003381,2025-08-20T18:57:00,Cash,Revenue,106817.16,CNY,manual,u002,Accountant,False,Synthetic journal entry for audit analytics
JE003382,2025-04-06T11:41:00,Accounts Receivable,Inventory,2595.9,CNY,manual,u004,Controller,False,Synthetic journal entry for audit analytics
JE003383,2025-07-07T18:40:00,Cash,Inventory,450957.18,CNY,subledger,u002,Accountant,False,Synthetic journal entry for audit analytics
JE003384,2025-09-12T11:15:00,Accounts Receivable,Accounts Receivable,949681.85,CNY,subledger,u001,Accountant,False,Synthetic journal entry for audit analytics
JE003385,2025-05-30T12:26:00,Sales Returns,Revenue,29948.16,CNY,manual,u003,Senior Accountant,False,Synthetic journal entry for audit analytics
JE003386,2025-04-11T14:04:00,Sales Returns,Revenue,1044968.52,CNY,manual,u001,Accountant,False,Synthetic journal entry for audit analytics
JE003387,2025-06-08T11:14:00,Sales Returns,Revenue,1194.36,CNY,automated,batch,System,False,Synthetic journal entry for audit analytics
JE003388,2025-03-15T15:56:00,Sales Returns,Inventory,887638.45,CNY,automated,batch,System,False,Synthetic journal entry for audit analytics
JE003389,2025-05-31T15:27:00,Cash,Revenue,14725.71,CNY,manual,u001,Accountant,False,Synthetic journal entry for audit analytics
JE003390,2025-08-16T13:50:00,Accounts Receivable,Revenue,41178.59,CNY,automated,batch,System,False,Synthetic journal entry for audit analytics
JE003391,2025-11-13T12:17:00,Cash,Accounts Receivable,2114.98,CNY,manual,u003,Senior Accountant,False,Synthetic journal entry for audit analytics
JE003392,2025-07-17T10:16:00,Cash,Accounts Receivable,1309.86,CNY,subledger,u002,Accountant,False,Synthetic journal entry for audit analytics
JE003393,2025-12-18T17:44:00,Cash,Revenue,145027.79,CNY,automated,batch,System,False,Synthetic journal entry for audit analytics
JE003394,2025-06-17T18:48:00,Cash,Accounts Receivable,677527.85,CNY,automated,batch,System,False,Synthetic journal entry for audit analytics
JE003395,2025-07-24T13:40:00,Cash,Accounts Receivable,56854.84,CNY,subledger,u001,Accountant,False,Synthetic journal entry for audit analytics
JE003396,2025-08-02T17:07:00,Sales Returns,Accounts Receivable,42335.8,CNY,automated,batch,System,False,Synthetic journal entry for audit analytics
JE003397,2025-03-09T12:43:00,Accounts Receivable,Inventory,18975.98,CNY,subledger,u001,Accountant,False,Synthetic journal entry for audit analytics
JE003398,2025-08-05T18:25:00,Sales Returns,Inventory,3861.3,CNY,automated,batch,System,False,Synthetic journal entry for audit analytics
JE003399,2025-05-21T18:39:00,Sales Returns,Accounts Receivable,1988.29,CNY,manual,u002,Accountant,False,Synthetic journal entry for audit analytics
JE003400,2025-04-27T18:15:00,Accounts Receivable,Inventory,13098.33,CNY,manual,u002,Accountant,False,Synthetic journal entry for audit analytics
JE003401,2025-08-26T15:59:00,Accounts Receivable,Revenue,12039.22,CNY,manual,u002,Accountant,False,Synthetic journal entry for audit analytics
JE003402,2025-10-04T13:46:00,Sales Returns,Accounts Receivable,1553.75,CNY,manual,u001,Accountant,False,Synthetic journal entry for audit analytics
JE003403,2025-12-18T17:16:00,Sales Returns,Revenue,760668.95,CNY,manual,u001,Accountant,False,Synthetic journal entry for audit analytics
JE003404,2025-01-07T10:56:00,Cash,Revenue,2807.91,CNY,subledger,u001,Accountant,False,Synthetic journal entry for audit analytics
JE003405,2025-03-28T10:25:00,Accounts Receivable,Inventory,15011.83,CNY,automated,batch,System,False,Synthetic journal entry for audit analytics
JE003406,2025-01-20T16:48:00,Sales Returns,Revenue,37794.97,CNY,manual,u001,Accountant,False,Synthetic journal entry for audit analytics
JE003407,2025-12-13T15:58:00,Accounts Receivable,Accounts Receivable,23663.64,CNY,subledger,u001,Accountant,False,Synthetic journal entry for audit analytics
JE003408,2025-06-15T10:48:00,Sales Returns,Inventory,1809.99,CNY,manual,u002,Accountant,False,Synthetic journal entry for audit analytics
JE003409,2025-04-27T15:27:00,Cash,Accounts Receivable,53766.86,CNY,automated,batch,System,False,Synthetic journal entry for audit analytics
JE003410,2025-09-28T12:25:00,Sales Returns,Inventory,341843.71,CNY,manual,u002,Accountant,False,Synthetic journal entry for audit analytics
JE003411,2025-11-28T12:41:00,Sales Returns,Inventory,77917.61,CNY,automated,batch,System,False,Synthetic journal entry for audit analytics
JE003412,2025-03-28T14:05:00,Sales Returns,Revenue,10186.86,CNY,manual,u001,Accountant,False,Synthetic journal entry for audit analytics
JE003413,2025-07-03T08:06:00,Cash,Accounts Receivable,7571.04,CNY,subledger,u003,Senior Accountant,False,Synthetic journal entry for audit analytics
JE003414,2025-11-06T16:12:00,Sales Returns,Accounts Receivable,91966.85,CNY,automated,batch,System,False,Synthetic journal entry for audit analytics
JE003415,2025-09-11T12:05:00,Sales Returns,Inventory,33576.72,CNY,automated,batch,System,False,Synthetic journal entry for audit analytics
JE003416,2025-01-17T08:22:00,Accounts Receivable,Inventory,173554.46,CNY,manual,u003,Senior Accountant,False,Synthetic journal entry for audit analytics
JE003417,2025-10-21T14:43:00,Accounts Receivable,Inventory,6338.01,CNY,automated,batch,System,False,Synthetic journal entry for audit analytics
JE003418,2025-12-14T08:48:00,Sales Returns,Inventory,759711.21,CNY,manual,u002,Accountant,False,Synthetic journal entry for audit analytics
JE003419,2025-09-28T11:32:00,Cash,Revenue,27022.14,CNY,automated,batch,System,False,Synthetic journal entry for audit analytics
JE003420,2025-05-21T08:12:00,Accounts Receivable,Accounts Receivable,86417.61,CNY,automated,batch,System,False,Synthetic journal entry for audit analytics
JE003421,2025-11-05T10:01:00,Sales Returns,Accounts Receivable,974053.6,CNY,manual,u001,Accountant,False,Synthetic journal entry for audit analytics
JE003422,2025-01-27T08:57:00,Accounts Receivable,Inventory,115822.79,CNY,manual,u002,Accountant,False,Synthetic journal entry for audit analytics
JE003423,2025-04-14T11:16:00,Accounts Receivable,Accounts Receivable,98587.74,CNY,manual,u003,Senior Accountant,False,Synthetic journal entry for audit analytics
JE003424,2025-07-26T18:16:00,Cash,Inventory,26457.72,CNY,automated,batch,System,False,Synthetic journal entry for audit analytics
JE003425,2025-11-22T15:12:00,Cash,Accounts Receivable,55208.62,CNY,manual,u003,Senior Accountant,False,Synthetic journal entry for audit analytics
JE003426,2025-12-30T17:11:00,Sales Returns,Revenue,1389789.45,CNY,subledger,u001,Accountant,False,Synthetic journal entry for audit analytics
JE003427,2025-05-10T08:46:00,Sales Returns,Accounts Receivable,13558.67,CNY,automated,batch,System,False,Synthetic journal entry for audit analytics
JE003428,2025-03-15T15:16:00,Cash,Revenue,21497.93,CNY,subledger,u002,Accountant,False,Synthetic journal entry for audit analytics
JE003429,2025-01-30T10:20:00,Sales Returns,Accounts Receivable,168562.79,CNY,manual,u001,Accountant,False,Synthetic journal entry for audit analytics
JE003430,2025-06-16T08:17:00,Sales Returns,Revenue,1118.66,CNY,manual,u001,Accountant,False,Synthetic journal entry for audit analytics
JE003431,2025-01-28T12:56:00,Sales Returns,Revenue,429652.02,CNY,manual,u004,Controller,False,Synthetic journal entry for audit analytics
JE003432,2025-09-03T08:29:00,Cash,Revenue,22547.38,CNY,manual,u002,Accountant,False,Synthetic journal entry for audit analytics
JE003433,2025-07-22T13:12:00,Cash,Accounts Receivable,664142.37,CNY,manual,u001,Accountant,False,Synthetic journal entry for audit analytics
JE003434,2025-07-20T13:57:00,Accounts Receivable,Revenue,1547.13,CNY,subledger,u003,Senior Accountant,False,Synthetic journal entry for audit analytics
JE003435,2025-02-20T10:04:00,Sales Returns,Inventory,81146.44,CNY,subledger,u002,Accountant,False,Synthetic journal entry for audit analytics
JE003436,2025-12-23T16:10:00,Accounts Receivable,Accounts Receivable,931486.61,CNY,manual,u002,Accountant,False,Synthetic journal entry for audit analytics
JE003437,2025-02-22T15:57:00,Sales Returns,Inventory,1388393.65,CNY,automated,batch,System,False,Synthetic journal entry for audit analytics
JE003438,2025-05-28T17:46:00,Cash,Accounts Receivable,262567.05,CNY,manual,u002,Accountant,False,Synthetic journal entry for audit analytics
JE003439,2025-06-29T11:44:00,Accounts Receivable,Accounts Receivable,218525.35,CNY,manual,u001,Accountant,False,Synthetic journal entry for audit analytics
JE003440,2025-08-24T17:25:00,Cash,Revenue,53391.58,CNY,manual,u001,Accountant,False,Synthetic journal entry for audit analytics
JE003441,2025-03-24T16:54:00,Accounts Receivable,Accounts Receivable,4727.63,CNY,automated,batch,System,False,Synthetic journal entry for audit analytics
JE003442,2025-11-02T18:59:00,Accounts Receivable,Accounts Receivable,9943.86,CNY,automated,batch,System,False,Synthetic journal entry for audit analytics
JE003443,2025-03-19T08:08:00,Accounts Receivable,Revenue,1375.27,CNY,manual,u002,Accountant,False,Synthetic journal entry for audit analytics
JE003444,2025-01-25T16:45:00,Accounts Receivable,Revenue,1470218.95,CNY,manual,u004,Controller,False,Synthetic journal entry for audit analytics
JE003445,2025-05-12T15:44:00,Sales Returns,Accounts Receivable,15077.72,CNY,manual,u001,Accountant,False,Synthetic journal entry for audit analytics
JE003446,2025-07-30T18:37:00,Accounts Receivable,Inventory,21782.36,CNY,subledger,u001,Accountant,False,Synthetic journal entry for audit analytics
JE003447,2025-05-17T13:12:00,Accounts Receivable,Accounts Receivable,204733.01,CNY,manual,u002,Accountant,False,Synthetic journal entry for audit analytics
JE003448,2025-03-23T08:01:00,Cash,Revenue,320849.12,CNY,manual,u001,Accountant,False,Synthetic journal entry for audit analytics
JE003449,2025-08-01T18:38:00,Cash,Accounts Receivable,16789.92,CNY,manual,u003,Senior Accountant,False,Synthetic journal entry for audit analytics
JE003450,2025-10-11T08:05:00,Sales Returns,Revenue,131827.37,CNY,automated,batch,System,False,Synthetic journal entry for audit analytics
JE003451,2025-02-10T12:06:00,Sales Returns,Revenue,161836.37,CNY,manual,u002,Accountant,False,Synthetic journal entry for audit analytics
JE003452,2025-02-27T17:36:00,Cash,Accounts Receivable,18192.02,CNY,subledger,u003,Senior Accountant,False,Synthetic journal entry for audit analytics
JE003453,2025-11-24T10:07:00,Sales Returns,Accounts Receivable,7429.77,CNY,subledger,u003,Senior Accountant,False,Synthetic journal entry for audit analytics
JE003454,2025-01-23T13:39:00,Sales Returns,Revenue,3506.49,CNY,subledger,u001,Accountant,False,Synthetic journal entry for audit analytics
JE003455,2025-09-13T13:18:00,Sales Returns,Accounts Receivable,244326.08,CNY,manual,u001,Accountant,False,Synthetic journal entry for audit analytics
JE003456,2025-04-09T09:00:00,Accounts Receivable,Revenue,66807.82,CNY,automated,batch,System,False,Synthetic journal entry for audit analytics
JE003457,2025-11-23T11:02:00,Accounts Receivable,Inventory,172482.96,CNY,automated,batch,System,False,Synthetic journal entry for audit analytics
JE003458,2025-12-05T12:40:00,Sales Returns,Revenue,127027.68,CNY,manual,u001,Accountant,False,Synthetic journal entry for audit analytics
JE003459,2025-04-02T08:47:00,Sales Returns,Accounts Receivable,53720.28,CNY,automated,batch,System,False,Synthetic journal entry for audit analytics
JE003460,2025-11-11T13:49:00,Cash,Inventory,716700.19,CNY,manual,u003,Senior Accountant,False,Synthetic journal entry for audit analytics
JE003461,2025-07-29T11:00:00,Sales Returns,Accounts Receivable,26741.47,CNY,subledger,u001,Accountant,False,Synthetic journal entry for audit analytics
JE003462,2025-10-03T09:40:00,Cash,Revenue,1266.38,CNY,manual,u002,Accountant,False,Synthetic journal entry for audit analytics
JE003463,2025-12-11T16:22:00,Sales Returns,Inventory,486942.81,CNY,manual,u001,Accountant,False,Synthetic journal entry for audit analytics
JE003464,2025-07-19T12:52:00,Accounts Receivable,Inventory,1031592.9,CNY,automated,batch,System,False,Synthetic journal entry for audit analytics
JE003465,2025-08-15T11:45:00,Accounts Receivable,Accounts Receivable,5735.93,CNY,automated,batch,System,False,Synthetic journal entry for audit analytics
JE003466,2025-12-12T12:12:00,Cash,Inventory,4542.71,CNY,manual,u003,Senior Accountant,False,Synthetic journal entry for audit analytics
JE003467,2025-03-28T16:16:00,Sales Returns,Accounts Receivable,13740.69,CNY,subledger,u002,Accountant,False,Synthetic journal entry for audit analytics
JE003468,2025-12-27T12:08:00,Sales Returns,Revenue,2265.82,CNY,manual,u002,Accountant,False,Synthetic journal entry for audit analytics
JE003469,2025-07-03T12:17:00,Cash,Accounts Receivable,503702.36,CNY,manual,u003,Senior Accountant,False,Synthetic journal entry for audit analytics
JE003470,2025-04-27T16:55:00,Sales Returns,Accounts Receivable,267675.33,CNY,automated,batch,System,False,Synthetic journal entry for audit analytics
JE003471,2025-02-04T14:27:00,Sales Returns,Revenue,9639.35,CNY,subledger,u003,Senior Accountant,False,Synthetic journal entry for audit analytics
JE003472,2025-05-13T12:16:00,Accounts Receivable,Revenue,532641.33,CNY,automated,batch,System,False,Synthetic journal entry for audit analytics
JE003473,2025-05-04T14:19:00,Sales Returns,Inventory,1327854.63,CNY,automated,batch,System,False,Synthetic journal entry for audit analytics
JE003474,2025-10-27T11:08:00,Cash,Inventory,466822.13,CNY,automated,batch,System,False,Synthetic journal entry for audit analytics
JE003475,2025-08-04T14:17:00,Sales Returns,Revenue,10074.52,CNY,manual,u002,Accountant,False,Synthetic journal entry for audit analytics
JE003476,2025-06-15T12:35:00,Cash,Accounts Receivable,334884.52,CNY,manual,u001,Accountant,False,Synthetic journal entry for audit analytics
JE003477,2025-12-26T09:45:00,Accounts Receivable,Revenue,150042.33,CNY,automated,batch,System,False,Synthetic journal entry for audit analytics
JE003478,2025-09-01T14:22:00,Accounts Receivable,Revenue,426905.12,CNY,manual,u001,Accountant,False,Synthetic journal entry for audit analytics
JE003479,2025-07-12T08:12:00,Cash,Accounts Receivable,334829.28,CNY,manual,u001,Accountant,False,Synthetic journal entry for audit analytics
JE003480,2025-06-26T17:49:00,Sales Returns,Revenue,55745.05,CNY,subledger,u001,Accountant,False,Synthetic journal entry for audit analytics
JE003481,2025-05-20T18:12:00,Accounts Receivable,Accounts Receivable,1196581.81,CNY,manual,u003,Senior Accountant,False,Synthetic journal entry for audit analytics
JE003482,2025-10-10T08:32:00,Sales Returns,Inventory,1081.05,CNY,automated,batch,System,False,Synthetic journal entry for audit analytics
JE003483,2025-08-09T14:29:00,Cash,Inventory,4375.78,CNY,manual,u003,Senior Accountant,False,Synthetic journal entry for audit analytics
JE003484,2025-07-24T14:02:00,Cash,Inventory,74954.57,CNY,automated,batch,System,False,Synthetic journal entry for audit analytics
JE003485,2025-08-19T10:15:00,Accounts Receivable,Revenue,112902.95,CNY,automated,batch,System,False,Synthetic journal entry for audit analytics
JE003486,2025-10-16T10:47:00,Sales Returns,Revenue,55601.46,CNY,manual,u002,Accountant,False,Synthetic journal entry for audit analytics
JE003487,2025-03-28T17:36:00,Sales Returns,Accounts Receivable,90831.25,CNY,subledger,u003,Senior Accountant,False,Synthetic journal entry for audit analytics
JE003488,2025-04-07T13:04:00,Sales Returns,Revenue,6477.23,CNY,manual,u003,Senior Accountant,False,Synthetic journal entry for audit analytics
JE003489,2025-08-14T16:59:00,Sales Returns,Inventory,24521.77,CNY,manual,u001,Accountant,False,Synthetic journal entry for audit analytics
JE003490,2025-11-13T12:52:00,Sales Returns,Inventory,2819.98,CNY,manual,u002,Accountant,False,Synthetic journal entry for audit analytics
JE003491,2025-10-24T13:20:00,Accounts Receivable,Revenue,707704.09,CNY,manual,u003,Senior Accountant,False,Synthetic journal entry for audit analytics
JE003492,2025-08-28T12:31:00,Cash,Inventory,27968.81,CNY,manual,u001,Accountant,False,Synthetic journal entry for audit analytics
JE003493,2025-04-14T17:50:00,Sales Returns,Revenue,13103.36,CNY,automated,batch,System,False,Synthetic journal entry for audit analytics
JE003494,2025-09-22T09:32:00,Accounts Receivable,Revenue,1124351.82,CNY,manual,u004,Controller,False,Synthetic journal entry for audit analytics
JE003495,2025-08-29T12:33:00,Sales Returns,Revenue,4212.76,CNY,manual,u002,Accountant,False,Synthetic journal entry for audit analytics
JE003496,2025-05-08T12:13:00,Sales Returns,Revenue,40148.1,CNY,subledger,u001,Accountant,False,Synthetic journal entry for audit analytics
JE003497,2025-02-26T10:17:00,Sales Returns,Revenue,21199.81,CNY,manual,u002,Accountant,False,Synthetic journal entry for audit analytics
JE003498,2025-05-31T08:55:00,Cash,Revenue,10043.61,CNY,manual,u002,Accountant,False,Synthetic journal entry for audit analytics
JE003499,2025-03-16T14:18:00,Cash,Inventory,1198.94,CNY,subledger,u001,Accountant,False,Synthetic journal entry for audit analytics
JE003500,2025-12-11T08:40:00,Sales Returns,Accounts Receivable,11955.4,CNY,automated,batch,System,False,Synthetic journal entry for audit analytics
JE003501,2025-12-30T23:00:00,Other Receivables,Other Income,2000000,CNY,manual,u005,CFO,False,Synthetic journal entry for audit analytics
JE003502,2025-03-09T09:02:00,Sales Returns,Revenue,72944.26,CNY,automated,batch,System,False,Synthetic journal entry for audit analytics
JE003503,2025-02-22T14:33:00,Sales Returns,Revenue,4832.19,CNY,subledger,u001,Accountant,False,Synthetic journal entry for audit analytics
JE003504,2025-10-27T12:27:00,Sales Returns,Inventory,1729.85,CNY,manual,u002,Accountant,False,Synthetic journal entry for audit analytics
JE003505,2025-08-08T13:36:00,Accounts Receivable,Revenue,58562.5,CNY,subledger,u002,Accountant,False,Synthetic journal entry for audit analytics
JE003506,2025-01-14T13:44:00,Accounts Receivable,Inventory,787915.53,CNY,manual,u002,Accountant,False,Synthetic journal entry for audit analytics
JE003507,2025-03-21T15:05:00,Sales Returns,Inventory,279578.03,CNY,manual,u001,Accountant,False,Synthetic journal entry for audit analytics
JE003508,2025-08-21T17:21:00,Accounts Receivable,Accounts Receivable,148750.03,CNY,manual,u003,Senior Accountant,False,Synthetic journal entry for audit analytics
JE003509,2025-08-29T08:15:00,Accounts Receivable,Accounts Receivable,164402.01,CNY,automated,batch,System,False,Synthetic journal entry for audit analytics
JE003510,2025-05-05T18:51:00,Cash,Revenue,1029.08,CNY,manual,u001,Accountant,False,Synthetic journal entry for audit analytics
JE003511,2025-01-25T11:31:00,Sales Returns,Inventory,1479000.49,CNY,manual,u003,Senior Accountant,False,Synthetic journal entry for audit analytics
JE003512,2025-12-29T17:20:00,Accounts Receivable,Inventory,1279.5,CNY,subledger,u001,Accountant,False,Synthetic journal entry for audit analytics
JE003513,2025-10-23T11:47:00,Cash,Revenue,497808.19,CNY,subledger,u003,Senior Accountant,False,Synthetic journal entry for audit analytics
JE003514,2025-08-08T08:34:00,Cash,Revenue,1167.74,CNY,automated,batch,System,False,Synthetic journal entry for audit analytics
JE003515,2025-07-03T16:44:00,Cash,Accounts Receivable,1922.28,CNY,manual,u001,Accountant,False,Synthetic journal entry for audit analytics
JE003516,2025-10-25T13:12:00,Cash,Revenue,23896.78,CNY,subledger,u002,Accountant,False,Synthetic journal entry for audit analytics
JE003517,2025-04-15T12:27:00,Accounts Receivable,Inventory,105734.63,CNY,manual,u001,Accountant,False,Synthetic journal entry for audit analytics
JE003518,2025-11-02T15:24:00,Sales Returns,Revenue,1419.85,CNY,manual,u003,Senior Accountant,False,Synthetic journal entry for audit analytics
JE003519,2025-04-28T12:57:00,Cash,Revenue,128967.78,CNY,subledger,u003,Senior Accountant,False,Synthetic journal entry for audit analytics
JE003520,2025-02-25T08:28:00,Cash,Inventory,240893.77,CNY,manual,u001,Accountant,False,Synthetic journal entry for audit analytics
JE003521,2025-07-16T16:39:00,Cash,Accounts Receivable,281017.37,CNY,automated,batch,System,False,Synthetic journal entry for audit analytics
JE003522,2025-07-28T16:56:00,Accounts Receivable,Accounts Receivable,38533.28,CNY,manual,u002,Accountant,False,Synthetic journal entry for audit analytics
JE003523,2025-10-22T10:04:00,Sales Returns,Revenue,41178.75,CNY,manual,u002,Accountant,False,Synthetic journal entry for audit analytics
JE003524,2025-04-11T10:58:00,Accounts Receivable,Revenue,1432.34,CNY,manual,u005,CFO,False,Synthetic journal entry for audit analytics
JE003525,2025-07-29T13:00:00,Sales Returns,Accounts Receivable,485290.64,CNY,manual,u001,Accountant,False,Synthetic journal entry for audit analytics
JE003526,2025-10-17T17:04:00,Sales Returns,Accounts Receivable,15069.36,CNY,subledger,u002,Accountant,False,Synthetic journal entry for audit analytics
JE003527,2025-09-18T08:01:00,Accounts Receivable,Accounts Receivable,96465.79,CNY,subledger,u002,Accountant,False,Synthetic journal entry for audit analytics
JE003528,2025-03-12T09:21:00,Cash,Revenue,9742.85,CNY,subledger,u002,Accountant,False,Synthetic journal entry for audit analytics
JE003529,2025-10-16T11:11:00,Accounts Receivable,Accounts Receivable,4115.29,CNY,manual,u001,Accountant,False,Synthetic journal entry for audit analytics
JE003530,2025-12-02T09:46:00,Sales Returns,Accounts Receivable,6169.39,CNY,automated,batch,System,False,Synthetic journal entry for audit analytics
JE003531,2025-08-16T10:12:00,Cash,Inventory,37404.93,CNY,automated,batch,System,False,Synthetic journal entry for audit analytics
JE003532,2025-08-29T16:46:00,Accounts Receivable,Inventory,535104.11,CNY,subledger,u001,Accountant,False,Synthetic journal entry for audit analytics
JE003533,2025-06-07T13:22:00,Sales Returns,Inventory,8794.65,CNY,automated,batch,System,False,Synthetic journal entry for audit analytics
JE003534,2025-11-30T11:45:00,Cash,Revenue,1837.02,CNY,automated,batch,System,False,Synthetic journal entry for audit analytics
JE003535,2025-10-01T17:36:00,Cash,Inventory,14339.28,CNY,manual,u003,Senior Accountant,False,Synthetic journal entry for audit analytics
JE003536,2025-09-24T14:32:00,Cash,Revenue,3545.06,CNY,subledger,u001,Accountant,False,Synthetic journal entry for audit analytics
JE003537,2025-10-03T14:25:00,Sales Returns,Inventory,235256.16,CNY,manual,u001,Accountant,False,Synthetic journal entry for audit analytics
JE003538,2025-11-03T13:53:00,Sales Returns,Revenue,124835.97,CNY,subledger,u005,CFO,False,Synthetic journal entry for audit analytics
JE003539,2025-08-07T16:47:00,Accounts Receivable,Revenue,7273.48,CNY,manual,u003,Senior Accountant,False,Synthetic journal entry for audit analytics
JE003540,2025-04-05T09:44:00,Cash,Inventory,636624.2,CNY,automated,batch,System,False,Synthetic journal entry for audit analytics
JE003541,2025-05-04T13:05:00,Cash,Revenue,879444.44,CNY,automated,batch,System,False,Synthetic journal entry for audit analytics
JE003542,2025-01-03T14:19:00,Accounts Receivable,Accounts Receivable,10164.95,CNY,manual,u003,Senior Accountant,False,Synthetic journal entry for audit analytics
JE003543,2025-07-12T11:20:00,Sales Returns,Accounts Receivable,1073.06,CNY,automated,batch,System,False,Synthetic journal entry for audit analytics
JE003544,2025-08-29T08:24:00,Sales Returns,Revenue,472294.73,CNY,automated,batch,System,False,Synthetic journal entry for audit analytics
JE003545,2025-09-22T17:37:00,Sales Returns,Accounts Receivable,146600.62,CNY,subledger,u002,Accountant,False,Synthetic journal entry for audit analytics
JE003546,2025-06-19T16:44:00,Sales Returns,Inventory,249677.22,CNY,automated,batch,System,False,Synthetic journal entry for audit analytics
JE003547,2025-10-31T12:58:00,Accounts Receivable,Accounts Receivable,990173.57,CNY,manual,u003,Senior Accountant,False,Synthetic journal entry for audit analytics
JE003548,2025-09-15T13:59:00,Cash,Revenue,310341.52,CNY,subledger,u003,Senior Accountant,False,Synthetic journal entry for audit analytics
JE003549,2025-10-24T10:49:00,Sales Returns,Revenue,1653.08,CNY,automated,batch,System,False,Synthetic journal entry for audit analytics
JE003550,2025-04-15T08:28:00,Accounts Receivable,Revenue,2044.4,CNY,manual,u002,Accountant,False,Synthetic journal entry for audit analytics
JE003551,2025-08-21T08:58:00,Cash,Accounts Receivable,1108309.84,CNY,subledger,u001,Accountant,False,Synthetic journal entry for audit analytics
JE003552,2025-12-05T09:14:00,Cash,Inventory,1525.39,CNY,subledger,u002,Accountant,False,Synthetic journal entry for audit analytics
JE003553,2025-04-24T11:29:00,Accounts Receivable,Inventory,136061.16,CNY,manual,u003,Senior Accountant,False,Synthetic journal entry for audit analytics
JE003554,2025-06-24T09:56:00,Cash,Accounts Receivable,2887.84,CNY,manual,u001,Accountant,False,Synthetic journal entry for audit analytics
JE003555,2025-12-09T09:11:00,Sales Returns,Inventory,43775.51,CNY,automated,batch,System,False,Synthetic journal entry for audit analytics
JE003556,2025-03-16T16:50:00,Sales Returns,Inventory,106716.53,CNY,manual,u001,Accountant,False,Synthetic journal entry for audit analytics
JE003557,2025-09-04T12:05:00,Cash,Revenue,6251.71,CNY,automated,batch,System,False,Synthetic journal entry for audit analytics
JE003558,2025-06-08T10:31:00,Accounts Receivable,Revenue,204379.33,CNY,manual,u002,Accountant,False,Synthetic journal entry for audit analytics
JE003559,2025-06-27T16:40:00,Sales Returns,Revenue,8003.34,CNY,subledger,u002,Accountant,False,Synthetic journal entry for audit analytics
JE003560,2025-11-12T18:22:00,Accounts Receivable,Accounts Receivable,4890.0,CNY,manual,u001,Accountant,False,Synthetic journal entry for audit analytics
JE003561,2025-02-21T18:09:00,Accounts Receivable,Revenue,1235233.35,CNY,automated,batch,System,False,Synthetic journal entry for audit analytics
JE003562,2025-05-16T09:36:00,Accounts Receivable,Inventory,15898.53,CNY,automated,batch,System,False,Synthetic journal entry for audit analytics
JE003563,2025-06-04T16:50:00,Sales Returns,Inventory,4842.35,CNY,automated,batch,System,False,Synthetic journal entry for audit analytics
JE003564,2025-10-05T12:14:00,Accounts Receivable,Accounts Receivable,13924.94,CNY,manual,u001,Accountant,False,Synthetic journal entry for audit analytics
JE003565,2025-06-11T10:24:00,Cash,Revenue,5329.54,CNY,manual,u002,Accountant,False,Synthetic journal entry for audit analytics
JE003566,2025-07-23T18:00:00,Accounts Receivable,Inventory,3714.47,CNY,automated,batch,System,False,Synthetic journal entry for audit analytics
JE003567,2025-12-26T14:15:00,Cash,Inventory,47031.52,CNY,subledger,u001,Accountant,False,Synthetic journal entry for audit analytics
JE003568,2025-06-28T11:53:00,Cash,Revenue,17866.09,CNY,manual,u001,Accountant,False,Synthetic journal entry for audit analytics
JE003569,2025-06-28T12:11:00,Accounts Receivable,Accounts Receivable,226667.32,CNY,manual,u001,Accountant,False,Synthetic journal entry for audit analytics
JE003570,2025-10-17T16:50:00,Accounts Receivable,Inventory,7107.93,CNY,manual,u003,Senior Accountant,False,Synthetic journal entry for audit analytics
JE003571,2025-08-10T11:32:00,Sales Returns,Revenue,217054.57,CNY,manual,u002,Accountant,False,Synthetic journal entry for audit analytics
JE003572,2025-12-24T17:41:00,Sales Returns,Revenue,3216.03,CNY,manual,u001,Accountant,False,Synthetic journal entry for audit analytics
JE003573,2025-04-11T10:30:00,Accounts Receivable,Revenue,15649.48,CNY,manual,u005,CFO,False,Synthetic journal entry for audit analytics
JE003574,2025-10-22T10:13:00,Accounts Receivable,Inventory,194101.11,CNY,manual,u001,Accountant,False,Synthetic journal entry for audit analytics
JE003575,2025-07-12T13:08:00,Sales Returns,Inventory,52754.93,CNY,automated,batch,System,False,Synthetic journal entry for audit analytics
JE003576,2025-12-14T13:01:00,Sales Returns,Accounts Receivable,568501.96,CNY,automated,batch,System,False,Synthetic journal entry for audit analytics
JE003577,2025-02-02T18:09:00,Accounts Receivable,Accounts Receivable,324534.33,CNY,manual,u001,Accountant,False,Synthetic journal entry for audit analytics
JE003578,2025-12-28T14:29:00,Accounts Receivable,Inventory,327947.33,CNY,manual,u001,Accountant,False,Synthetic journal entry for audit analytics
JE003579,2025-12-29T10:51:00,Accounts Receivable,Accounts Receivable,1460893.7,CNY,manual,u001,Accountant,False,Synthetic journal entry for audit analytics
JE003580,2025-03-25T18:33:00,Sales Returns,Inventory,1404217.61,CNY,automated,batch,System,False,Synthetic journal entry for audit analytics
JE003581,2025-01-05T16:05:00,Sales Returns,Revenue,13311.57,CNY,manual,u002,Accountant,False,Synthetic journal entry for audit analytics
JE003582,2025-12-16T15:34:00,Cash,Inventory,83163.99,CNY,automated,batch,System,False,Synthetic journal entry for audit analytics
JE003583,2025-05-01T16:59:00,Cash,Accounts Receivable,1622.83,CNY,subledger,u002,Accountant,False,Synthetic journal entry for audit analytics
JE003584,2025-04-23T12:50:00,Cash,Inventory,3154.91,CNY,manual,u002,Accountant,False,Synthetic journal entry for audit analytics
JE003585,2025-07-28T15:25:00,Sales Returns,Revenue,51363.12,CNY,manual,u001,Accountant,False,Synthetic journal entry for audit analytics
JE003586,2025-06-17T15:14:00,Cash,Revenue,1966.36,CNY,manual,u002,Accountant,False,Synthetic journal entry for audit analytics
JE003587,2025-01-26T09:05:00,Cash,Inventory,81274.0,CNY,manual,u002,Accountant,False,Synthetic journal entry for audit analytics
JE003588,2025-06-04T16:30:00,Sales Returns,Revenue,85175.85,CNY,automated,batch,System,False,Synthetic journal entry for audit analytics
JE003589,2025-03-01T13:53:00,Accounts Receivable,Revenue,228438.6,CNY,manual,u002,Accountant,False,Synthetic journal entry for audit analytics
JE003590,2025-01-30T10:42:00,Accounts Receivable,Revenue,122661.99,CNY,automated,batch,System,False,Synthetic journal entry for audit analytics
JE003591,2025-06-06T12:24:00,Accounts Receivable,Revenue,43720.3,CNY,automated,batch,System,False,Synthetic journal entry for audit analytics
JE003592,2025-10-21T16:49:00,Accounts Receivable,Accounts Receivable,74995.52,CNY,automated,batch,System,False,Synthetic journal entry for audit analytics
JE003593,2025-05-06T08:55:00,Sales Returns,Revenue,89968.94,CNY,manual,u002,Accountant,False,Synthetic journal entry for audit analytics
JE003594,2025-02-21T08:47:00,Accounts Receivable,Accounts Receivable,76246.47,CNY,automated,batch,System,False,Synthetic journal entry for audit analytics
JE003595,2025-10-16T14:51:00,Cash,Revenue,66176.91,CNY,automated,batch,System,False,Synthetic journal entry for audit analytics
JE003596,2025-01-19T10:12:00,Accounts Receivable,Revenue,47853.13,CNY,manual,u003,Senior Accountant,False,Synthetic journal entry for audit analytics
JE003597,2025-11-05T16:52:00,Accounts Receivable,Accounts Receivable,1215.4,CNY,automated,batch,System,False,Synthetic journal entry for audit analytics
JE003598,2025-01-25T16:41:00,Accounts Receivable,Revenue,83627.03,CNY,automated,batch,System,False,Synthetic journal entry for audit analytics
JE003599,2025-07-14T17:06:00,Sales Returns,Revenue,118991.5,CNY,manual,u002,Accountant,False,Synthetic journal entry for audit analytics
JE003600,2025-11-08T11:30:00,Sales Returns,Revenue,5331.28,CNY,automated,batch,System,False,Synthetic journal entry for audit analytics
JE003601,2025-02-23T10:36:00,Cash,Accounts Receivable,27941.38,CNY,automated,batch,System,False,Synthetic journal entry for audit analytics
JE003602,2025-09-12T13:56:00,Sales Returns,Inventory,4223.98,CNY,manual,u002,Accountant,False,Synthetic journal entry for audit analytics
JE003603,2025-02-06T18:07:00,Accounts Receivable,Inventory,12289.37,CNY,automated,batch,System,False,Synthetic journal entry for audit analytics
JE003604,2025-01-20T16:41:00,Accounts Receivable,Accounts Receivable,4401.21,CNY,automated,batch,System,False,Synthetic journal entry for audit analytics
JE003605,2025-11-20T10:38:00,Accounts Receivable,Revenue,3708.39,CNY,automated,batch,System,False,Synthetic journal entry for audit analytics
JE003606,2025-11-13T17:45:00,Cash,Inventory,41165.46,CNY,automated,batch,System,False,Synthetic journal entry for audit analytics
JE003607,2025-04-24T12:37:00,Accounts Receivable,Accounts Receivable,991175.89,CNY,manual,u002,Accountant,False,Synthetic journal entry for audit analytics
JE003608,2025-09-13T08:41:00,Accounts Receivable,Revenue,1513305.65,CNY,manual,u003,Senior Accountant,False,Synthetic journal entry for audit analytics
JE003609,2025-11-17T08:05:00,Cash,Revenue,48403.78,CNY,manual,u002,Accountant,False,Synthetic journal entry for audit analytics
JE003610,2025-03-21T10:07:00,Cash,Accounts Receivable,2116.63,CNY,manual,u003,Senior Accountant,False,Synthetic journal entry for audit analytics
JE003611,2025-07-01T10:20:00,Sales Returns,Accounts Receivable,1417.53,CNY,subledger,u002,Accountant,False,Synthetic journal entry for audit analytics
JE003612,2025-08-08T10:27:00,Accounts Receivable,Inventory,120400.15,CNY,subledger,u001,Accountant,False,Synthetic journal entry for audit analytics
JE003613,2025-01-22T10:22:00,Sales Returns,Inventory,105235.63,CNY,manual,u003,Senior Accountant,False,Synthetic journal entry for audit analytics
JE003614,2025-11-29T16:59:00,Cash,Inventory,27214.2,CNY,automated,batch,System,False,Synthetic journal entry for audit analytics
JE003615,2025-06-07T12:53:00,Sales Returns,Revenue,708837.06,CNY,manual,u002,Accountant,False,Synthetic journal entry for audit analytics
JE003616,2025-10-10T12:55:00,Sales Returns,Inventory,10986.01,CNY,automated,batch,System,False,Synthetic journal entry for audit analytics
JE003617,2025-06-11T08:34:00,Accounts Receivable,Inventory,1809.81,CNY,subledger,u002,Accountant,False,Synthetic journal entry for audit analytics
JE003618,2025-01-18T10:40:00,Cash,Revenue,104809.02,CNY,automated,batch,System,False,Synthetic journal entry for audit analytics
JE003619,2025-01-05T15:49:00,Accounts Receivable,Accounts Receivable,2493.23,CNY,automated,batch,System,False,Synthetic journal entry for audit analytics
JE003620,2025-06-23T12:22:00,Cash,Accounts Receivable,129086.21,CNY,automated,batch,System,False,Synthetic journal entry for audit analytics
JE003621,2025-05-10T15:29:00,Accounts Receivable,Inventory,47327.65,CNY,subledger,u003,Senior Accountant,False,Synthetic journal entry for audit analytics
JE003622,2025-07-13T17:38:00,Accounts Receivable,Revenue,31881.11,CNY,subledger,u002,Accountant,False,Synthetic journal entry for audit analytics
JE003623,2025-08-24T17:18:00,Cash,Inventory,74251.16,CNY,automated,batch,System,False,Synthetic journal entry for audit analytics
JE003624,2025-08-20T10:59:00,Accounts Receivable,Revenue,1274591.03,CNY,manual,u002,Accountant,False,Synthetic journal entry for audit analytics
JE003625,2025-10-06T10:22:00,Sales Returns,Inventory,15647.17,CNY,manual,u002,Accountant,False,Synthetic journal entry for audit analytics
JE003626,2025-06-23T09:25:00,Accounts Receivable,Inventory,5509.96,CNY,automated,batch,System,False,Synthetic journal entry for audit analytics
JE003627,2025-05-30T18:38:00,Accounts Receivable,Revenue,42805.12,CNY,manual,u001,Accountant,False,Synthetic journal entry for audit analytics
JE003628,2025-07-19T11:21:00,Accounts Receivable,Revenue,164659.48,CNY,manual,u002,Accountant,False,Synthetic journal entry for audit analytics
JE003629,2025-08-05T11:04:00,Sales Returns,Accounts Receivable,295814.45,CNY,subledger,u003,Senior Accountant,False,Synthetic journal entry for audit analytics
JE003630,2025-06-16T14:37:00,Accounts Receivable,Revenue,13954.26,CNY,manual,u003,Senior Accountant,False,Synthetic journal entry for audit analytics
JE003631,2025-03-13T15:49:00,Cash,Revenue,1066.11,CNY,subledger,u002,Accountant,False,Synthetic journal entry for audit analytics
JE003632,2025-01-13T18:44:00,Accounts Receivable,Accounts Receivable,411339.02,CNY,manual,u001,Accountant,False,Synthetic journal entry for audit analytics
JE003633,2025-01-03T08:28:00,Sales Returns,Revenue,16901.64,CNY,manual,u001,Accountant,False,Synthetic journal entry for audit analytics
JE003634,2025-12-13T14:57:00,Cash,Revenue,1248469.32,CNY,automated,batch,System,False,Synthetic journal entry for audit analytics
JE003635,2025-01-09T08:19:00,Accounts Receivable,Inventory,69420.34,CNY,manual,u003,Senior Accountant,False,Synthetic journal entry for audit analytics
JE003636,2025-01-13T09:41:00,Cash,Inventory,11235.43,CNY,subledger,u002,Accountant,False,Synthetic journal entry for audit analytics
JE003637,2025-04-05T13:23:00,Cash,Accounts Receivable,1136003.54,CNY,subledger,u001,Accountant,False,Synthetic journal entry for audit analytics
JE003638,2025-07-09T15:35:00,Cash,Inventory,2281.64,CNY,manual,u002,Accountant,False,Synthetic journal entry for audit analytics
JE003639,2025-11-03T17:36:00,Cash,Accounts Receivable,20123.64,CNY,manual,u003,Senior Accountant,False,Synthetic journal entry for audit analytics
JE003640,2025-06-25T11:28:00,Accounts Receivable,Revenue,40097.66,CNY,automated,batch,System,False,Synthetic journal entry for audit analytics
JE003641,2025-01-21T10:30:00,Cash,Accounts Receivable,757550.52,CNY,manual,u001,Accountant,False,Synthetic journal entry for audit analytics
JE003642,2025-07-15T12:56:00,Sales Returns,Inventory,261550.78,CNY,manual,u001,Accountant,False,Synthetic journal entry for audit analytics
JE003643,2025-08-07T11:56:00,Sales Returns,Revenue,1672.6,CNY,automated,batch,System,False,Synthetic journal entry for audit analytics
JE003644,2025-06-24T18:50:00,Accounts Receivable,Revenue,30175.34,CNY,manual,u002,Accountant,False,Synthetic journal entry for audit analytics
JE003645,2025-10-16T12:52:00,Cash,Inventory,230659.98,CNY,automated,batch,System,False,Synthetic journal entry for audit analytics
JE003646,2025-05-14T13:22:00,Accounts Receivable,Revenue,161407.34,CNY,automated,batch,System,False,Synthetic journal entry for audit analytics
JE003647,2025-03-23T10:06:00,Accounts Receivable,Inventory,3166.1,CNY,automated,batch,System,False,Synthetic journal entry for audit analytics
JE003648,2025-01-16T08:23:00,Accounts Receivable,Revenue,254154.74,CNY,subledger,u002,Accountant,False,Synthetic journal entry for audit analytics
JE003649,2025-03-23T15:03:00,Sales Returns,Revenue,2262.75,CNY,manual,u003,Senior Accountant,False,Synthetic journal entry for audit analytics
JE003650,2025-02-28T13:58:00,Accounts Receivable,Accounts Receivable,341056.95,CNY,subledger,u003,Senior Accountant,False,Synthetic journal entry for audit analytics
JE003651,2025-05-31T18:26:00,Sales Returns,Accounts Receivable,736094.09,CNY,automated,batch,System,False,Synthetic journal entry for audit analytics
JE003652,2025-10-30T11:42:00,Accounts Receivable,Revenue,92613.01,CNY,manual,u004,Controller,False,Synthetic journal entry for audit analytics
JE003653,2025-02-15T12:04:00,Sales Returns,Inventory,3411.92,CNY,automated,batch,System,False,Synthetic journal entry for audit analytics
JE003654,2025-03-09T08:34:00,Cash,Inventory,1523545.93,CNY,automated,batch,System,False,Synthetic journal entry for audit analytics
JE003655,2025-05-30T13:00:00,Sales Returns,Inventory,33416.92,CNY,subledger,u003,Senior Accountant,False,Synthetic journal entry for audit analytics
JE003656,2025-02-24T09:45:00,Accounts Receivable,Revenue,161757.1,CNY,subledger,u003,Senior Accountant,False,Synthetic journal entry for audit analytics
JE003657,2025-11-04T13:41:00,Accounts Receivable,Revenue,8152.32,CNY,automated,batch,System,False,Synthetic journal entry for audit analytics
JE003658,2025-03-09T08:41:00,Cash,Accounts Receivable,552266.81,CNY,automated,batch,System,False,Synthetic journal entry for audit analytics
JE003659,2025-05-26T16:12:00,Accounts Receivable,Inventory,73250.6,CNY,manual,u003,Senior Accountant,False,Synthetic journal entry for audit analytics
JE003660,2025-02-10T08:08:00,Cash,Accounts Receivable,1212234.47,CNY,automated,batch,System,False,Synthetic journal entry for audit analytics
JE003661,2025-02-17T14:54:00,Cash,Accounts Receivable,10220.28,CNY,subledger,u003,Senior Accountant,False,Synthetic journal entry for audit analytics
JE003662,2025-12-19T11:22:00,Sales Returns,Accounts Receivable,2980.34,CNY,manual,u001,Accountant,False,Synthetic journal entry for audit analytics
JE003663,2025-02-24T13:35:00,Sales Returns,Accounts Receivable,29710.87,CNY,manual,u002,Accountant,False,Synthetic journal entry for audit analytics
JE003664,2025-03-05T09:48:00,Sales Returns,Revenue,296743.17,CNY,manual,u002,Accountant,False,Synthetic journal entry for audit analytics
JE003665,2025-08-14T13:55:00,Sales Returns,Revenue,1761.13,CNY,automated,batch,System,False,Synthetic journal entry for audit analytics
JE003666,2025-10-04T14:34:00,Sales Returns,Inventory,5282.11,CNY,manual,u001,Accountant,False,Synthetic journal entry for audit analytics
JE003667,2025-06-07T12:52:00,Sales Returns,Inventory,19223.39,CNY,subledger,u001,Accountant,False,Synthetic journal entry for audit analytics
JE003668,2025-07-02T13:32:00,Accounts Receivable,Inventory,1137.79,CNY,automated,batch,System,False,Synthetic journal entry for audit analytics
JE003669,2025-04-11T18:04:00,Accounts Receivable,Accounts Receivable,124313.42,CNY,manual,u002,Accountant,False,Synthetic journal entry for audit analytics
JE003670,2025-02-22T09:19:00,Accounts Receivable,Accounts Receivable,2220.52,CNY,manual,u003,Senior Accountant,False,Synthetic journal entry for audit analytics
JE003671,2025-09-09T18:35:00,Cash,Inventory,2382.86,CNY,subledger,u002,Accountant,False,Synthetic journal entry for audit analytics
JE003672,2025-12-18T09:02:00,Cash,Inventory,11670.05,CNY,subledger,u002,Accountant,False,Synthetic journal entry for audit analytics
JE003673,2025-08-30T17:39:00,Cash,Accounts Receivable,206151.51,CNY,subledger,u002,Accountant,False,Synthetic journal entry for audit analytics
JE003674,2025-11-16T13:07:00,Accounts Receivable,Accounts Receivable,48848.47,CNY,manual,u002,Accountant,False,Synthetic journal entry for audit analytics
JE003675,2025-11-18T18:57:00,Sales Returns,Revenue,4708.69,CNY,manual,u001,Accountant,False,Synthetic journal entry for audit analytics
JE003676,2025-02-17T08:17:00,Accounts Receivable,Revenue,1012.42,CNY,subledger,u004,Controller,False,Synthetic journal entry for audit analytics
JE003677,2025-05-18T14:08:00,Accounts Receivable,Inventory,115072.47,CNY,automated,batch,System,False,Synthetic journal entry for audit analytics
JE003678,2025-05-15T13:57:00,Sales Returns,Inventory,134885.76,CNY,subledger,u005,CFO,True,Synthetic journal entry for audit analytics
JE003679,2025-09-28T15:05:00,Accounts Receivable,Revenue,207131.74,CNY,manual,u002,Accountant,False,Synthetic journal entry for audit analytics
JE003680,2025-07-17T11:23:00,Sales Returns,Accounts Receivable,3956.79,CNY,subledger,u001,Accountant,False,Synthetic journal entry for audit analytics
JE003681,2025-12-31T13:15:00,Accounts Receivable,Revenue,1181964.4,CNY,manual,u002,Accountant,False,Synthetic journal entry for audit analytics
JE003682,2025-05-04T16:33:00,Sales Returns,Accounts Receivable,7405.43,CNY,automated,batch,System,False,Synthetic journal entry for audit analytics
JE003683,2025-10-08T14:12:00,Sales Returns,Accounts Receivable,1105.48,CNY,manual,u002,Accountant,False,Synthetic journal entry for audit analytics
JE003684,2025-04-14T10:02:00,Cash,Inventory,1265780.92,CNY,subledger,u001,Accountant,False,Synthetic journal entry for audit analytics
JE003685,2025-02-28T16:48:00,Accounts Receivable,Revenue,999797.52,CNY,manual,u002,Accountant,False,Synthetic journal entry for audit analytics
JE003686,2025-03-28T15:07:00,Cash,Revenue,11535.74,CNY,subledger,u005,CFO,False,Synthetic journal entry for audit analytics
JE003687,2025-01-12T08:09:00,Cash,Accounts Receivable,8354.33,CNY,manual,u004,Controller,False,Synthetic journal entry for audit analytics
JE003688,2025-08-26T12:34:00,Accounts Receivable,Revenue,1430571.97,CNY,manual,u001,Accountant,False,Synthetic journal entry for audit analytics
JE003689,2025-09-20T13:49:00,Cash,Accounts Receivable,176519.46,CNY,automated,batch,System,False,Synthetic journal entry for audit analytics
JE003690,2025-12-20T11:59:00,Sales Returns,Accounts Receivable,1173.54,CNY,manual,u003,Senior Accountant,False,Synthetic journal entry for audit analytics
JE003691,2025-12-20T14:25:00,Sales Returns,Inventory,5568.83,CNY,automated,batch,System,False,Synthetic journal entry for audit analytics
JE003692,2025-06-01T08:11:00,Accounts Receivable,Accounts Receivable,27201.04,CNY,automated,batch,System,False,Synthetic journal entry for audit analytics
JE003693,2025-07-07T16:58:00,Accounts Receivable,Inventory,286383.42,CNY,subledger,u002,Accountant,False,Synthetic journal entry for audit analytics
JE003694,2025-04-28T17:52:00,Cash,Accounts Receivable,968925.19,CNY,manual,u003,Senior Accountant,False,Synthetic journal entry for audit analytics
JE003695,2025-10-03T10:37:00,Accounts Receivable,Inventory,275199.79,CNY,subledger,u002,Accountant,False,Synthetic journal entry for audit analytics
JE003696,2025-11-02T17:27:00,Cash,Accounts Receivable,361959.37,CNY,manual,u002,Accountant,False,Synthetic journal entry for audit analytics
JE003697,2025-08-07T13:28:00,Cash,Accounts Receivable,19369.11,CNY,automated,batch,System,False,Synthetic journal entry for audit analytics
JE003698,2025-08-27T14:02:00,Cash,Inventory,28478.52,CNY,automated,batch,System,False,Synthetic journal entry for audit analytics
JE003699,2025-09-28T08:55:00,Accounts Receivable,Inventory,35670.56,CNY,subledger,u001,Accountant,False,Synthetic journal entry for audit analytics
JE003700,2025-06-26T12:10:00,Cash,Revenue,37729.54,CNY,automated,batch,System,False,Synthetic journal entry for audit analytics
JE003701,2025-07-08T18:13:00,Sales Returns,Inventory,1186.03,CNY,automated,batch,System,False,Synthetic journal entry for audit analytics
JE003702,2025-07-10T12:19:00,Sales Returns,Inventory,46917.92,CNY,subledger,u001,Accountant,False,Synthetic journal entry for audit analytics
JE003703,2025-06-30T09:07:00,Sales Returns,Inventory,11726.41,CNY,manual,u003,Senior Accountant,False,Synthetic journal entry for audit analytics
JE003704,2025-02-08T15:12:00,Accounts Receivable,Accounts Receivable,983181.96,CNY,automated,batch,System,False,Synthetic journal entry for audit analytics
JE003705,2025-05-19T10:37:00,Cash,Inventory,1300113.82,CNY,automated,batch,System,False,Synthetic journal entry for audit analytics
JE003706,2025-09-23T18:21:00,Accounts Receivable,Accounts Receivable,1000.24,CNY,automated,batch,System,False,Synthetic journal entry for audit analytics
JE003707,2025-04-06T18:35:00,Sales Returns,Revenue,358404.14,CNY,manual,u001,Accountant,False,Synthetic journal entry for audit analytics
JE003708,2025-07-19T09:07:00,Cash,Accounts Receivable,118515.0,CNY,manual,u003,Senior Accountant,False,Synthetic journal entry for audit analytics
JE003709,2025-08-25T10:34:00,Cash,Inventory,2350.14,CNY,automated,batch,System,False,Synthetic journal entry for audit analytics
JE003710,2025-04-04T16:48:00,Sales Returns,Accounts Receivable,172058.61,CNY,manual,u001,Accountant,False,Synthetic journal entry for audit analytics
JE003711,2025-12-31T18:18:00,Accounts Receivable,Inventory,1023134.75,CNY,manual,u001,Accountant,False,Synthetic journal entry for audit analytics
JE003712,2025-12-15T18:01:00,Cash,Inventory,9901.14,CNY,subledger,u001,Accountant,False,Synthetic journal entry for audit analytics
JE003713,2025-08-06T12:02:00,Accounts Receivable,Accounts Receivable,10805.46,CNY,manual,u002,Accountant,False,Synthetic journal entry for audit analytics
JE003714,2025-03-10T16:43:00,Sales Returns,Inventory,1384007.11,CNY,manual,u003,Senior Accountant,False,Synthetic journal entry for audit analytics
JE003715,2025-09-24T10:20:00,Sales Returns,Revenue,76304.98,CNY,manual,u003,Senior Accountant,False,Synthetic journal entry for audit analytics
JE003716,2025-03-06T18:46:00,Cash,Revenue,5755.41,CNY,subledger,u001,Accountant,False,Synthetic journal entry for audit analytics
JE003717,2025-12-07T15:37:00,Accounts Receivable,Inventory,22615.98,CNY,manual,u005,CFO,False,Synthetic journal entry for audit analytics
JE003718,2025-01-01T10:12:00,Accounts Receivable,Inventory,7940.15,CNY,manual,u001,Accountant,False,Synthetic journal entry for audit analytics
JE003719,2025-11-19T08:49:00,Cash,Revenue,11722.55,CNY,manual,u004,Controller,False,Synthetic journal entry for audit analytics
JE003720,2025-04-12T11:40:00,Accounts Receivable,Accounts Receivable,3402.92,CNY,manual,u003,Senior Accountant,False,Synthetic journal entry for audit analytics
JE003721,2025-10-18T18:35:00,Accounts Receivable,Revenue,1228.59,CNY,manual,u003,Senior Accountant,False,Synthetic journal entry for audit analytics
JE003722,2025-06-17T09:14:00,Accounts Receivable,Inventory,238399.21,CNY,automated,batch,System,False,Synthetic journal entry for audit analytics
JE003723,2025-12-29T10:36:00,Cash,Revenue,1486.49,CNY,manual,u002,Accountant,False,Synthetic journal entry for audit analytics
JE003724,2025-02-08T08:19:00,Sales Returns,Revenue,274433.16,CNY,subledger,u002,Accountant,False,Synthetic journal entry for audit analytics
JE003725,2025-12-30T16:10:00,Sales Returns,Revenue,81834.7,CNY,automated,batch,System,False,Synthetic journal entry for audit analytics
JE003726,2025-10-01T13:36:00,Cash,Inventory,179809.35,CNY,automated,batch,System,False,Synthetic journal entry for audit analytics
JE003727,2025-02-06T13:55:00,Sales Returns,Accounts Receivable,1207.95,CNY,subledger,u002,Accountant,False,Synthetic journal entry for audit analytics
JE003728,2025-12-18T15:07:00,Cash,Inventory,2430.69,CNY,subledger,u003,Senior Accountant,False,Synthetic journal entry for audit analytics
JE003729,2025-03-12T14:29:00,Cash,Revenue,6861.18,CNY,manual,u002,Accountant,False,Synthetic journal entry for audit analytics
JE003730,2025-01-19T17:53:00,Sales Returns,Inventory,82670.7,CNY,manual,u002,Accountant,False,Synthetic journal entry for audit analytics
JE003731,2025-05-06T11:13:00,Accounts Receivable,Inventory,4826.14,CNY,subledger,u003,Senior Accountant,False,Synthetic journal entry for audit analytics
JE003732,2025-10-28T14:13:00,Accounts Receivable,Revenue,5181.81,CNY,automated,batch,System,False,Synthetic journal entry for audit analytics
JE003733,2025-07-07T08:16:00,Sales Returns,Revenue,66159.67,CNY,manual,u001,Accountant,False,Synthetic journal entry for audit analytics
JE003734,2025-10-07T15:48:00,Sales Returns,Accounts Receivable,3456.93,CNY,automated,batch,System,False,Synthetic journal entry for audit analytics
JE003735,2025-10-10T09:30:00,Accounts Receivable,Inventory,4005.87,CNY,automated,batch,System,False,Synthetic journal entry for audit analytics
JE003736,2025-02-25T12:20:00,Cash,Revenue,984899.39,CNY,manual,u002,Accountant,False,Synthetic journal entry for audit analytics
JE003737,2025-06-29T16:22:00,Sales Returns,Revenue,22269.65,CNY,manual,u003,Senior Accountant,False,Synthetic journal entry for audit analytics
JE003738,2025-05-29T16:59:00,Accounts Receivable,Inventory,19334.96,CNY,automated,batch,System,False,Synthetic journal entry for audit analytics
JE003739,2025-02-22T11:30:00,Sales Returns,Inventory,100797.86,CNY,manual,u003,Senior Accountant,False,Synthetic journal entry for audit analytics
JE003740,2025-12-04T10:31:00,Sales Returns,Accounts Receivable,4547.27,CNY,manual,u002,Accountant,False,Synthetic journal entry for audit analytics
JE003741,2025-05-04T15:18:00,Sales Returns,Revenue,104274.7,CNY,automated,batch,System,False,Synthetic journal entry for audit analytics
JE003742,2025-01-22T10:00:00,Accounts Receivable,Accounts Receivable,102001.23,CNY,subledger,u001,Accountant,False,Synthetic journal entry for audit analytics
JE003743,2025-11-25T17:26:00,Cash,Revenue,9693.39,CNY,manual,u001,Accountant,False,Synthetic journal entry for audit analytics
JE003744,2025-07-07T10:32:00,Accounts Receivable,Revenue,82876.3,CNY,manual,u003,Senior Accountant,False,Synthetic journal entry for audit analytics
JE003745,2025-01-16T10:41:00,Cash,Accounts Receivable,2850.44,CNY,automated,batch,System,False,Synthetic journal entry for audit analytics
JE003746,2025-03-16T11:47:00,Sales Returns,Accounts Receivable,6112.95,CNY,automated,batch,System,False,Synthetic journal entry for audit analytics
JE003747,2025-08-31T16:13:00,Sales Returns,Accounts Receivable,384589.51,CNY,manual,u002,Accountant,False,Synthetic journal entry for audit analytics
JE003748,2025-04-18T15:03:00,Cash,Accounts Receivable,1210.71,CNY,subledger,u001,Accountant,False,Synthetic journal entry for audit analytics
JE003749,2025-04-01T18:59:00,Sales Returns,Accounts Receivable,33282.19,CNY,subledger,u001,Accountant,False,Synthetic journal entry for audit analytics
JE003750,2025-01-13T11:04:00,Sales Returns,Inventory,16191.92,CNY,subledger,u001,Accountant,False,Synthetic journal entry for audit analytics
JE003751,2025-07-18T14:20:00,Accounts Receivable,Revenue,9387.42,CNY,manual,u002,Accountant,False,Synthetic journal entry for audit analytics
JE003752,2025-07-03T09:05:00,Accounts Receivable,Inventory,13496.06,CNY,manual,u001,Accountant,False,Synthetic journal entry for audit analytics
JE003753,2025-03-09T11:53:00,Accounts Receivable,Inventory,1092.81,CNY,automated,batch,System,False,Synthetic journal entry for audit analytics
JE003754,2025-11-11T15:46:00,Sales Returns,Inventory,2010.82,CNY,automated,batch,System,False,Synthetic journal entry for audit analytics
JE003755,2025-09-14T08:02:00,Accounts Receivable,Inventory,8974.05,CNY,manual,u001,Accountant,False,Synthetic journal entry for audit analytics
JE003756,2025-04-03T11:15:00,Cash,Accounts Receivable,637675.91,CNY,subledger,u003,Senior Accountant,False,Synthetic journal entry for audit analytics
JE003757,2025-02-12T12:23:00,Accounts Receivable,Inventory,3332.55,CNY,subledger,u003,Senior Accountant,False,Synthetic journal entry for audit analytics
JE003758,2025-06-03T16:28:00,Sales Returns,Revenue,16941.23,CNY,subledger,u002,Accountant,False,Synthetic journal entry for audit analytics
JE003759,2025-11-11T16:42:00,Cash,Revenue,13267.43,CNY,manual,u001,Accountant,False,Synthetic journal entry for audit analytics
JE003760,2025-06-13T09:50:00,Cash,Accounts Receivable,729866.7,CNY,automated,batch,System,False,Synthetic journal entry for audit analytics
JE003761,2025-10-26T18:26:00,Sales Returns,Inventory,73765.05,CNY,subledger,u003,Senior Accountant,False,Synthetic journal entry for audit analytics
JE003762,2025-07-04T09:40:00,Cash,Revenue,310667.77,CNY,automated,batch,System,False,Synthetic journal entry for audit analytics
JE003763,2025-03-27T09:55:00,Cash,Accounts Receivable,2595.07,CNY,automated,batch,System,False,Synthetic journal entry for audit analytics
JE003764,2025-12-16T10:08:00,Accounts Receivable,Inventory,261769.63,CNY,automated,batch,System,False,Synthetic journal entry for audit analytics
JE003765,2025-04-28T18:18:00,Accounts Receivable,Revenue,693644.16,CNY,manual,u003,Senior Accountant,False,Synthetic journal entry for audit analytics
JE003766,2025-09-30T08:40:00,Accounts Receivable,Accounts Receivable,673826.19,CNY,automated,batch,System,False,Synthetic journal entry for audit analytics
JE003767,2025-06-27T16:21:00,Accounts Receivable,Accounts Receivable,2624.64,CNY,subledger,u004,Controller,False,Synthetic journal entry for audit analytics
JE003768,2025-10-02T17:17:00,Cash,Inventory,18236.19,CNY,automated,batch,System,False,Synthetic journal entry for audit analytics
JE003769,2025-02-21T14:11:00,Cash,Revenue,28707.71,CNY,subledger,u001,Accountant,False,Synthetic journal entry for audit analytics
JE003770,2025-04-24T14:05:00,Cash,Revenue,737524.0,CNY,manual,u002,Accountant,False,Synthetic journal entry for audit analytics
JE003771,2025-04-06T11:57:00,Cash,Accounts Receivable,18511.58,CNY,subledger,u001,Accountant,False,Synthetic journal entry for audit analytics
JE003772,2025-12-14T12:18:00,Accounts Receivable,Accounts Receivable,146753.68,CNY,manual,u001,Accountant,False,Synthetic journal entry for audit analytics
JE003773,2025-04-05T17:32:00,Cash,Inventory,13452.69,CNY,automated,batch,System,False,Synthetic journal entry for audit analytics
JE003774,2025-06-06T08:45:00,Sales Returns,Accounts Receivable,85085.71,CNY,automated,batch,System,False,Synthetic journal entry for audit analytics
JE003775,2025-06-05T15:13:00,Cash,Inventory,21796.35,CNY,subledger,u001,Accountant,False,Synthetic journal entry for audit analytics
JE003776,2025-05-04T11:00:00,Sales Returns,Revenue,184801.36,CNY,manual,u003,Senior Accountant,False,Synthetic journal entry for audit analytics
JE003777,2025-03-16T13:17:00,Cash,Revenue,6271.66,CNY,manual,u002,Accountant,False,Synthetic journal entry for audit analytics
JE003778,2025-01-08T18:55:00,Accounts Receivable,Revenue,1237525.88,CNY,manual,u001,Accountant,False,Synthetic journal entry for audit analytics
JE003779,2025-06-02T15:09:00,Sales Returns,Revenue,154454.33,CNY,subledger,u002,Accountant,False,Synthetic journal entry for audit analytics
JE003780,2025-06-29T10:50:00,Accounts Receivable,Revenue,645837.01,CNY,automated,batch,System,False,Synthetic journal entry for audit analytics
JE003781,2025-02-23T13:01:00,Cash,Revenue,1981.64,CNY,manual,u002,Accountant,False,Synthetic journal entry for audit analytics
JE003782,2025-01-28T17:50:00,Cash,Revenue,936773.3,CNY,automated,batch,System,False,Synthetic journal entry for audit analytics
JE003783,2025-09-14T10:14:00,Cash,Inventory,579394.62,CNY,automated,batch,System,False,Synthetic journal entry for audit analytics
JE003784,2025-05-07T14:25:00,Accounts Receivable,Revenue,167060.49,CNY,automated,batch,System,False,Synthetic journal entry for audit analytics
JE003785,2025-03-10T09:04:00,Sales Returns,Inventory,27688.17,CNY,manual,u001,Accountant,False,Synthetic journal entry for audit analytics
JE003786,2025-12-06T11:38:00,Cash,Revenue,36562.15,CNY,manual,u001,Accountant,False,Synthetic journal entry for audit analytics
JE003787,2025-08-20T08:09:00,Cash,Inventory,225226.61,CNY,automated,batch,System,False,Synthetic journal entry for audit analytics
JE003788,2025-10-16T11:20:00,Sales Returns,Accounts Receivable,10161.61,CNY,manual,u001,Accountant,False,Synthetic journal entry for audit analytics
JE003789,2025-12-19T09:26:00,Cash,Accounts Receivable,21469.32,CNY,subledger,u003,Senior Accountant,False,Synthetic journal entry for audit analytics
JE003790,2025-07-10T15:54:00,Sales Returns,Accounts Receivable,39565.96,CNY,automated,batch,System,False,Synthetic journal entry for audit analytics
JE003791,2025-03-24T09:05:00,Accounts Receivable,Revenue,11110.3,CNY,manual,u001,Accountant,False,Synthetic journal entry for audit analytics
JE003792,2025-11-18T13:11:00,Cash,Inventory,32429.23,CNY,manual,u005,CFO,False,Synthetic journal entry for audit analytics
JE003793,2025-10-15T16:17:00,Sales Returns,Accounts Receivable,1296.42,CNY,subledger,u001,Accountant,False,Synthetic journal entry for audit analytics
JE003794,2025-01-27T12:56:00,Accounts Receivable,Accounts Receivable,24468.96,CNY,manual,u003,Senior Accountant,False,Synthetic journal entry for audit analytics
JE003795,2025-08-19T14:26:00,Cash,Inventory,1800.35,CNY,manual,u001,Accountant,False,Synthetic journal entry for audit analytics
JE003796,2025-09-28T09:16:00,Accounts Receivable,Inventory,181631.15,CNY,manual,u003,Senior Accountant,False,Synthetic journal entry for audit analytics
JE003797,2025-02-01T14:38:00,Sales Returns,Revenue,167232.01,CNY,manual,u001,Accountant,False,Synthetic journal entry for audit analytics
JE003798,2025-10-24T12:25:00,Accounts Receivable,Accounts Receivable,1141.21,CNY,subledger,u004,Controller,False,Synthetic journal entry for audit analytics
JE003799,2025-12-28T08:50:00,Sales Returns,Revenue,29724.95,CNY,manual,u003,Senior Accountant,False,Synthetic journal entry for audit analytics
JE003800,2025-05-05T15:39:00,Accounts Receivable,Inventory,145934.78,CNY,automated,batch,System,False,Synthetic journal entry for audit analytics
JE003801,2025-03-02T11:00:00,Accounts Receivable,Inventory,53727.01,CNY,manual,u001,Accountant,False,Synthetic journal entry for audit analytics
JE003802,2025-10-22T09:08:00,Sales Returns,Revenue,94711.75,CNY,manual,u003,Senior Accountant,False,Synthetic journal entry for audit analytics
JE003803,2025-08-17T10:45:00,Sales Returns,Revenue,18364.03,CNY,subledger,u003,Senior Accountant,False,Synthetic journal entry for audit analytics
JE003804,2025-05-02T15:13:00,Cash,Inventory,76196.82,CNY,automated,batch,System,False,Synthetic journal entry for audit analytics
JE003805,2025-07-17T09:17:00,Accounts Receivable,Accounts Receivable,253848.37,CNY,manual,u001,Accountant,False,Synthetic journal entry for audit analytics
JE003806,2025-08-16T11:08:00,Cash,Accounts Receivable,145438.35,CNY,automated,batch,System,False,Synthetic journal entry for audit analytics
JE003807,2025-02-22T16:10:00,Sales Returns,Inventory,553623.41,CNY,subledger,u001,Accountant,False,Synthetic journal entry for audit analytics
JE003808,2025-02-05T14:43:00,Sales Returns,Accounts Receivable,1229.94,CNY,manual,u002,Accountant,False,Synthetic journal entry for audit analytics
JE003809,2025-05-17T18:35:00,Cash,Revenue,6109.24,CNY,manual,u002,Accountant,False,Synthetic journal entry for audit analytics
JE003810,2025-03-28T15:22:00,Sales Returns,Revenue,169635.61,CNY,manual,u004,Controller,False,Synthetic journal entry for audit analytics
JE003811,2025-09-05T18:55:00,Accounts Receivable,Inventory,30517.18,CNY,automated,batch,System,False,Synthetic journal entry for audit analytics
JE003812,2025-07-04T15:48:00,Cash,Accounts Receivable,1456.89,CNY,manual,u002,Accountant,False,Synthetic journal entry for audit analytics
JE003813,2025-04-06T11:52:00,Accounts Receivable,Accounts Receivable,1309235.63,CNY,automated,batch,System,False,Synthetic journal entry for audit analytics
JE003814,2025-09-19T16:13:00,Cash,Accounts Receivable,560718.89,CNY,subledger,u002,Accountant,False,Synthetic journal entry for audit analytics
JE003815,2025-07-06T18:40:00,Accounts Receivable,Revenue,996125.85,CNY,manual,u002,Accountant,False,Synthetic journal entry for audit analytics
JE003816,2025-06-25T13:05:00,Cash,Accounts Receivable,43141.15,CNY,subledger,u001,Accountant,False,Synthetic journal entry for audit analytics
JE003817,2025-06-18T09:15:00,Cash,Inventory,134741.76,CNY,automated,batch,System,False,Synthetic journal entry for audit analytics
JE003818,2025-05-17T10:32:00,Sales Returns,Accounts Receivable,1116.96,CNY,manual,u001,Accountant,False,Synthetic journal entry for audit analytics
JE003819,2025-04-02T08:48:00,Cash,Revenue,3188.92,CNY,manual,u003,Senior Accountant,False,Synthetic journal entry for audit analytics
JE003820,2025-06-27T16:05:00,Cash,Accounts Receivable,1191.39,CNY,manual,u002,Accountant,False,Synthetic journal entry for audit analytics
JE003821,2025-11-05T08:59:00,Cash,Revenue,1254938.71,CNY,manual,u001,Accountant,False,Synthetic journal entry for audit analytics
JE003822,2025-10-05T12:34:00,Cash,Inventory,2236.88,CNY,subledger,u002,Accountant,False,Synthetic journal entry for audit analytics
JE003823,2025-07-29T12:52:00,Accounts Receivable,Revenue,662079.17,CNY,automated,batch,System,False,Synthetic journal entry for audit analytics
JE003824,2025-07-20T10:07:00,Accounts Receivable,Revenue,1818.83,CNY,manual,u004,Controller,False,Synthetic journal entry for audit analytics
JE003825,2025-12-23T16:35:00,Cash,Accounts Receivable,2073.07,CNY,subledger,u001,Accountant,False,Synthetic journal entry for audit analytics
JE003826,2025-01-05T14:00:00,Sales Returns,Accounts Receivable,17442.59,CNY,automated,batch,System,False,Synthetic journal entry for audit analytics
JE003827,2025-11-05T10:24:00,Accounts Receivable,Accounts Receivable,3288.46,CNY,subledger,u002,Accountant,False,Synthetic journal entry for audit analytics
JE003828,2025-03-30T08:02:00,Sales Returns,Accounts Receivable,61073.38,CNY,subledger,u002,Accountant,False,Synthetic journal entry for audit analytics
JE003829,2025-07-30T15:13:00,Cash,Accounts Receivable,12560.73,CNY,automated,batch,System,False,Synthetic journal entry for audit analytics
JE003830,2025-10-01T13:58:00,Cash,Accounts Receivable,1453805.32,CNY,automated,batch,System,False,Synthetic journal entry for audit analytics
JE003831,2025-11-24T13:35:00,Sales Returns,Revenue,827128.12,CNY,manual,u002,Accountant,False,Synthetic journal entry for audit analytics
JE003832,2025-07-10T12:10:00,Sales Returns,Accounts Receivable,3468.77,CNY,automated,batch,System,False,Synthetic journal entry for audit analytics
JE003833,2025-07-25T11:31:00,Sales Returns,Inventory,1858.01,CNY,manual,u004,Controller,False,Synthetic journal entry for audit analytics
JE003834,2025-07-28T15:50:00,Accounts Receivable,Inventory,38986.02,CNY,subledger,u003,Senior Accountant,False,Synthetic journal entry for audit analytics
JE003835,2025-12-22T13:40:00,Accounts Receivable,Revenue,53349.95,CNY,automated,batch,System,False,Synthetic journal entry for audit analytics
JE003836,2025-10-17T12:33:00,Accounts Receivable,Accounts Receivable,28287.27,CNY,subledger,u001,Accountant,False,Synthetic journal entry for audit analytics
JE003837,2025-04-12T16:43:00,Sales Returns,Revenue,54003.95,CNY,manual,u002,Accountant,False,Synthetic journal entry for audit analytics
JE003838,2025-12-18T10:55:00,Sales Returns,Accounts Receivable,1106.85,CNY,subledger,u001,Accountant,False,Synthetic journal entry for audit analytics
JE003839,2025-11-15T14:54:00,Accounts Receivable,Inventory,24645.51,CNY,manual,u002,Accountant,False,Synthetic journal entry for audit analytics
JE003840,2025-09-14T13:05:00,Accounts Receivable,Accounts Receivable,1238323.1,CNY,manual,u003,Senior Accountant,False,Synthetic journal entry for audit analytics
JE003841,2025-12-02T17:28:00,Accounts Receivable,Revenue,81373.28,CNY,manual,u004,Controller,False,Synthetic journal entry for audit analytics
JE003842,2025-10-14T10:01:00,Sales Returns,Accounts Receivable,5062.76,CNY,manual,u003,Senior Accountant,False,Synthetic journal entry for audit analytics
JE003843,2025-05-02T09:09:00,Sales Returns,Inventory,3920.1,CNY,manual,u002,Accountant,False,Synthetic journal entry for audit analytics
JE003844,2025-09-20T10:17:00,Accounts Receivable,Inventory,1683.04,CNY,subledger,u004,Controller,False,Synthetic journal entry for audit analytics
JE003845,2025-05-09T14:36:00,Cash,Inventory,1235661.77,CNY,manual,u003,Senior Accountant,False,Synthetic journal entry for audit analytics
JE003846,2025-04-25T09:38:00,Sales Returns,Accounts Receivable,2203.03,CNY,subledger,u001,Accountant,False,Synthetic journal entry for audit analytics
JE003847,2025-10-15T17:18:00,Cash,Revenue,353918.97,CNY,subledger,u003,Senior Accountant,False,Synthetic journal entry for audit analytics
JE003848,2025-07-18T10:52:00,Accounts Receivable,Revenue,136682.96,CNY,subledger,u002,Accountant,False,Synthetic journal entry for audit analytics
JE003849,2025-05-07T18:48:00,Cash,Accounts Receivable,1535776.44,CNY,manual,u001,Accountant,False,Synthetic journal entry for audit analytics
JE003850,2025-01-08T10:33:00,Sales Returns,Revenue,27338.41,CNY,automated,batch,System,False,Synthetic journal entry for audit analytics
JE003851,2025-10-08T12:46:00,Cash,Revenue,320797.21,CNY,manual,u001,Accountant,False,Synthetic journal entry for audit analytics
JE003852,2025-07-29T11:40:00,Accounts Receivable,Inventory,43809.85,CNY,manual,u003,Senior Accountant,False,Synthetic journal entry for audit analytics
JE003853,2025-08-02T08:28:00,Sales Returns,Inventory,8847.45,CNY,subledger,u002,Accountant,False,Synthetic journal entry for audit analytics
JE003854,2025-10-13T17:49:00,Accounts Receivable,Revenue,12835.96,CNY,manual,u002,Accountant,False,Synthetic journal entry for audit analytics
JE003855,2025-12-19T11:14:00,Sales Returns,Accounts Receivable,32240.78,CNY,subledger,u003,Senior Accountant,False,Synthetic journal entry for audit analytics
JE003856,2025-08-11T12:37:00,Accounts Receivable,Revenue,4487.48,CNY,manual,u003,Senior Accountant,False,Synthetic journal entry for audit analytics
JE003857,2025-10-12T11:01:00,Sales Returns,Inventory,32038.72,CNY,manual,u001,Accountant,False,Synthetic journal entry for audit analytics
JE003858,2025-08-04T18:19:00,Cash,Inventory,7489.91,CNY,subledger,u002,Accountant,False,Synthetic journal entry for audit analytics
JE003859,2025-08-29T10:46:00,Sales Returns,Revenue,117260.11,CNY,subledger,u003,Senior Accountant,False,Synthetic journal entry for audit analytics
JE003860,2025-11-01T08:15:00,Accounts Receivable,Accounts Receivable,1052387.16,CNY,manual,u002,Accountant,False,Synthetic journal entry for audit analytics
JE003861,2025-07-25T17:08:00,Accounts Receivable,Accounts Receivable,1446128.32,CNY,manual,u003,Senior Accountant,False,Synthetic journal entry for audit analytics
JE003862,2025-08-06T12:02:00,Accounts Receivable,Revenue,79776.21,CNY,subledger,u004,Controller,False,Synthetic journal entry for audit analytics
JE003863,2025-05-01T14:01:00,Accounts Receivable,Inventory,1563.72,CNY,subledger,u002,Accountant,False,Synthetic journal entry for audit analytics
JE003864,2025-10-26T08:09:00,Sales Returns,Accounts Receivable,2964.95,CNY,automated,batch,System,False,Synthetic journal entry for audit analytics
JE003865,2025-03-27T16:29:00,Cash,Accounts Receivable,938470.94,CNY,subledger,u001,Accountant,False,Synthetic journal entry for audit analytics
JE003866,2025-12-28T14:33:00,Sales Returns,Accounts Receivable,22967.93,CNY,manual,u004,Controller,False,Synthetic journal entry for audit analytics
JE003867,2025-02-23T13:51:00,Cash,Revenue,1543.82,CNY,manual,u002,Accountant,False,Synthetic journal entry for audit analytics
JE003868,2025-09-13T14:55:00,Accounts Receivable,Accounts Receivable,3090.83,CNY,manual,u001,Accountant,False,Synthetic journal entry for audit analytics
JE003869,2025-04-14T13:45:00,Accounts Receivable,Accounts Receivable,1021.5,CNY,automated,batch,System,False,Synthetic journal entry for audit analytics
JE003870,2025-03-17T08:31:00,Cash,Inventory,2225.25,CNY,manual,u002,Accountant,False,Synthetic journal entry for audit analytics
JE003871,2025-09-07T17:16:00,Accounts Receivable,Inventory,22378.54,CNY,manual,u003,Senior Accountant,False,Synthetic journal entry for audit analytics
JE003872,2025-12-15T09:41:00,Cash,Inventory,255965.83,CNY,manual,u001,Accountant,False,Synthetic journal entry for audit analytics
JE003873,2025-04-19T12:50:00,Sales Returns,Accounts Receivable,11532.02,CNY,automated,batch,System,False,Synthetic journal entry for audit analytics
JE003874,2025-07-09T13:31:00,Sales Returns,Accounts Receivable,73331.69,CNY,automated,batch,System,False,Synthetic journal entry for audit analytics
JE003875,2025-07-27T11:31:00,Cash,Accounts Receivable,232644.84,CNY,manual,u003,Senior Accountant,False,Synthetic journal entry for audit analytics
JE003876,2025-09-01T15:35:00,Accounts Receivable,Accounts Receivable,56288.7,CNY,automated,batch,System,False,Synthetic journal entry for audit analytics
JE003877,2025-10-05T11:55:00,Sales Returns,Revenue,4981.69,CNY,manual,u003,Senior Accountant,False,Synthetic journal entry for audit analytics
JE003878,2025-03-20T10:11:00,Cash,Inventory,5695.28,CNY,manual,u001,Accountant,False,Synthetic journal entry for audit analytics
JE003879,2025-09-10T15:39:00,Cash,Inventory,8556.3,CNY,manual,u002,Accountant,False,Synthetic journal entry for audit analytics
JE003880,2025-09-11T14:11:00,Accounts Receivable,Accounts Receivable,1450602.67,CNY,subledger,u002,Accountant,False,Synthetic journal entry for audit analytics
JE003881,2025-03-20T14:53:00,Sales Returns,Accounts Receivable,497004.29,CNY,automated,batch,System,False,Synthetic journal entry for audit analytics
JE003882,2025-11-06T15:05:00,Accounts Receivable,Revenue,1440.49,CNY,subledger,u003,Senior Accountant,False,Synthetic journal entry for audit analytics
JE003883,2025-02-23T12:48:00,Cash,Accounts Receivable,18622.96,CNY,subledger,u001,Accountant,False,Synthetic journal entry for audit analytics
JE003884,2025-01-29T18:58:00,Accounts Receivable,Revenue,9038.26,CNY,subledger,u003,Senior Accountant,False,Synthetic journal entry for audit analytics
JE003885,2025-09-27T09:26:00,Accounts Receivable,Accounts Receivable,115080.34,CNY,manual,u004,Controller,False,Synthetic journal entry for audit analytics
JE003886,2025-08-09T11:48:00,Sales Returns,Accounts Receivable,419316.06,CNY,manual,u001,Accountant,False,Synthetic journal entry for audit analytics
JE003887,2025-07-21T10:38:00,Cash,Revenue,5026.65,CNY,manual,u002,Accountant,False,Synthetic journal entry for audit analytics
JE003888,2025-11-01T14:23:00,Accounts Receivable,Accounts Receivable,9389.0,CNY,manual,u002,Accountant,False,Synthetic journal entry for audit analytics
JE003889,2025-05-25T18:18:00,Sales Returns,Revenue,514674.66,CNY,manual,u001,Accountant,False,Synthetic journal entry for audit analytics
JE003890,2025-12-30T23:41:00,Other Receivables,Other Income,2000000,CNY,manual,u005,CFO,False,Synthetic journal entry for audit analytics
JE003891,2025-05-29T15:19:00,Cash,Revenue,7203.2,CNY,manual,u004,Controller,False,Synthetic journal entry for audit analytics
JE003892,2025-08-14T17:00:00,Accounts Receivable,Accounts Receivable,25419.29,CNY,automated,batch,System,False,Synthetic journal entry for audit analytics
JE003893,2025-07-20T08:47:00,Sales Returns,Inventory,1316.74,CNY,subledger,u002,Accountant,False,Synthetic journal entry for audit analytics
JE003894,2025-01-16T12:59:00,Sales Returns,Revenue,206380.87,CNY,automated,batch,System,False,Synthetic journal entry for audit analytics
JE003895,2025-07-09T09:54:00,Accounts Receivable,Revenue,67446.69,CNY,manual,u003,Senior Accountant,False,Synthetic journal entry for audit analytics
JE003896,2025-11-13T11:16:00,Accounts Receivable,Inventory,17459.35,CNY,manual,u002,Accountant,False,Synthetic journal entry for audit analytics
JE003897,2025-02-18T11:51:00,Cash,Revenue,14472.1,CNY,manual,u001,Accountant,False,Synthetic journal entry for audit analytics
JE003898,2025-08-14T08:11:00,Cash,Inventory,10710.5,CNY,manual,u001,Accountant,False,Synthetic journal entry for audit analytics
JE003899,2025-10-03T10:03:00,Accounts Receivable,Inventory,46194.77,CNY,automated,batch,System,False,Synthetic journal entry for audit analytics
JE003900,2025-03-13T08:04:00,Cash,Revenue,2929.7,CNY,manual,u003,Senior Accountant,False,Synthetic journal entry for audit analytics
JE003901,2025-04-03T09:50:00,Accounts Receivable,Accounts Receivable,171192.84,CNY,subledger,u002,Accountant,False,Synthetic journal entry for audit analytics
JE003902,2025-12-18T09:50:00,Accounts Receivable,Inventory,34010.31,CNY,manual,u003,Senior Accountant,False,Synthetic journal entry for audit analytics
JE003903,2025-05-10T13:17:00,Sales Returns,Revenue,7514.96,CNY,manual,u001,Accountant,False,Synthetic journal entry for audit analytics
JE003904,2025-09-10T13:57:00,Sales Returns,Revenue,482871.25,CNY,automated,batch,System,False,Synthetic journal entry for audit analytics
JE003905,2025-02-07T13:20:00,Cash,Inventory,1128.1,CNY,subledger,u002,Accountant,False,Synthetic journal entry for audit analytics
JE003906,2025-03-25T09:38:00,Sales Returns,Inventory,228289.05,CNY,manual,u002,Accountant,False,Synthetic journal entry for audit analytics
JE003907,2025-04-25T09:52:00,Sales Returns,Inventory,294214.82,CNY,subledger,u001,Accountant,False,Synthetic journal entry for audit analytics
JE003908,2025-10-31T17:23:00,Sales Returns,Accounts Receivable,4187.54,CNY,manual,u001,Accountant,False,Synthetic journal entry for audit analytics
JE003909,2025-12-23T16:38:00,Accounts Receivable,Inventory,1932.63,CNY,manual,u002,Accountant,False,Synthetic journal entry for audit analytics
JE003910,2025-01-26T14:47:00,Accounts Receivable,Accounts Receivable,3624.32,CNY,manual,u001,Accountant,False,Synthetic journal entry for audit analytics
JE003911,2025-09-02T11:19:00,Cash,Revenue,29877.49,CNY,subledger,u001,Accountant,False,Synthetic journal entry for audit analytics
JE003912,2025-11-23T17:11:00,Sales Returns,Inventory,5302.37,CNY,automated,batch,System,False,Synthetic journal entry for audit analytics
JE003913,2025-12-28T11:34:00,Sales Returns,Inventory,106999.18,CNY,automated,batch,System,False,Synthetic journal entry for audit analytics
JE003914,2025-01-29T14:41:00,Sales Returns,Accounts Receivable,1489570.36,CNY,manual,u003,Senior Accountant,False,Synthetic journal entry for audit analytics
JE003915,2025-06-06T18:08:00,Sales Returns,Revenue,4930.79,CNY,subledger,u003,Senior Accountant,False,Synthetic journal entry for audit analytics
JE003916,2025-01-26T18:31:00,Accounts Receivable,Inventory,2381.38,CNY,subledger,u001,Accountant,False,Synthetic journal entry for audit analytics
JE003917,2025-03-27T16:44:00,Accounts Receivable,Accounts Receivable,1375111.65,CNY,automated,batch,System,False,Synthetic journal entry for audit analytics
JE003918,2025-07-20T14:46:00,Sales Returns,Inventory,35702.89,CNY,subledger,u001,Accountant,False,Synthetic journal entry for audit analytics
JE003919,2025-02-13T13:27:00,Cash,Accounts Receivable,2224.27,CNY,manual,u003,Senior Accountant,False,Synthetic journal entry for audit analytics
JE003920,2025-07-24T14:18:00,Accounts Receivable,Accounts Receivable,90518.47,CNY,manual,u002,Accountant,False,Synthetic journal entry for audit analytics
JE003921,2025-04-22T18:11:00,Cash,Inventory,14008.03,CNY,manual,u003,Senior Accountant,False,Synthetic journal entry for audit analytics
JE003922,2025-05-10T18:08:00,Cash,Revenue,486486.83,CNY,subledger,u002,Accountant,False,Synthetic journal entry for audit analytics
JE003923,2025-02-23T10:58:00,Cash,Inventory,17430.31,CNY,automated,batch,System,False,Synthetic journal entry for audit analytics
JE003924,2025-11-11T15:08:00,Accounts Receivable,Inventory,155064.0,CNY,automated,batch,System,False,Synthetic journal entry for audit analytics
JE003925,2025-11-07T16:43:00,Cash,Accounts Receivable,1270964.61,CNY,subledger,u003,Senior Accountant,False,Synthetic journal entry for audit analytics
JE003926,2025-09-19T13:39:00,Sales Returns,Accounts Receivable,68136.66,CNY,subledger,u002,Accountant,False,Synthetic journal entry for audit analytics
JE003927,2025-06-07T13:32:00,Cash,Inventory,35032.7,CNY,automated,batch,System,False,Synthetic journal entry for audit analytics
JE003928,2025-07-10T13:48:00,Accounts Receivable,Inventory,96557.39,CNY,subledger,u003,Senior Accountant,False,Synthetic journal entry for audit analytics
JE003929,2025-12-24T11:24:00,Sales Returns,Revenue,27369.74,CNY,automated,batch,System,False,Synthetic journal entry for audit analytics
JE003930,2025-09-17T16:42:00,Accounts Receivable,Revenue,1414761.37,CNY,manual,u002,Accountant,False,Synthetic journal entry for audit analytics
JE003931,2025-10-14T17:43:00,Cash,Accounts Receivable,36069.26,CNY,automated,batch,System,False,Synthetic journal entry for audit analytics
JE003932,2025-02-18T09:17:00,Sales Returns,Revenue,11790.46,CNY,automated,batch,System,False,Synthetic journal entry for audit analytics
JE003933,2025-03-24T10:26:00,Cash,Inventory,6432.31,CNY,automated,batch,System,False,Synthetic journal entry for audit analytics
JE003934,2025-08-03T17:46:00,Cash,Inventory,2832.32,CNY,manual,u002,Accountant,False,Synthetic journal entry for audit analytics
JE003935,2025-01-30T13:22:00,Accounts Receivable,Accounts Receivable,239836.88,CNY,subledger,u002,Accountant,False,Synthetic journal entry for audit analytics
JE003936,2025-08-14T18:48:00,Sales Returns,Accounts Receivable,161615.11,CNY,manual,u001,Accountant,False,Synthetic journal entry for audit analytics
JE003937,2025-11-16T17:36:00,Sales Returns,Inventory,5316.21,CNY,automated,batch,System,False,Synthetic journal entry for audit analytics
JE003938,2025-05-23T13:20:00,Sales Returns,Accounts Receivable,169335.7,CNY,manual,u001,Accountant,False,Synthetic journal entry for audit analytics
JE003939,2025-05-20T10:49:00,Sales Returns,Revenue,574023.9,CNY,subledger,u001,Accountant,False,Synthetic journal entry for audit analytics
JE003940,2025-06-07T10:41:00,Accounts Receivable,Inventory,4127.8,CNY,manual,u001,Accountant,False,Synthetic journal entry for audit analytics
JE003941,2025-08-07T10:19:00,Sales Returns,Accounts Receivable,200354.04,CNY,manual,u001,Accountant,False,Synthetic journal entry for audit analytics
JE003942,2025-09-05T09:42:00,Accounts Receivable,Accounts Receivable,615912.22,CNY,automated,batch,System,False,Synthetic journal entry for audit analytics
JE003943,2025-05-24T10:22:00,Cash,Revenue,236283.02,CNY,automated,batch,System,False,Synthetic journal entry for audit analytics
JE003944,2025-05-10T10:17:00,Accounts Receivable,Accounts Receivable,13908.8,CNY,automated,batch,System,False,Synthetic journal entry for audit analytics
JE003945,2025-07-04T13:54:00,Cash,Revenue,7634.66,CNY,manual,u002,Accountant,False,Synthetic journal entry for audit analytics
JE003946,2025-01-20T14:13:00,Accounts Receivable,Accounts Receivable,723854.73,CNY,manual,u001,Accountant,False,Synthetic journal entry for audit analytics
JE003947,2025-09-10T17:09:00,Cash,Inventory,8586.0,CNY,automated,batch,System,False,Synthetic journal entry for audit analytics
JE003948,2025-08-09T14:57:00,Cash,Revenue,8894.55,CNY,automated,batch,System,False,Synthetic journal entry for audit analytics
JE003949,2025-04-20T17:08:00,Sales Returns,Revenue,124027.15,CNY,automated,batch,System,False,Synthetic journal entry for audit analytics
JE003950,2025-01-02T16:07:00,Cash,Accounts Receivable,13938.0,CNY,automated,batch,System,False,Synthetic journal entry for audit analytics
JE003951,2025-03-30T14:20:00,Accounts Receivable,Accounts Receivable,1073691.0,CNY,subledger,u002,Accountant,False,Synthetic journal entry for audit analytics
JE003952,2025-07-12T18:37:00,Accounts Receivable,Revenue,1244337.13,CNY,automated,batch,System,False,Synthetic journal entry for audit analytics
JE003953,2025-05-19T15:03:00,Accounts Receivable,Revenue,624372.73,CNY,automated,batch,System,False,Synthetic journal entry for audit analytics
JE003954,2025-08-16T18:07:00,Sales Returns,Inventory,33463.88,CNY,subledger,u001,Accountant,False,Synthetic journal entry for audit analytics
JE003955,2025-02-13T14:27:00,Cash,Revenue,22103.85,CNY,automated,batch,System,False,Synthetic journal entry for audit analytics
JE003956,2025-07-22T12:56:00,Accounts Receivable,Accounts Receivable,560707.76,CNY,manual,u002,Accountant,False,Synthetic journal entry for audit analytics
JE003957,2025-03-17T08:19:00,Accounts Receivable,Inventory,48669.77,CNY,manual,u001,Accountant,False,Synthetic journal entry for audit analytics
JE003958,2025-01-07T08:12:00,Cash,Revenue,1637.75,CNY,automated,batch,System,False,Synthetic journal entry for audit analytics
JE003959,2025-07-02T17:37:00,Cash,Inventory,30525.16,CNY,automated,batch,System,False,Synthetic journal entry for audit analytics
JE003960,2025-02-28T16:44:00,Cash,Accounts Receivable,1287779.5,CNY,manual,u002,Accountant,False,Synthetic journal entry for audit analytics
JE003961,2025-01-06T13:52:00,Accounts Receivable,Revenue,503470.82,CNY,subledger,u003,Senior Accountant,False,Synthetic journal entry for audit analytics
JE003962,2025-07-31T18:05:00,Accounts Receivable,Accounts Receivable,68594.66,CNY,manual,u002,Accountant,False,Synthetic journal entry for audit analytics
JE003963,2025-12-06T18:19:00,Accounts Receivable,Inventory,6034.34,CNY,manual,u003,Senior Accountant,False,Synthetic journal entry for audit analytics
JE003964,2025-07-20T08:58:00,Cash,Accounts Receivable,823407.52,CNY,manual,u003,Senior Accountant,False,Synthetic journal entry for audit analytics
JE003965,2025-08-04T11:49:00,Accounts Receivable,Accounts Receivable,441313.28,CNY,manual,u003,Senior Accountant,False,Synthetic journal entry for audit analytics
JE003966,2025-01-31T18:08:00,Sales Returns,Accounts Receivable,35888.73,CNY,automated,batch,System,False,Synthetic journal entry for audit analytics
JE003967,2025-12-06T14:56:00,Cash,Inventory,600323.99,CNY,subledger,u002,Accountant,False,Synthetic journal entry for audit analytics
JE003968,2025-11-24T13:18:00,Cash,Inventory,321082.77,CNY,manual,u003,Senior Accountant,False,Synthetic journal entry for audit analytics
JE003969,2025-04-16T16:55:00,Accounts Receivable,Accounts Receivable,1284.28,CNY,automated,batch,System,False,Synthetic journal entry for audit analytics
JE003970,2025-08-13T09:13:00,Accounts Receivable,Inventory,7167.35,CNY,subledger,u003,Senior Accountant,False,Synthetic journal entry for audit analytics
JE003971,2025-07-10T15:05:00,Accounts Receivable,Inventory,1452002.77,CNY,automated,batch,System,False,Synthetic journal entry for audit analytics
JE003972,2025-03-22T09:30:00,Sales Returns,Accounts Receivable,6890.08,CNY,manual,u001,Accountant,False,Synthetic journal entry for audit analytics
JE003973,2025-11-20T15:22:00,Cash,Accounts Receivable,4643.27,CNY,subledger,u003,Senior Accountant,False,Synthetic journal entry for audit analytics
JE003974,2025-10-25T17:19:00,Sales Returns,Accounts Receivable,84342.45,CNY,automated,batch,System,False,Synthetic journal entry for audit analytics
JE003975,2025-06-16T10:53:00,Accounts Receivable,Accounts Receivable,20911.47,CNY,automated,batch,System,False,Synthetic journal entry for audit analytics
JE003976,2025-02-10T16:00:00,Sales Returns,Accounts Receivable,74506.78,CNY,automated,batch,System,False,Synthetic journal entry for audit analytics
JE003977,2025-03-07T11:41:00,Accounts Receivable,Revenue,82028.79,CNY,manual,u003,Senior Accountant,False,Synthetic journal entry for audit analytics
JE003978,2025-11-24T16:05:00,Cash,Accounts Receivable,730527.64,CNY,automated,batch,System,False,Synthetic journal entry for audit analytics
JE003979,2025-10-12T08:52:00,Sales Returns,Inventory,7097.98,CNY,subledger,u001,Accountant,False,Synthetic journal entry for audit analytics
JE003980,2025-12-22T12:00:00,Cash,Inventory,105743.65,CNY,manual,u001,Accountant,False,Synthetic journal entry for audit analytics
JE003981,2025-03-21T10:02:00,Sales Returns,Inventory,1190455.54,CNY,automated,batch,System,False,Synthetic journal entry for audit analytics
JE003982,2025-08-20T09:16:00,Sales Returns,Revenue,10927.83,CNY,automated,batch,System,False,Synthetic journal entry for audit analytics
JE003983,2025-10-01T15:22:00,Accounts Receivable,Inventory,7177.04,CNY,subledger,u001,Accountant,False,Synthetic journal entry for audit analytics
JE003984,2025-12-01T13:41:00,Sales Returns,Accounts Receivable,1108.1,CNY,automated,batch,System,False,Synthetic journal entry for audit analytics
JE003985,2025-11-28T17:29:00,Sales Returns,Accounts Receivable,600398.53,CNY,automated,batch,System,False,Synthetic journal entry for audit analytics
JE003986,2025-11-19T13:11:00,Cash,Inventory,1552119.35,CNY,automated,batch,System,False,Synthetic journal entry for audit analytics
JE003987,2025-09-02T16:52:00,Sales Returns,Revenue,138869.23,CNY,automated,batch,System,False,Synthetic journal entry for audit analytics
JE003988,2025-06-12T09:37:00,Cash,Accounts Receivable,1522.46,CNY,subledger,u001,Accountant,False,Synthetic journal entry for audit analytics
JE003989,2025-07-29T16:55:00,Accounts Receivable,Accounts Receivable,595587.73,CNY,automated,batch,System,False,Synthetic journal entry for audit analytics
JE003990,2025-05-16T08:27:00,Cash,Inventory,7071.6,CNY,subledger,u003,Senior Accountant,False,Synthetic journal entry for audit analytics
JE003991,2025-05-11T10:44:00,Cash,Revenue,2110.9,CNY,subledger,u002,Accountant,False,Synthetic journal entry for audit analytics
JE003992,2025-08-01T16:13:00,Sales Returns,Accounts Receivable,95675.36,CNY,automated,batch,System,False,Synthetic journal entry for audit analytics
JE003993,2025-01-02T08:07:00,Accounts Receivable,Accounts Receivable,832310.63,CNY,automated,batch,System,False,Synthetic journal entry for audit analytics
JE003994,2025-04-16T15:25:00,Accounts Receivable,Revenue,143259.54,CNY,subledger,u002,Accountant,False,Synthetic journal entry for audit analytics
JE003995,2025-05-25T08:32:00,Cash,Inventory,64821.2,CNY,manual,u001,Accountant,False,Synthetic journal entry for audit analytics
JE003996,2025-11-02T09:16:00,Cash,Inventory,26056.06,CNY,manual,u004,Controller,False,Synthetic journal entry for audit analytics
JE003997,2025-05-03T18:57:00,Accounts Receivable,Accounts Receivable,30326.74,CNY,subledger,u003,Senior Accountant,False,Synthetic journal entry for audit analytics
JE003998,2025-12-29T12:24:00,Accounts Receivable,Inventory,511567.77,CNY,automated,batch,System,False,Synthetic journal entry for audit analytics
JE003999,2025-01-28T18:13:00,Cash,Revenue,2819.73,CNY,subledger,u003,Senior Accountant,False,Synthetic journal entry for audit analytics
JE004000,2025-06-13T17:01:00,Cash,Revenue,422275.02,CNY,subledger,u005,CFO,False,Synthetic journal entry for audit analytics
JE004001,2025-12-21T09:08:00,Sales Returns,Inventory,3084.9,CNY,subledger,u001,Accountant,False,Synthetic journal entry for audit analytics
JE004002,2025-10-14T11:28:00,Sales Returns,Inventory,1179.36,CNY,manual,u003,Senior Accountant,False,Synthetic journal entry for audit analytics
JE004003,2025-03-20T16:43:00,Cash,Inventory,2151.09,CNY,manual,u003,Senior Accountant,False,Synthetic journal entry for audit analytics
JE004004,2025-08-24T18:52:00,Accounts Receivable,Inventory,211828.17,CNY,automated,batch,System,False,Synthetic journal entry for audit analytics
JE004005,2025-02-27T11:29:00,Cash,Accounts Receivable,29841.64,CNY,manual,u001,Accountant,False,Synthetic journal entry for audit analytics
JE004006,2025-06-17T17:14:00,Cash,Accounts Receivable,7551.62,CNY,automated,batch,System,False,Synthetic journal entry for audit analytics
JE004007,2025-05-14T13:03:00,Sales Returns,Inventory,119062.26,CNY,manual,u003,Senior Accountant,False,Synthetic journal entry for audit analytics
JE004008,2025-04-12T09:44:00,Accounts Receivable,Accounts Receivable,151106.84,CNY,manual,u002,Accountant,False,Synthetic journal entry for audit analytics
JE004009,2025-09-09T09:29:00,Sales Returns,Revenue,1330.01,CNY,manual,u001,Accountant,False,Synthetic journal entry for audit analytics
JE004010,2025-07-16T17:16:00,Sales Returns,Inventory,184596.27,CNY,subledger,u001,Accountant,False,Synthetic journal entry for audit analytics
JE004011,2025-11-04T08:31:00,Sales Returns,Accounts Receivable,517583.58,CNY,subledger,u001,Accountant,False,Synthetic journal entry for audit analytics
JE004012,2025-06-02T10:43:00,Cash,Accounts Receivable,478077.36,CNY,manual,u001,Accountant,False,Synthetic journal entry for audit analytics
JE004013,2025-03-19T17:28:00,Sales Returns,Inventory,254911.78,CNY,automated,batch,System,False,Synthetic journal entry for audit analytics
JE004014,2025-07-02T10:21:00,Sales Returns,Accounts Receivable,2321.13,CNY,automated,batch,System,False,Synthetic journal entry for audit analytics
JE004015,2025-10-15T13:01:00,Accounts Receivable,Revenue,11290.29,CNY,manual,u001,Accountant,False,Synthetic journal entry for audit analytics
JE004016,2025-04-27T11:17:00,Sales Returns,Inventory,6689.26,CNY,manual,u002,Accountant,False,Synthetic journal entry for audit analytics
JE004017,2025-11-10T08:47:00,Sales Returns,Accounts Receivable,44763.89,CNY,subledger,u003,Senior Accountant,False,Synthetic journal entry for audit analytics
JE004018,2025-03-06T15:30:00,Cash,Revenue,16236.01,CNY,manual,u003,Senior Accountant,False,Synthetic journal entry for audit analytics
JE004019,2025-11-16T15:58:00,Cash,Revenue,50741.36,CNY,manual,u002,Accountant,False,Synthetic journal entry for audit analytics
JE004020,2025-11-18T13:37:00,Cash,Accounts Receivable,954022.65,CNY,automated,batch,System,False,Synthetic journal entry for audit analytics
JE004021,2025-12-31T09:58:00,Cash,Revenue,1291815.74,CNY,manual,u004,Controller,False,Synthetic journal entry for audit analytics
JE004022,2025-01-09T15:22:00,Accounts Receivable,Accounts Receivable,16671.77,CNY,automated,batch,System,False,Synthetic journal entry for audit analytics
JE004023,2025-02-05T15:00:00,Sales Returns,Accounts Receivable,472626.3,CNY,automated,batch,System,False,Synthetic journal entry for audit analytics
JE004024,2025-12-18T08:34:00,Accounts Receivable,Accounts Receivable,17515.15,CNY,manual,u002,Accountant,False,Synthetic journal entry for audit analytics
JE004025,2025-01-28T14:06:00,Cash,Inventory,308248.23,CNY,subledger,u003,Senior Accountant,False,Synthetic journal entry for audit analytics
JE004026,2025-01-14T17:12:00,Sales Returns,Revenue,116809.31,CNY,manual,u002,Accountant,False,Synthetic journal entry for audit analytics
JE004027,2025-08-13T15:54:00,Sales Returns,Inventory,1581283.09,CNY,automated,batch,System,False,Synthetic journal entry for audit analytics
JE004028,2025-07-14T17:15:00,Cash,Inventory,1081283.94,CNY,manual,u001,Accountant,False,Synthetic journal entry for audit analytics
JE004029,2025-11-26T08:54:00,Accounts Receivable,Accounts Receivable,5707.95,CNY,automated,batch,System,False,Synthetic journal entry for audit analytics
JE004030,2025-07-14T14:28:00,Sales Returns,Revenue,3948.07,CNY,automated,batch,System,False,Synthetic journal entry for audit analytics
JE004031,2025-05-27T14:21:00,Cash,Revenue,56525.85,CNY,manual,u002,Accountant,False,Synthetic journal entry for audit analytics
JE004032,2025-01-15T12:08:00,Accounts Receivable,Accounts Receivable,194258.64,CNY,manual,u001,Accountant,False,Synthetic journal entry for audit analytics
JE004033,2025-01-31T17:07:00,Accounts Receivable,Inventory,8680.77,CNY,manual,u003,Senior Accountant,False,Synthetic journal entry for audit analytics
JE004034,2025-02-13T09:19:00,Cash,Inventory,70086.86,CNY,manual,u002,Accountant,False,Synthetic journal entry for audit analytics
JE004035,2025-05-30T12:26:00,Accounts Receivable,Accounts Receivable,6733.49,CNY,subledger,u002,Accountant,False,Synthetic journal entry for audit analytics
JE004036,2025-08-14T16:49:00,Accounts Receivable,Revenue,157535.39,CNY,manual,u002,Accountant,False,Synthetic journal entry for audit analytics
JE004037,2025-03-03T16:11:00,Sales Returns,Revenue,34410.94,CNY,automated,batch,System,False,Synthetic journal entry for audit analytics
JE004038,2025-08-02T17:19:00,Accounts Receivable,Revenue,1052.72,CNY,automated,batch,System,False,Synthetic journal entry for audit analytics
JE004039,2025-01-14T15:58:00,Cash,Accounts Receivable,221813.54,CNY,manual,u002,Accountant,False,Synthetic journal entry for audit analytics
JE004040,2025-06-04T08:06:00,Sales Returns,Revenue,660137.13,CNY,subledger,u003,Senior Accountant,False,Synthetic journal entry for audit analytics
JE004041,2025-11-07T10:45:00,Cash,Revenue,87580.4,CNY,manual,u001,Accountant,False,Synthetic journal entry for audit analytics
JE004042,2025-06-15T11:52:00,Sales Returns,Inventory,1347.76,CNY,manual,u002,Accountant,False,Synthetic journal entry for audit analytics
JE004043,2025-03-24T15:17:00,Cash,Revenue,982705.44,CNY,automated,batch,System,False,Synthetic journal entry for audit analytics
JE004044,2025-03-07T14:01:00,Sales Returns,Accounts Receivable,49260.0,CNY,automated,batch,System,False,Synthetic journal entry for audit analytics
JE004045,2025-06-06T08:54:00,Sales Returns,Inventory,1197.93,CNY,subledger,u001,Accountant,False,Synthetic journal entry for audit analytics
JE004046,2025-10-20T08:05:00,Cash,Inventory,9703.78,CNY,manual,u001,Accountant,False,Synthetic journal entry for audit analytics
JE004047,2025-04-03T18:50:00,Sales Returns,Revenue,700113.91,CNY,manual,u002,Accountant,False,Synthetic journal entry for audit analytics
JE004048,2025-05-30T10:57:00,Cash,Accounts Receivable,679001.66,CNY,manual,u001,Accountant,False,Synthetic journal entry for audit analytics
JE004049,2025-03-10T08:14:00,Sales Returns,Accounts Receivable,161419.4,CNY,manual,u003,Senior Accountant,False,Synthetic journal entry for audit analytics
JE004050,2025-06-06T08:02:00,Cash,Revenue,1674.95,CNY,manual,u003,Senior Accountant,False,Synthetic journal entry for audit analytics
JE004051,2025-06-30T10:24:00,Sales Returns,Accounts Receivable,694053.14,CNY,subledger,u001,Accountant,False,Synthetic journal entry for audit analytics
JE004052,2025-01-03T14:50:00,Sales Returns,Inventory,1754.07,CNY,automated,batch,System,False,Synthetic journal entry for audit analytics
JE004053,2025-03-30T16:52:00,Accounts Receivable,Accounts Receivable,3112.59,CNY,subledger,u001,Accountant,False,Synthetic journal entry for audit analytics
JE004054,2025-04-12T12:04:00,Sales Returns,Accounts Receivable,3359.95,CNY,manual,u004,Controller,False,Synthetic journal entry for audit analytics
JE004055,2025-12-22T08:46:00,Accounts Receivable,Inventory,957949.93,CNY,manual,u001,Accountant,False,Synthetic journal entry for audit analytics
JE004056,2025-03-02T08:10:00,Sales Returns,Revenue,190391.68,CNY,manual,u001,Accountant,False,Synthetic journal entry for audit analytics
JE004057,2025-09-16T16:44:00,Accounts Receivable,Inventory,57795.76,CNY,automated,batch,System,False,Synthetic journal entry for audit analytics
JE004058,2025-07-16T15:43:00,Sales Returns,Inventory,4160.24,CNY,automated,batch,System,False,Synthetic journal entry for audit analytics
JE004059,2025-02-27T12:55:00,Accounts Receivable,Accounts Receivable,77856.41,CNY,subledger,u005,CFO,False,Synthetic journal entry for audit analytics
JE004060,2025-01-15T15:33:00,Sales Returns,Inventory,344105.13,CNY,manual,u001,Accountant,False,Synthetic journal entry for audit analytics
JE004061,2025-09-18T18:59:00,Sales Returns,Revenue,11515.43,CNY,automated,batch,System,False,Synthetic journal entry for audit analytics
JE004062,2025-08-24T17:14:00,Cash,Inventory,11649.02,CNY,automated,batch,System,False,Synthetic journal entry for audit analytics
JE004063,2025-07-17T17:20:00,Accounts Receivable,Accounts Receivable,513983.28,CNY,subledger,u002,Accountant,False,Synthetic journal entry for audit analytics
JE004064,2025-04-02T12:48:00,Cash,Inventory,2510.39,CNY,manual,u001,Accountant,False,Synthetic journal entry for audit analytics
JE004065,2025-01-07T14:37:00,Accounts Receivable,Revenue,1274430.41,CNY,manual,u002,Accountant,False,Synthetic journal entry for audit analytics
JE004066,2025-01-14T17:56:00,Cash,Revenue,1735.57,CNY,manual,u002,Accountant,False,Synthetic journal entry for audit analytics
JE004067,2025-01-24T08:09:00,Accounts Receivable,Accounts Receivable,15938.72,CNY,manual,u001,Accountant,False,Synthetic journal entry for audit analytics
JE004068,2025-02-04T13:17:00,Cash,Accounts Receivable,3960.8,CNY,automated,batch,System,False,Synthetic journal entry for audit analytics
JE004069,2025-03-11T12:39:00,Sales Returns,Inventory,49762.81,CNY,automated,batch,System,False,Synthetic journal entry for audit analytics
JE004070,2025-08-12T16:04:00,Cash,Inventory,9371.84,CNY,manual,u002,Accountant,False,Synthetic journal entry for audit analytics
JE004071,2025-02-23T14:46:00,Cash,Revenue,2873.15,CNY,manual,u001,Accountant,False,Synthetic journal entry for audit analytics
JE004072,2025-12-12T17:52:00,Accounts Receivable,Revenue,56285.92,CNY,manual,u001,Accountant,False,Synthetic journal entry for audit analytics
JE004073,2025-11-07T11:35:00,Cash,Revenue,84642.33,CNY,manual,u003,Senior Accountant,False,Synthetic journal entry for audit analytics
JE004074,2025-07-14T15:49:00,Accounts Receivable,Accounts Receivable,3636.34,CNY,manual,u002,Accountant,False,Synthetic journal entry for audit analytics
JE004075,2025-03-01T17:39:00,Cash,Accounts Receivable,5192.01,CNY,automated,batch,System,False,Synthetic journal entry for audit analytics
JE004076,2025-01-03T18:59:00,Sales Returns,Revenue,23242.14,CNY,subledger,u001,Accountant,False,Synthetic journal entry for audit analytics
JE004077,2025-02-16T08:08:00,Accounts Receivable,Revenue,137981.4,CNY,manual,u001,Accountant,False,Synthetic journal entry for audit analytics
JE004078,2025-10-21T15:11:00,Accounts Receivable,Accounts Receivable,33434.97,CNY,manual,u003,Senior Accountant,False,Synthetic journal entry for audit analytics
JE004079,2025-07-04T12:23:00,Sales Returns,Inventory,13421.29,CNY,manual,u003,Senior Accountant,False,Synthetic journal entry for audit analytics
JE004080,2025-11-30T13:37:00,Sales Returns,Revenue,1341.37,CNY,manual,u002,Accountant,False,Synthetic journal entry for audit analytics
JE004081,2025-03-13T13:03:00,Cash,Accounts Receivable,9933.37,CNY,manual,u001,Accountant,False,Synthetic journal entry for audit analytics
JE004082,2025-07-02T15:14:00,Cash,Revenue,671445.12,CNY,manual,u001,Accountant,False,Synthetic journal entry for audit analytics
JE004083,2025-08-11T08:59:00,Sales Returns,Accounts Receivable,13112.46,CNY,subledger,u002,Accountant,False,Synthetic journal entry for audit analytics
JE004084,2025-11-06T15:16:00,Sales Returns,Revenue,82265.72,CNY,automated,batch,System,False,Synthetic journal entry for audit analytics
JE004085,2025-07-12T18:31:00,Cash,Inventory,6428.4,CNY,manual,u002,Accountant,False,Synthetic journal entry for audit analytics
JE004086,2025-10-23T12:01:00,Accounts Receivable,Revenue,44060.59,CNY,manual,u001,Accountant,False,Synthetic journal entry for audit analytics
JE004087,2025-11-03T17:24:00,Cash,Inventory,20546.31,CNY,manual,u004,Controller,False,Synthetic journal entry for audit analytics
JE004088,2025-04-18T18:36:00,Cash,Inventory,4794.6,CNY,manual,u004,Controller,False,Synthetic journal entry for audit analytics
JE004089,2025-04-25T17:07:00,Sales Returns,Accounts Receivable,56339.47,CNY,manual,u002,Accountant,False,Synthetic journal entry for audit analytics
JE004090,2025-01-13T18:31:00,Accounts Receivable,Accounts Receivable,15353.5,CNY,subledger,u003,Senior Accountant,False,Synthetic journal entry for audit analytics
JE004091,2025-08-01T15:07:00,Sales Returns,Revenue,15594.1,CNY,automated,batch,System,False,Synthetic journal entry for audit analytics
JE004092,2025-04-16T17:03:00,Accounts Receivable,Accounts Receivable,109401.08,CNY,manual,u002,Accountant,False,Synthetic journal entry for audit analytics
JE004093,2025-04-23T16:27:00,Sales Returns,Inventory,237463.27,CNY,manual,u003,Senior Accountant,False,Synthetic journal entry for audit analytics
JE004094,2025-06-05T11:26:00,Cash,Revenue,11882.48,CNY,manual,u001,Accountant,False,Synthetic journal entry for audit analytics
JE004095,2025-10-21T09:20:00,Accounts Receivable,Accounts Receivable,342195.42,CNY,manual,u001,Accountant,False,Synthetic journal entry for audit analytics
JE004096,2025-11-05T17:26:00,Cash,Inventory,859479.57,CNY,automated,batch,System,False,Synthetic journal entry for audit analytics
JE004097,2025-03-25T08:26:00,Cash,Revenue,420436.98,CNY,automated,batch,System,False,Synthetic journal entry for audit analytics
JE004098,2025-04-30T18:36:00,Cash,Inventory,12045.15,CNY,automated,batch,System,False,Synthetic journal entry for audit analytics
JE004099,2025-09-04T08:02:00,Sales Returns,Accounts Receivable,12935.18,CNY,automated,batch,System,False,Synthetic journal entry for audit analytics
JE004100,2025-08-07T18:25:00,Sales Returns,Accounts Receivable,80611.8,CNY,manual,u001,Accountant,False,Synthetic journal entry for audit analytics
JE004101,2025-10-15T09:02:00,Accounts Receivable,Revenue,1102670.91,CNY,subledger,u002,Accountant,False,Synthetic journal entry for audit analytics
JE004102,2025-09-23T12:40:00,Sales Returns,Inventory,3363.68,CNY,manual,u001,Accountant,False,Synthetic journal entry for audit analytics
JE004103,2025-10-15T16:11:00,Accounts Receivable,Accounts Receivable,1157096.38,CNY,automated,batch,System,False,Synthetic journal entry for audit analytics
JE004104,2025-05-01T10:45:00,Cash,Revenue,90885.27,CNY,automated,batch,System,False,Synthetic journal entry for audit analytics
JE004105,2025-03-08T09:09:00,Sales Returns,Inventory,8495.42,CNY,subledger,u002,Accountant,False,Synthetic journal entry for audit analytics
JE004106,2025-07-06T10:27:00,Accounts Receivable,Revenue,276000.89,CNY,automated,batch,System,False,Synthetic journal entry for audit analytics
JE004107,2025-06-18T14:49:00,Sales Returns,Inventory,971479.88,CNY,automated,batch,System,False,Synthetic journal entry for audit analytics
JE004108,2025-02-22T10:35:00,Sales Returns,Accounts Receivable,307525.64,CNY,automated,batch,System,False,Synthetic journal entry for audit analytics
JE004109,2025-04-16T11:46:00,Accounts Receivable,Revenue,5399.84,CNY,manual,u003,Senior Accountant,False,Synthetic journal entry for audit analytics
JE004110,2025-07-25T09:18:00,Cash,Revenue,4015.85,CNY,subledger,u002,Accountant,False,Synthetic journal entry for audit analytics
JE004111,2025-02-19T18:06:00,Accounts Receivable,Revenue,4356.6,CNY,manual,u001,Accountant,False,Synthetic journal entry for audit analytics
JE004112,2025-05-31T10:33:00,Cash,Accounts Receivable,39388.51,CNY,automated,batch,System,False,Synthetic journal entry for audit analytics
JE004113,2025-01-26T15:56:00,Sales Returns,Accounts Receivable,1730.23,CNY,manual,u001,Accountant,False,Synthetic journal entry for audit analytics
JE004114,2025-09-13T17:29:00,Cash,Inventory,3907.1,CNY,subledger,u002,Accountant,False,Synthetic journal entry for audit analytics
JE004115,2025-12-24T16:11:00,Accounts Receivable,Inventory,1224081.61,CNY,automated,batch,System,False,Synthetic journal entry for audit analytics
JE004116,2025-12-03T12:29:00,Accounts Receivable,Revenue,982527.56,CNY,subledger,u001,Accountant,False,Synthetic journal entry for audit analytics
JE004117,2025-12-09T12:08:00,Cash,Inventory,5600.63,CNY,subledger,u002,Accountant,False,Synthetic journal entry for audit analytics
JE004118,2025-02-11T18:01:00,Accounts Receivable,Inventory,16640.02,CNY,manual,u002,Accountant,False,Synthetic journal entry for audit analytics
JE004119,2025-07-05T16:03:00,Sales Returns,Accounts Receivable,11008.52,CNY,subledger,u002,Accountant,False,Synthetic journal entry for audit analytics
JE004120,2025-05-06T11:47:00,Sales Returns,Inventory,3019.41,CNY,manual,u002,Accountant,False,Synthetic journal entry for audit analytics
JE004121,2025-04-01T18:49:00,Sales Returns,Accounts Receivable,931969.32,CNY,manual,u002,Accountant,False,Synthetic journal entry for audit analytics
JE004122,2025-09-15T08:57:00,Sales Returns,Inventory,120765.32,CNY,manual,u002,Accountant,False,Synthetic journal entry for audit analytics
JE004123,2025-11-26T16:25:00,Sales Returns,Inventory,207160.18,CNY,manual,u001,Accountant,False,Synthetic journal entry for audit analytics
JE004124,2025-05-05T14:55:00,Cash,Revenue,784243.18,CNY,automated,batch,System,False,Synthetic journal entry for audit analytics
JE004125,2025-07-14T10:44:00,Sales Returns,Inventory,2657.29,CNY,automated,batch,System,False,Synthetic journal entry for audit analytics
JE004126,2025-05-02T18:23:00,Sales Returns,Revenue,1827.17,CNY,manual,u001,Accountant,False,Synthetic journal entry for audit analytics
JE004127,2025-03-18T11:45:00,Sales Returns,Accounts Receivable,1057.42,CNY,manual,u002,Accountant,False,Synthetic journal entry for audit analytics
JE004128,2025-05-30T12:56:00,Accounts Receivable,Revenue,14082.53,CNY,subledger,u001,Accountant,False,Synthetic journal entry for audit analytics
JE004129,2025-12-07T15:13:00,Accounts Receivable,Inventory,6734.78,CNY,automated,batch,System,False,Synthetic journal entry for audit analytics
JE004130,2025-07-30T09:37:00,Sales Returns,Accounts Receivable,324883.2,CNY,automated,batch,System,False,Synthetic journal entry for audit analytics
JE004131,2025-11-06T17:39:00,Cash,Accounts Receivable,1431923.54,CNY,manual,u002,Accountant,False,Synthetic journal entry for audit analytics
JE004132,2025-07-17T11:44:00,Sales Returns,Inventory,938128.89,CNY,manual,u001,Accountant,False,Synthetic journal entry for audit analytics
JE004133,2025-06-16T13:46:00,Cash,Accounts Receivable,338328.6,CNY,manual,u002,Accountant,False,Synthetic journal entry for audit analytics
JE004134,2025-02-26T15:50:00,Cash,Accounts Receivable,16301.56,CNY,manual,u001,Accountant,False,Synthetic journal entry for audit analytics
JE004135,2025-06-29T10:45:00,Sales Returns,Accounts Receivable,139658.85,CNY,automated,batch,System,False,Synthetic journal entry for audit analytics
JE004136,2025-10-31T16:43:00,Cash,Inventory,31593.55,CNY,automated,batch,System,False,Synthetic journal entry for audit analytics
JE004137,2025-12-30T15:34:00,Accounts Receivable,Accounts Receivable,264008.68,CNY,automated,batch,System,False,Synthetic journal entry for audit analytics
JE004138,2025-03-03T13:26:00,Cash,Revenue,75324.63,CNY,automated,batch,System,False,Synthetic journal entry for audit analytics
JE004139,2025-08-15T11:01:00,Sales Returns,Inventory,54575.29,CNY,manual,u003,Senior Accountant,False,Synthetic journal entry for audit analytics
JE004140,2025-01-14T15:11:00,Accounts Receivable,Revenue,6672.23,CNY,manual,u002,Accountant,False,Synthetic journal entry for audit analytics
JE004141,2025-03-12T12:52:00,Sales Returns,Inventory,24477.86,CNY,manual,u002,Accountant,False,Synthetic journal entry for audit analytics
JE004142,2025-10-08T12:20:00,Accounts Receivable,Accounts Receivable,1019643.82,CNY,manual,u001,Accountant,False,Synthetic journal entry for audit analytics
JE004143,2025-03-11T16:58:00,Accounts Receivable,Accounts Receivable,10591.83,CNY,automated,batch,System,False,Synthetic journal entry for audit analytics
JE004144,2025-11-05T14:14:00,Cash,Inventory,4497.15,CNY,automated,batch,System,False,Synthetic journal entry for audit analytics
JE004145,2025-05-16T11:30:00,Sales Returns,Accounts Receivable,2025.04,CNY,automated,batch,System,False,Synthetic journal entry for audit analytics
JE004146,2025-03-02T12:07:00,Sales Returns,Inventory,14577.89,CNY,manual,u001,Accountant,False,Synthetic journal entry for audit analytics
JE004147,2025-06-02T12:54:00,Sales Returns,Inventory,179496.89,CNY,manual,u002,Accountant,False,Synthetic journal entry for audit analytics
JE004148,2025-12-27T14:06:00,Accounts Receivable,Inventory,50652.42,CNY,automated,batch,System,False,Synthetic journal entry for audit analytics
JE004149,2025-08-26T17:36:00,Sales Returns,Revenue,1219034.04,CNY,manual,u003,Senior Accountant,False,Synthetic journal entry for audit analytics
JE004150,2025-02-17T09:30:00,Sales Returns,Inventory,96315.69,CNY,subledger,u001,Accountant,False,Synthetic journal entry for audit analytics
JE004151,2025-03-11T09:33:00,Cash,Revenue,252402.94,CNY,manual,u001,Accountant,False,Synthetic journal entry for audit analytics
JE004152,2025-03-10T10:33:00,Accounts Receivable,Accounts Receivable,3719.38,CNY,manual,u003,Senior Accountant,False,Synthetic journal entry for audit analytics
JE004153,2025-01-20T11:22:00,Accounts Receivable,Revenue,531198.83,CNY,subledger,u002,Accountant,False,Synthetic journal entry for audit analytics
JE004154,2025-10-15T11:13:00,Cash,Revenue,1331534.02,CNY,manual,u003,Senior Accountant,False,Synthetic journal entry for audit analytics
JE004155,2025-12-14T10:22:00,Cash,Accounts Receivable,7156.7,CNY,subledger,u002,Accountant,False,Synthetic journal entry for audit analytics
JE004156,2025-05-31T10:45:00,Cash,Accounts Receivable,19255.84,CNY,subledger,u001,Accountant,False,Synthetic journal entry for audit analytics
JE004157,2025-04-21T17:33:00,Sales Returns,Revenue,3035.59,CNY,manual,u001,Accountant,False,Synthetic journal entry for audit analytics
JE004158,2025-12-01T18:51:00,Accounts Receivable,Inventory,121312.51,CNY,manual,u001,Accountant,False,Synthetic journal entry for audit analytics
JE004159,2025-02-10T08:19:00,Cash,Accounts Receivable,26478.09,CNY,manual,u004,Controller,False,Synthetic journal entry for audit analytics
JE004160,2025-07-17T18:27:00,Cash,Accounts Receivable,22530.74,CNY,automated,batch,System,False,Synthetic journal entry for audit analytics
JE004161,2025-08-26T16:02:00,Sales Returns,Revenue,4089.96,CNY,subledger,u003,Senior Accountant,False,Synthetic journal entry for audit analytics
JE004162,2025-06-26T17:28:00,Cash,Inventory,37941.43,CNY,manual,u002,Accountant,False,Synthetic journal entry for audit analytics
JE004163,2025-08-13T17:10:00,Cash,Inventory,506796.17,CNY,automated,batch,System,False,Synthetic journal entry for audit analytics
JE004164,2025-05-10T18:55:00,Sales Returns,Revenue,24094.16,CNY,automated,batch,System,False,Synthetic journal entry for audit analytics
JE004165,2025-10-18T15:43:00,Cash,Inventory,696792.35,CNY,manual,u001,Accountant,False,Synthetic journal entry for audit analytics
JE004166,2025-12-07T11:02:00,Cash,Inventory,7906.13,CNY,subledger,u001,Accountant,False,Synthetic journal entry for audit analytics
JE004167,2025-12-21T14:20:00,Sales Returns,Revenue,425845.31,CNY,manual,u002,Accountant,False,Synthetic journal entry for audit analytics
JE004168,2025-09-21T16:46:00,Cash,Accounts Receivable,11015.58,CNY,manual,u001,Accountant,False,Synthetic journal entry for audit analytics
JE004169,2025-12-25T12:38:00,Sales Returns,Inventory,521903.2,CNY,subledger,u001,Accountant,False,Synthetic journal entry for audit analytics
JE004170,2025-03-07T09:04:00,Cash,Revenue,444375.65,CNY,subledger,u001,Accountant,False,Synthetic journal entry for audit analytics
JE004171,2025-08-04T12:42:00,Cash,Inventory,398409.14,CNY,manual,u001,Accountant,False,Synthetic journal entry for audit analytics
JE004172,2025-02-19T12:35:00,Accounts Receivable,Inventory,2250.02,CNY,subledger,u001,Accountant,False,Synthetic journal entry for audit analytics
JE004173,2025-01-13T11:27:00,Accounts Receivable,Accounts Receivable,257607.6,CNY,automated,batch,System,False,Synthetic journal entry for audit analytics
JE004174,2025-12-13T18:12:00,Accounts Receivable,Inventory,7468.9,CNY,manual,u002,Accountant,False,Synthetic journal entry for audit analytics
JE004175,2025-06-23T14:30:00,Cash,Inventory,1761.03,CNY,manual,u002,Accountant,False,Synthetic journal entry for audit analytics
JE004176,2025-10-18T17:55:00,Sales Returns,Inventory,55757.28,CNY,automated,batch,System,False,Synthetic journal entry for audit analytics
JE004177,2025-09-16T12:33:00,Accounts Receivable,Inventory,5340.24,CNY,manual,u003,Senior Accountant,False,Synthetic journal entry for audit analytics
JE004178,2025-02-09T14:51:00,Sales Returns,Inventory,101049.45,CNY,subledger,u002,Accountant,False,Synthetic journal entry for audit analytics
JE004179,2025-11-13T08:08:00,Cash,Revenue,163060.58,CNY,manual,u003,Senior Accountant,False,Synthetic journal entry for audit analytics
JE004180,2025-04-29T18:08:00,Cash,Inventory,5140.99,CNY,subledger,u003,Senior Accountant,False,Synthetic journal entry for audit analytics
JE004181,2025-06-11T18:22:00,Accounts Receivable,Accounts Receivable,11112.69,CNY,manual,u002,Accountant,False,Synthetic journal entry for audit analytics
JE004182,2025-11-14T15:49:00,Sales Returns,Inventory,185358.23,CNY,automated,batch,System,False,Synthetic journal entry for audit analytics
JE004183,2025-11-11T14:47:00,Cash,Revenue,104391.99,CNY,manual,u003,Senior Accountant,False,Synthetic journal entry for audit analytics
JE004184,2025-03-12T18:55:00,Cash,Accounts Receivable,838300.16,CNY,manual,u003,Senior Accountant,False,Synthetic journal entry for audit analytics
JE004185,2025-08-01T08:20:00,Sales Returns,Revenue,30852.0,CNY,automated,batch,System,False,Synthetic journal entry for audit analytics
JE004186,2025-03-17T12:13:00,Cash,Accounts Receivable,59981.25,CNY,subledger,u002,Accountant,False,Synthetic journal entry for audit analytics
JE004187,2025-12-26T14:13:00,Cash,Revenue,807008.24,CNY,subledger,u001,Accountant,False,Synthetic journal entry for audit analytics
JE004188,2025-10-16T09:03:00,Accounts Receivable,Inventory,299276.66,CNY,manual,u001,Accountant,False,Synthetic journal entry for audit analytics
JE004189,2025-07-30T18:26:00,Cash,Revenue,50080.99,CNY,manual,u002,Accountant,False,Synthetic journal entry for audit analytics
JE004190,2025-10-12T12:51:00,Sales Returns,Inventory,1269.8,CNY,subledger,u001,Accountant,False,Synthetic journal entry for audit analytics
JE004191,2025-04-17T13:56:00,Accounts Receivable,Accounts Receivable,3003.9,CNY,automated,batch,System,False,Synthetic journal entry for audit analytics
JE004192,2025-12-12T14:52:00,Accounts Receivable,Accounts Receivable,77857.29,CNY,manual,u003,Senior Accountant,False,Synthetic journal entry for audit analytics
JE004193,2025-09-15T13:09:00,Accounts Receivable,Revenue,3590.19,CNY,manual,u001,Accountant,False,Synthetic journal entry for audit analytics
JE004194,2025-06-24T11:34:00,Accounts Receivable,Inventory,69029.1,CNY,automated,batch,System,False,Synthetic journal entry for audit analytics
JE004195,2025-05-25T15:53:00,Sales Returns,Inventory,617025.04,CNY,manual,u003,Senior Accountant,False,Synthetic journal entry for audit analytics
JE004196,2025-08-25T09:05:00,Sales Returns,Accounts Receivable,33398.64,CNY,automated,batch,System,False,Synthetic journal entry for audit analytics
JE004197,2025-02-13T13:06:00,Accounts Receivable,Revenue,171395.56,CNY,manual,u002,Accountant,False,Synthetic journal entry for audit analytics
JE004198,2025-06-21T15:35:00,Sales Returns,Revenue,211462.48,CNY,subledger,u002,Accountant,False,Synthetic journal entry for audit analytics
JE004199,2025-05-13T17:16:00,Cash,Revenue,1094819.37,CNY,manual,u003,Senior Accountant,False,Synthetic journal entry for audit analytics
JE004200,2025-09-29T10:18:00,Cash,Accounts Receivable,1713.29,CNY,automated,batch,System,False,Synthetic journal entry for audit analytics
JE004201,2025-12-03T09:36:00,Sales Returns,Inventory,1190.74,CNY,manual,u001,Accountant,False,Synthetic journal entry for audit analytics
JE004202,2025-09-20T18:41:00,Accounts Receivable,Revenue,9410.71,CNY,automated,batch,System,False,Synthetic journal entry for audit analytics
JE004203,2025-02-09T18:37:00,Cash,Accounts Receivable,26233.79,CNY,subledger,u003,Senior Accountant,False,Synthetic journal entry for audit analytics
JE004204,2025-07-16T12:45:00,Sales Returns,Revenue,1561.41,CNY,subledger,u002,Accountant,False,Synthetic journal entry for audit analytics
JE004205,2025-12-08T13:51:00,Sales Returns,Inventory,1044.03,CNY,manual,u002,Accountant,False,Synthetic journal entry for audit analytics
JE004206,2025-08-05T18:29:00,Cash,Inventory,3080.17,CNY,subledger,u001,Accountant,False,Synthetic journal entry for audit analytics
JE004207,2025-12-23T10:02:00,Cash,Revenue,1910.88,CNY,manual,u001,Accountant,False,Synthetic journal entry for audit analytics
JE004208,2025-08-14T12:40:00,Sales Returns,Revenue,122700.69,CNY,automated,batch,System,False,Synthetic journal entry for audit analytics
JE004209,2025-11-04T15:42:00,Cash,Inventory,56880.04,CNY,automated,batch,System,False,Synthetic journal entry for audit analytics
JE004210,2025-02-04T16:21:00,Accounts Receivable,Revenue,1749.98,CNY,manual,u001,Accountant,False,Synthetic journal entry for audit analytics
JE004211,2025-08-11T16:07:00,Accounts Receivable,Inventory,3839.88,CNY,subledger,u001,Accountant,False,Synthetic journal entry for audit analytics
JE004212,2025-10-07T17:38:00,Accounts Receivable,Accounts Receivable,134361.92,CNY,automated,batch,System,False,Synthetic journal entry for audit analytics
JE004213,2025-06-25T09:14:00,Sales Returns,Inventory,1155.76,CNY,manual,u002,Accountant,False,Synthetic journal entry for audit analytics
JE004214,2025-07-31T14:48:00,Accounts Receivable,Revenue,1186.52,CNY,manual,u001,Accountant,False,Synthetic journal entry for audit analytics
JE004215,2025-11-25T11:22:00,Sales Returns,Accounts Receivable,42816.39,CNY,manual,u001,Accountant,False,Synthetic journal entry for audit analytics
JE004216,2025-04-24T15:35:00,Cash,Inventory,6848.82,CNY,subledger,u001,Accountant,False,Synthetic journal entry for audit analytics
JE004217,2025-08-24T09:02:00,Accounts Receivable,Accounts Receivable,280185.31,CNY,subledger,u001,Accountant,False,Synthetic journal entry for audit analytics
JE004218,2025-08-15T14:41:00,Cash,Inventory,75062.97,CNY,automated,batch,System,False,Synthetic journal entry for audit analytics
JE004219,2025-03-12T18:54:00,Sales Returns,Accounts Receivable,1416142.19,CNY,manual,u002,Accountant,False,Synthetic journal entry for audit analytics
JE004220,2025-04-02T16:27:00,Sales Returns,Accounts Receivable,284706.61,CNY,subledger,u001,Accountant,False,Synthetic journal entry for audit analytics
JE004221,2025-02-24T16:27:00,Accounts Receivable,Accounts Receivable,11309.79,CNY,manual,u002,Accountant,False,Synthetic journal entry for audit analytics
JE004222,2025-04-14T08:00:00,Cash,Revenue,174916.86,CNY,automated,batch,System,False,Synthetic journal entry for audit analytics
JE004223,2025-01-22T14:47:00,Cash,Revenue,1474.51,CNY,manual,u003,Senior Accountant,False,Synthetic journal entry for audit analytics
JE004224,2025-05-14T11:56:00,Cash,Inventory,16325.5,CNY,manual,u001,Accountant,False,Synthetic journal entry for audit analytics
JE004225,2025-05-18T18:01:00,Cash,Inventory,3096.54,CNY,manual,u003,Senior Accountant,False,Synthetic journal entry for audit analytics
JE004226,2025-02-08T08:36:00,Cash,Inventory,8508.98,CNY,subledger,u001,Accountant,False,Synthetic journal entry for audit analytics
JE004227,2025-05-06T18:07:00,Sales Returns,Inventory,6590.6,CNY,manual,u002,Accountant,False,Synthetic journal entry for audit analytics
JE004228,2025-02-25T17:41:00,Accounts Receivable,Revenue,4474.86,CNY,automated,batch,System,False,Synthetic journal entry for audit analytics
JE004229,2025-06-06T10:06:00,Cash,Accounts Receivable,3674.66,CNY,manual,u001,Accountant,False,Synthetic journal entry for audit analytics
JE004230,2025-01-15T13:23:00,Sales Returns,Revenue,143443.19,CNY,automated,batch,System,False,Synthetic journal entry for audit analytics
JE004231,2025-12-07T18:38:00,Cash,Inventory,21057.71,CNY,subledger,u001,Accountant,False,Synthetic journal entry for audit analytics
JE004232,2025-10-24T09:08:00,Accounts Receivable,Inventory,3427.68,CNY,automated,batch,System,False,Synthetic journal entry for audit analytics
JE004233,2025-02-05T09:29:00,Sales Returns,Inventory,807683.52,CNY,manual,u002,Accountant,False,Synthetic journal entry for audit analytics
JE004234,2025-12-14T11:59:00,Cash,Inventory,8277.82,CNY,manual,u001,Accountant,False,Synthetic journal entry for audit analytics
JE004235,2025-11-15T10:05:00,Cash,Accounts Receivable,2587.7,CNY,automated,batch,System,False,Synthetic journal entry for audit analytics
JE004236,2025-04-14T18:04:00,Accounts Receivable,Inventory,3684.25,CNY,subledger,u003,Senior Accountant,False,Synthetic journal entry for audit analytics
JE004237,2025-06-21T08:16:00,Cash,Accounts Receivable,309943.28,CNY,manual,u001,Accountant,False,Synthetic journal entry for audit analytics
JE004238,2025-04-06T16:13:00,Sales Returns,Revenue,32242.45,CNY,automated,batch,System,False,Synthetic journal entry for audit analytics
JE004239,2025-02-06T15:28:00,Sales Returns,Revenue,24898.07,CNY,manual,u001,Accountant,False,Synthetic journal entry for audit analytics
JE004240,2025-11-26T16:56:00,Sales Returns,Accounts Receivable,3449.25,CNY,automated,batch,System,False,Synthetic journal entry for audit analytics
JE004241,2025-10-29T09:27:00,Sales Returns,Revenue,4184.25,CNY,automated,batch,System,False,Synthetic journal entry for audit analytics
JE004242,2025-10-08T17:07:00,Cash,Accounts Receivable,132081.74,CNY,automated,batch,System,False,Synthetic journal entry for audit analytics
JE004243,2025-05-31T11:51:00,Cash,Revenue,8591.38,CNY,subledger,u004,Controller,False,Synthetic journal entry for audit analytics
JE004244,2025-02-21T16:30:00,Sales Returns,Inventory,4445.96,CNY,subledger,u001,Accountant,False,Synthetic journal entry for audit analytics
JE004245,2025-03-31T15:24:00,Accounts Receivable,Revenue,319664.99,CNY,automated,batch,System,False,Synthetic journal entry for audit analytics
JE004246,2025-04-20T10:31:00,Cash,Accounts Receivable,16063.77,CNY,manual,u001,Accountant,False,Synthetic journal entry for audit analytics
JE004247,2025-06-21T09:27:00,Accounts Receivable,Revenue,8785.96,CNY,automated,batch,System,False,Synthetic journal entry for audit analytics
JE004248,2025-05-09T15:18:00,Accounts Receivable,Revenue,64282.55,CNY,manual,u001,Accountant,False,Synthetic journal entry for audit analytics
JE004249,2025-03-06T18:54:00,Cash,Revenue,89928.19,CNY,automated,batch,System,False,Synthetic journal entry for audit analytics
JE004250,2025-09-10T10:25:00,Sales Returns,Accounts Receivable,26847.76,CNY,automated,batch,System,False,Synthetic journal entry for audit analytics
JE004251,2025-01-05T18:56:00,Accounts Receivable,Inventory,2508.74,CNY,manual,u001,Accountant,False,Synthetic journal entry for audit analytics
JE004252,2025-01-12T15:53:00,Sales Returns,Inventory,2240.46,CNY,subledger,u002,Accountant,False,Synthetic journal entry for audit analytics
JE004253,2025-02-09T16:51:00,Cash,Accounts Receivable,216350.89,CNY,subledger,u001,Accountant,False,Synthetic journal entry for audit analytics
JE004254,2025-08-29T16:11:00,Accounts Receivable,Revenue,1341.94,CNY,subledger,u002,Accountant,False,Synthetic journal entry for audit analytics
JE004255,2025-07-24T18:07:00,Cash,Accounts Receivable,96030.42,CNY,automated,batch,System,False,Synthetic journal entry for audit analytics
JE004256,2025-02-28T09:53:00,Cash,Revenue,1640.01,CNY,subledger,u003,Senior Accountant,False,Synthetic journal entry for audit analytics
JE004257,2025-04-06T13:39:00,Accounts Receivable,Inventory,46889.5,CNY,manual,u001,Accountant,False,Synthetic journal entry for audit analytics
JE004258,2025-10-06T11:55:00,Accounts Receivable,Revenue,97435.84,CNY,automated,batch,System,False,Synthetic journal entry for audit analytics
JE004259,2025-09-13T13:07:00,Sales Returns,Accounts Receivable,212944.63,CNY,automated,batch,System,False,Synthetic journal entry for audit analytics
JE004260,2025-05-19T08:31:00,Sales Returns,Accounts Receivable,219943.21,CNY,manual,u003,Senior Accountant,False,Synthetic journal entry for audit analytics
JE004261,2025-06-12T16:02:00,Accounts Receivable,Inventory,426329.28,CNY,manual,u001,Accountant,False,Synthetic journal entry for audit analytics
JE004262,2025-01-17T14:28:00,Cash,Accounts Receivable,8580.09,CNY,manual,u001,Accountant,False,Synthetic journal entry for audit analytics
JE004263,2025-06-03T18:43:00,Cash,Accounts Receivable,118096.04,CNY,subledger,u001,Accountant,False,Synthetic journal entry for audit analytics
JE004264,2025-06-26T15:00:00,Accounts Receivable,Inventory,1125103.02,CNY,manual,u001,Accountant,False,Synthetic journal entry for audit analytics
JE004265,2025-07-10T18:46:00,Accounts Receivable,Revenue,457321.44,CNY,manual,u001,Accountant,False,Synthetic journal entry for audit analytics
JE004266,2025-10-18T09:31:00,Accounts Receivable,Accounts Receivable,1115445.47,CNY,manual,u002,Accountant,False,Synthetic journal entry for audit analytics
JE004267,2025-09-05T08:48:00,Sales Returns,Inventory,30704.81,CNY,manual,u001,Accountant,False,Synthetic journal entry for audit analytics
JE004268,2025-06-05T18:03:00,Cash,Revenue,5618.75,CNY,subledger,u002,Accountant,False,Synthetic journal entry for audit analytics
JE004269,2025-07-17T15:17:00,Sales Returns,Inventory,26646.57,CNY,manual,u001,Accountant,False,Synthetic journal entry for audit analytics
JE004270,2025-10-02T14:04:00,Accounts Receivable,Inventory,28775.34,CNY,manual,u003,Senior Accountant,False,Synthetic journal entry for audit analytics
JE004271,2025-11-28T17:00:00,Sales Returns,Inventory,644092.04,CNY,subledger,u004,Controller,False,Synthetic journal entry for audit analytics
JE004272,2025-01-26T11:55:00,Sales Returns,Revenue,5591.52,CNY,automated,batch,System,False,Synthetic journal entry for audit analytics
JE004273,2025-10-19T13:07:00,Sales Returns,Revenue,31744.12,CNY,manual,u001,Accountant,False,Synthetic journal entry for audit analytics
JE004274,2025-10-04T13:31:00,Sales Returns,Inventory,17414.35,CNY,subledger,u001,Accountant,False,Synthetic journal entry for audit analytics
JE004275,2025-04-14T13:48:00,Cash,Revenue,36129.18,CNY,subledger,u001,Accountant,False,Synthetic journal entry for audit analytics
JE004276,2025-05-13T10:51:00,Sales Returns,Inventory,4411.49,CNY,automated,batch,System,False,Synthetic journal entry for audit analytics
JE004277,2025-06-22T11:55:00,Accounts Receivable,Revenue,5436.13,CNY,subledger,u003,Senior Accountant,False,Synthetic journal entry for audit analytics
JE004278,2025-04-14T14:29:00,Cash,Accounts Receivable,11920.3,CNY,subledger,u001,Accountant,False,Synthetic journal entry for audit analytics
JE004279,2025-12-30T23:29:00,Other Receivables,Other Income,2000000,CNY,manual,u005,CFO,False,Synthetic journal entry for audit analytics
JE004280,2025-03-27T08:38:00,Accounts Receivable,Accounts Receivable,135307.98,CNY,manual,u001,Accountant,False,Synthetic journal entry for audit analytics
JE004281,2025-09-02T12:01:00,Accounts Receivable,Revenue,717662.4,CNY,subledger,u001,Accountant,False,Synthetic journal entry for audit analytics
JE004282,2025-11-22T14:35:00,Cash,Accounts Receivable,10422.53,CNY,manual,u001,Accountant,False,Synthetic journal entry for audit analytics
JE004283,2025-12-06T13:08:00,Sales Returns,Accounts Receivable,11784.35,CNY,manual,u003,Senior Accountant,False,Synthetic journal entry for audit analytics
JE004284,2025-12-27T14:13:00,Sales Returns,Inventory,1154.71,CNY,subledger,u002,Accountant,False,Synthetic journal entry for audit analytics
JE004285,2025-02-01T12:18:00,Cash,Accounts Receivable,560937.67,CNY,subledger,u001,Accountant,False,Synthetic journal entry for audit analytics
JE004286,2025-03-29T17:21:00,Sales Returns,Revenue,76737.85,CNY,automated,batch,System,False,Synthetic journal entry for audit analytics
JE004287,2025-02-08T14:49:00,Sales Returns,Inventory,71383.06,CNY,manual,u001,Accountant,False,Synthetic journal entry for audit analytics
JE004288,2025-09-02T13:35:00,Accounts Receivable,Accounts Receivable,9917.53,CNY,automated,batch,System,False,Synthetic journal entry for audit analytics
JE004289,2025-11-16T16:21:00,Accounts Receivable,Revenue,31524.42,CNY,subledger,u002,Accountant,False,Synthetic journal entry for audit analytics
JE004290,2025-05-14T09:19:00,Accounts Receivable,Revenue,632297.55,CNY,manual,u001,Accountant,False,Synthetic journal entry for audit analytics
JE004291,2025-05-12T18:58:00,Accounts Receivable,Accounts Receivable,246787.98,CNY,automated,batch,System,True,Synthetic journal entry for audit analytics
JE004292,2025-11-22T14:56:00,Cash,Accounts Receivable,5080.62,CNY,manual,u002,Accountant,False,Synthetic journal entry for audit analytics
JE004293,2025-11-28T16:30:00,Sales Returns,Revenue,35326.76,CNY,subledger,u003,Senior Accountant,False,Synthetic journal entry for audit analytics
JE004294,2025-10-17T16:00:00,Accounts Receivable,Accounts Receivable,251520.92,CNY,manual,u003,Senior Accountant,False,Synthetic journal entry for audit analytics
JE004295,2025-11-29T14:20:00,Sales Returns,Accounts Receivable,27278.32,CNY,automated,batch,System,False,Synthetic journal entry for audit analytics
JE004296,2025-06-23T16:39:00,Sales Returns,Accounts Receivable,44287.11,CNY,automated,batch,System,False,Synthetic journal entry for audit analytics
JE004297,2025-07-14T08:07:00,Sales Returns,Accounts Receivable,13686.51,CNY,manual,u001,Accountant,False,Synthetic journal entry for audit analytics
JE004298,2025-07-18T17:45:00,Sales Returns,Accounts Receivable,3705.77,CNY,manual,u003,Senior Accountant,False,Synthetic journal entry for audit analytics
JE004299,2025-05-27T12:00:00,Sales Returns,Inventory,1741.05,CNY,automated,batch,System,False,Synthetic journal entry for audit analytics
JE004300,2025-08-03T14:59:00,Accounts Receivable,Accounts Receivable,16383.11,CNY,manual,u004,Controller,False,Synthetic journal entry for audit analytics
JE004301,2025-05-01T14:09:00,Sales Returns,Accounts Receivable,97075.02,CNY,manual,u001,Accountant,False,Synthetic journal entry for audit analytics
JE004302,2025-09-28T10:56:00,Accounts Receivable,Revenue,15224.9,CNY,subledger,u003,Senior Accountant,False,Synthetic journal entry for audit analytics
JE004303,2025-08-19T10:17:00,Cash,Inventory,1088618.91,CNY,manual,u002,Accountant,False,Synthetic journal entry for audit analytics
JE004304,2025-01-03T16:35:00,Accounts Receivable,Accounts Receivable,25774.78,CNY,automated,batch,System,False,Synthetic journal entry for audit analytics
JE004305,2025-06-17T18:53:00,Sales Returns,Accounts Receivable,38155.28,CNY,manual,u001,Accountant,False,Synthetic journal entry for audit analytics
JE004306,2025-12-29T10:10:00,Accounts Receivable,Accounts Receivable,32456.89,CNY,subledger,u001,Accountant,False,Synthetic journal entry for audit analytics
JE004307,2025-12-12T15:20:00,Accounts Receivable,Inventory,381122.37,CNY,subledger,u003,Senior Accountant,False,Synthetic journal entry for audit analytics
JE004308,2025-01-02T17:53:00,Accounts Receivable,Inventory,12761.57,CNY,manual,u001,Accountant,False,Synthetic journal entry for audit analytics
JE004309,2025-06-18T14:33:00,Cash,Inventory,10470.7,CNY,subledger,u001,Accountant,False,Synthetic journal entry for audit analytics
JE004310,2025-02-15T12:16:00,Accounts Receivable,Revenue,137899.18,CNY,manual,u001,Accountant,False,Synthetic journal entry for audit analytics
JE004311,2025-02-07T18:24:00,Accounts Receivable,Inventory,242178.19,CNY,automated,batch,System,False,Synthetic journal entry for audit analytics
JE004312,2025-06-14T10:06:00,Sales Returns,Accounts Receivable,215112.33,CNY,automated,batch,System,False,Synthetic journal entry for audit analytics
JE004313,2025-09-15T15:09:00,Accounts Receivable,Accounts Receivable,14606.46,CNY,subledger,u002,Accountant,False,Synthetic journal entry for audit analytics
JE004314,2025-12-18T12:31:00,Cash,Accounts Receivable,159193.88,CNY,subledger,u002,Accountant,False,Synthetic journal entry for audit analytics
JE004315,2025-09-14T08:50:00,Sales Returns,Inventory,47279.58,CNY,automated,batch,System,False,Synthetic journal entry for audit analytics
JE004316,2025-02-05T13:51:00,Sales Returns,Accounts Receivable,31229.03,CNY,automated,batch,System,False,Synthetic journal entry for audit analytics
JE004317,2025-08-30T13:35:00,Sales Returns,Inventory,1174036.7,CNY,automated,batch,System,False,Synthetic journal entry for audit analytics
JE004318,2025-09-08T16:05:00,Sales Returns,Revenue,59279.68,CNY,automated,batch,System,False,Synthetic journal entry for audit analytics
JE004319,2025-03-21T18:20:00,Accounts Receivable,Inventory,878981.04,CNY,manual,u005,CFO,False,Synthetic journal entry for audit analytics
JE004320,2025-01-25T11:21:00,Accounts Receivable,Inventory,816333.71,CNY,automated,batch,System,False,Synthetic journal entry for audit analytics
JE004321,2025-10-21T18:41:00,Sales Returns,Inventory,262270.12,CNY,manual,u002,Accountant,False,Synthetic journal entry for audit analytics
JE004322,2025-12-19T17:11:00,Cash,Accounts Receivable,130199.35,CNY,automated,batch,System,False,Synthetic journal entry for audit analytics
JE004323,2025-08-04T09:01:00,Sales Returns,Inventory,259048.39,CNY,automated,batch,System,False,Synthetic journal entry for audit analytics
JE004324,2025-04-28T18:35:00,Accounts Receivable,Inventory,626234.33,CNY,subledger,u003,Senior Accountant,False,Synthetic journal entry for audit analytics
JE004325,2025-10-21T14:59:00,Accounts Receivable,Accounts Receivable,2022.07,CNY,manual,u003,Senior Accountant,False,Synthetic journal entry for audit analytics
JE004326,2025-05-14T12:18:00,Sales Returns,Accounts Receivable,3517.97,CNY,automated,batch,System,False,Synthetic journal entry for audit analytics
JE004327,2025-09-02T11:32:00,Accounts Receivable,Inventory,1081839.88,CNY,automated,batch,System,False,Synthetic journal entry for audit analytics
JE004328,2025-12-26T08:57:00,Cash,Accounts Receivable,181871.03,CNY,manual,u002,Accountant,False,Synthetic journal entry for audit analytics
JE004329,2025-02-16T09:58:00,Cash,Accounts Receivable,123924.97,CNY,automated,batch,System,False,Synthetic journal entry for audit analytics
JE004330,2025-08-29T17:14:00,Accounts Receivable,Revenue,235515.39,CNY,subledger,u002,Accountant,False,Synthetic journal entry for audit analytics
JE004331,2025-02-04T12:47:00,Cash,Inventory,19534.44,CNY,automated,batch,System,False,Synthetic journal entry for audit analytics
JE004332,2025-08-18T17:44:00,Sales Returns,Accounts Receivable,77073.96,CNY,manual,u002,Accountant,False,Synthetic journal entry for audit analytics
JE004333,2025-01-25T17:14:00,Sales Returns,Revenue,13921.19,CNY,subledger,u001,Accountant,False,Synthetic journal entry for audit analytics
JE004334,2025-07-06T16:28:00,Cash,Accounts Receivable,111493.05,CNY,automated,batch,System,False,Synthetic journal entry for audit analytics
JE004335,2025-03-03T12:33:00,Sales Returns,Revenue,9590.47,CNY,manual,u002,Accountant,False,Synthetic journal entry for audit analytics
JE004336,2025-04-29T13:50:00,Cash,Revenue,172431.94,CNY,manual,u003,Senior Accountant,False,Synthetic journal entry for audit analytics
JE004337,2025-01-04T12:09:00,Cash,Inventory,74624.08,CNY,manual,u004,Controller,False,Synthetic journal entry for audit analytics
JE004338,2025-06-25T14:33:00,Accounts Receivable,Revenue,37496.16,CNY,subledger,u001,Accountant,False,Synthetic journal entry for audit analytics
JE004339,2025-02-23T17:31:00,Accounts Receivable,Revenue,7021.26,CNY,automated,batch,System,False,Synthetic journal entry for audit analytics
JE004340,2025-02-07T16:40:00,Cash,Revenue,5130.06,CNY,automated,batch,System,False,Synthetic journal entry for audit analytics
JE004341,2025-06-23T09:28:00,Accounts Receivable,Inventory,13845.17,CNY,manual,u003,Senior Accountant,False,Synthetic journal entry for audit analytics
JE004342,2025-03-19T17:58:00,Cash,Revenue,27108.53,CNY,manual,u002,Accountant,False,Synthetic journal entry for audit analytics
JE004343,2025-10-01T13:36:00,Accounts Receivable,Inventory,190753.53,CNY,manual,u001,Accountant,False,Synthetic journal entry for audit analytics
JE004344,2025-01-28T11:17:00,Accounts Receivable,Inventory,235603.7,CNY,automated,batch,System,False,Synthetic journal entry for audit analytics
JE004345,2025-10-20T14:57:00,Sales Returns,Inventory,1274632.27,CNY,manual,u002,Accountant,False,Synthetic journal entry for audit analytics
JE004346,2025-08-22T17:55:00,Accounts Receivable,Accounts Receivable,140270.8,CNY,subledger,u001,Accountant,False,Synthetic journal entry for audit analytics
JE004347,2025-09-25T13:08:00,Sales Returns,Accounts Receivable,721323.56,CNY,automated,batch,System,False,Synthetic journal entry for audit analytics
JE004348,2025-12-06T14:37:00,Accounts Receivable,Revenue,1038037.36,CNY,automated,batch,System,False,Synthetic journal entry for audit analytics
JE004349,2025-02-20T18:30:00,Sales Returns,Revenue,776035.68,CNY,manual,u002,Accountant,False,Synthetic journal entry for audit analytics
JE004350,2025-03-22T16:07:00,Cash,Accounts Receivable,2760.03,CNY,manual,u003,Senior Accountant,False,Synthetic journal entry for audit analytics
JE004351,2025-12-20T08:31:00,Sales Returns,Accounts Receivable,15293.82,CNY,automated,batch,System,False,Synthetic journal entry for audit analytics
JE004352,2025-04-16T15:56:00,Accounts Receivable,Revenue,415376.58,CNY,manual,u005,CFO,False,Synthetic journal entry for audit analytics
JE004353,2025-12-04T13:37:00,Cash,Accounts Receivable,13277.99,CNY,manual,u002,Accountant,False,Synthetic journal entry for audit analytics
JE004354,2025-12-12T17:34:00,Sales Returns,Accounts Receivable,147204.92,CNY,manual,u002,Accountant,False,Synthetic journal entry for audit analytics
JE004355,2025-05-18T17:03:00,Accounts Receivable,Inventory,129656.62,CNY,automated,batch,System,False,Synthetic journal entry for audit analytics
JE004356,2025-10-23T18:57:00,Sales Returns,Inventory,3083.82,CNY,subledger,u004,Controller,False,Synthetic journal entry for audit analytics
JE004357,2025-03-12T15:07:00,Sales Returns,Inventory,5343.91,CNY,automated,batch,System,False,Synthetic journal entry for audit analytics
JE004358,2025-12-01T08:14:00,Accounts Receivable,Inventory,1294.58,CNY,automated,batch,System,False,Synthetic journal entry for audit analytics
JE004359,2025-05-16T10:53:00,Accounts Receivable,Inventory,376763.02,CNY,automated,batch,System,False,Synthetic journal entry for audit analytics
JE004360,2025-10-30T12:37:00,Sales Returns,Accounts Receivable,211861.02,CNY,manual,u001,Accountant,False,Synthetic journal entry for audit analytics
JE004361,2025-04-05T16:51:00,Sales Returns,Revenue,119131.43,CNY,subledger,u003,Senior Accountant,False,Synthetic journal entry for audit analytics
JE004362,2025-02-09T15:01:00,Accounts Receivable,Accounts Receivable,1190.87,CNY,subledger,u002,Accountant,False,Synthetic journal entry for audit analytics
JE004363,2025-12-24T18:03:00,Cash,Inventory,3691.79,CNY,automated,batch,System,False,Synthetic journal entry for audit analytics
JE004364,2025-05-25T12:45:00,Accounts Receivable,Inventory,1876.24,CNY,automated,batch,System,False,Synthetic journal entry for audit analytics
JE004365,2025-02-11T12:10:00,Accounts Receivable,Accounts Receivable,3344.55,CNY,manual,u003,Senior Accountant,False,Synthetic journal entry for audit analytics
JE004366,2025-04-19T10:44:00,Accounts Receivable,Accounts Receivable,9769.48,CNY,subledger,u001,Accountant,False,Synthetic journal entry for audit analytics
JE004367,2025-07-08T10:03:00,Sales Returns,Inventory,439745.87,CNY,manual,u001,Accountant,False,Synthetic journal entry for audit analytics
JE004368,2025-07-18T13:39:00,Accounts Receivable,Revenue,1591.25,CNY,manual,u001,Accountant,False,Synthetic journal entry for audit analytics
JE004369,2025-09-08T18:33:00,Sales Returns,Inventory,1540.47,CNY,manual,u004,Controller,False,Synthetic journal entry for audit analytics
JE004370,2025-04-20T08:04:00,Sales Returns,Accounts Receivable,58522.53,CNY,automated,batch,System,False,Synthetic journal entry for audit analytics
JE004371,2025-09-24T09:22:00,Cash,Revenue,8317.19,CNY,subledger,u001,Accountant,False,Synthetic journal entry for audit analytics
JE004372,2025-04-22T14:35:00,Accounts Receivable,Accounts Receivable,1294.16,CNY,automated,batch,System,False,Synthetic journal entry for audit analytics
JE004373,2025-07-14T13:29:00,Cash,Revenue,3868.03,CNY,manual,u002,Accountant,False,Synthetic journal entry for audit analytics
JE004374,2025-01-18T17:28:00,Sales Returns,Revenue,1131636.52,CNY,manual,u004,Controller,False,Synthetic journal entry for audit analytics
JE004375,2025-08-01T12:31:00,Cash,Revenue,65191.19,CNY,automated,batch,System,False,Synthetic journal entry for audit analytics
JE004376,2025-08-05T18:08:00,Sales Returns,Revenue,182366.6,CNY,manual,u002,Accountant,False,Synthetic journal entry for audit analytics
JE004377,2025-04-13T15:58:00,Cash,Accounts Receivable,1235607.17,CNY,automated,batch,System,False,Synthetic journal entry for audit analytics
JE004378,2025-08-02T08:32:00,Accounts Receivable,Accounts Receivable,6297.78,CNY,automated,batch,System,False,Synthetic journal entry for audit analytics
JE004379,2025-07-06T09:15:00,Sales Returns,Inventory,18183.14,CNY,automated,batch,System,False,Synthetic journal entry for audit analytics
JE004380,2025-08-23T15:57:00,Accounts Receivable,Inventory,1595.3,CNY,automated,batch,System,False,Synthetic journal entry for audit analytics
JE004381,2025-03-15T10:10:00,Sales Returns,Revenue,15492.63,CNY,subledger,u002,Accountant,False,Synthetic journal entry for audit analytics
JE004382,2025-12-04T13:13:00,Sales Returns,Inventory,12865.13,CNY,manual,u002,Accountant,False,Synthetic journal entry for audit analytics
JE004383,2025-01-16T18:54:00,Accounts Receivable,Accounts Receivable,19218.57,CNY,automated,batch,System,False,Synthetic journal entry for audit analytics
JE004384,2025-07-13T11:46:00,Sales Returns,Inventory,1603.87,CNY,manual,u002,Accountant,False,Synthetic journal entry for audit analytics
JE004385,2025-03-21T09:28:00,Accounts Receivable,Inventory,54176.26,CNY,manual,u001,Accountant,False,Synthetic journal entry for audit analytics
JE004386,2025-11-14T09:08:00,Accounts Receivable,Accounts Receivable,2137.2,CNY,manual,u001,Accountant,False,Synthetic journal entry for audit analytics
JE004387,2025-08-03T17:36:00,Sales Returns,Revenue,1369.22,CNY,manual,u002,Accountant,False,Synthetic journal entry for audit analytics
JE004388,2025-11-21T10:22:00,Cash,Inventory,176438.74,CNY,manual,u001,Accountant,False,Synthetic journal entry for audit analytics
JE004389,2025-08-11T09:22:00,Sales Returns,Inventory,1038495.24,CNY,automated,batch,System,False,Synthetic journal entry for audit analytics
JE004390,2025-11-06T08:58:00,Sales Returns,Accounts Receivable,1255491.2,CNY,subledger,u001,Accountant,False,Synthetic journal entry for audit analytics
JE004391,2025-09-26T16:37:00,Sales Returns,Revenue,893550.57,CNY,automated,batch,System,False,Synthetic journal entry for audit analytics
JE004392,2025-04-10T09:12:00,Cash,Revenue,65202.65,CNY,automated,batch,System,False,Synthetic journal entry for audit analytics
JE004393,2025-09-05T10:23:00,Sales Returns,Accounts Receivable,1762.52,CNY,manual,u001,Accountant,False,Synthetic journal entry for audit analytics
JE004394,2025-09-01T10:13:00,Sales Returns,Inventory,1190.78,CNY,subledger,u002,Accountant,False,Synthetic journal entry for audit analytics
JE004395,2025-01-05T16:30:00,Accounts Receivable,Accounts Receivable,10642.97,CNY,subledger,u003,Senior Accountant,False,Synthetic journal entry for audit analytics
JE004396,2025-10-29T17:10:00,Cash,Revenue,85768.36,CNY,manual,u003,Senior Accountant,False,Synthetic journal entry for audit analytics
JE004397,2025-07-27T10:03:00,Cash,Revenue,64278.75,CNY,manual,u003,Senior Accountant,False,Synthetic journal entry for audit analytics
JE004398,2025-11-14T18:17:00,Cash,Revenue,44790.57,CNY,subledger,u002,Accountant,False,Synthetic journal entry for audit analytics
JE004399,2025-07-26T17:53:00,Accounts Receivable,Revenue,166498.03,CNY,automated,batch,System,False,Synthetic journal entry for audit analytics
JE004400,2025-01-24T16:06:00,Cash,Revenue,993505.86,CNY,automated,batch,System,False,Synthetic journal entry for audit analytics
JE004401,2025-06-12T17:24:00,Sales Returns,Accounts Receivable,65607.6,CNY,manual,u001,Accountant,False,Synthetic journal entry for audit analytics
JE004402,2025-09-04T11:11:00,Sales Returns,Inventory,202099.59,CNY,manual,u002,Accountant,False,Synthetic journal entry for audit analytics
JE004403,2025-08-05T08:00:00,Cash,Revenue,3701.2,CNY,manual,u003,Senior Accountant,False,Synthetic journal entry for audit analytics
JE004404,2025-01-17T11:22:00,Cash,Accounts Receivable,88080.28,CNY,manual,u003,Senior Accountant,False,Synthetic journal entry for audit analytics
JE004405,2025-06-16T15:52:00,Cash,Accounts Receivable,8364.94,CNY,automated,batch,System,False,Synthetic journal entry for audit analytics
JE004406,2025-02-09T13:32:00,Cash,Revenue,1190.11,CNY,automated,batch,System,False,Synthetic journal entry for audit analytics
JE004407,2025-07-27T15:48:00,Sales Returns,Revenue,21398.1,CNY,automated,batch,System,False,Synthetic journal entry for audit analytics
JE004408,2025-03-05T17:55:00,Sales Returns,Accounts Receivable,309209.75,CNY,manual,u002,Accountant,False,Synthetic journal entry for audit analytics
JE004409,2025-08-17T16:38:00,Accounts Receivable,Accounts Receivable,155488.47,CNY,subledger,u002,Accountant,False,Synthetic journal entry for audit analytics
JE004410,2025-08-25T17:39:00,Sales Returns,Inventory,2024.4,CNY,manual,u003,Senior Accountant,False,Synthetic journal entry for audit analytics
JE004411,2025-11-14T09:42:00,Sales Returns,Revenue,497306.35,CNY,manual,u001,Accountant,False,Synthetic journal entry for audit analytics
JE004412,2025-07-09T13:41:00,Sales Returns,Inventory,1209298.44,CNY,manual,u003,Senior Accountant,False,Synthetic journal entry for audit analytics
JE004413,2025-10-27T17:38:00,Sales Returns,Inventory,6947.5,CNY,automated,batch,System,False,Synthetic journal entry for audit analytics
JE004414,2025-01-22T11:10:00,Cash,Inventory,36324.76,CNY,manual,u002,Accountant,False,Synthetic journal entry for audit analytics
JE004415,2025-08-21T10:01:00,Accounts Receivable,Revenue,10896.09,CNY,automated,batch,System,False,Synthetic journal entry for audit analytics
JE004416,2025-01-05T15:17:00,Sales Returns,Revenue,393193.26,CNY,manual,u002,Accountant,False,Synthetic journal entry for audit analytics
JE004417,2025-09-19T09:29:00,Sales Returns,Inventory,1081728.71,CNY,automated,batch,System,False,Synthetic journal entry for audit analytics
JE004418,2025-01-17T11:17:00,Cash,Accounts Receivable,552638.99,CNY,subledger,u003,Senior Accountant,False,Synthetic journal entry for audit analytics
JE004419,2025-01-31T17:08:00,Accounts Receivable,Accounts Receivable,218370.62,CNY,subledger,u001,Accountant,False,Synthetic journal entry for audit analytics
JE004420,2025-05-21T12:29:00,Sales Returns,Inventory,165390.08,CNY,manual,u004,Controller,False,Synthetic journal entry for audit analytics
JE004421,2025-07-25T08:50:00,Accounts Receivable,Inventory,256695.1,CNY,subledger,u002,Accountant,False,Synthetic journal entry for audit analytics
JE004422,2025-12-09T17:58:00,Cash,Accounts Receivable,126666.54,CNY,manual,u001,Accountant,False,Synthetic journal entry for audit analytics
JE004423,2025-04-09T15:01:00,Cash,Inventory,13410.66,CNY,automated,batch,System,False,Synthetic journal entry for audit analytics
JE004424,2025-12-28T08:01:00,Cash,Inventory,68196.46,CNY,subledger,u001,Accountant,False,Synthetic journal entry for audit analytics
JE004425,2025-06-26T15:48:00,Sales Returns,Revenue,150186.12,CNY,manual,u002,Accountant,False,Synthetic journal entry for audit analytics
JE004426,2025-03-24T15:45:00,Accounts Receivable,Revenue,23709.05,CNY,manual,u001,Accountant,False,Synthetic journal entry for audit analytics
JE004427,2025-08-10T11:42:00,Accounts Receivable,Revenue,580601.92,CNY,manual,u002,Accountant,False,Synthetic journal entry for audit analytics
JE004428,2025-09-03T16:44:00,Accounts Receivable,Inventory,90140.98,CNY,manual,u002,Accountant,False,Synthetic journal entry for audit analytics
JE004429,2025-07-31T18:27:00,Accounts Receivable,Inventory,2187.45,CNY,automated,batch,System,False,Synthetic journal entry for audit analytics
JE004430,2025-08-01T08:57:00,Accounts Receivable,Inventory,1117829.15,CNY,automated,batch,System,False,Synthetic journal entry for audit analytics
JE004431,2025-06-11T14:13:00,Cash,Inventory,44410.1,CNY,manual,u001,Accountant,False,Synthetic journal entry for audit analytics
JE004432,2025-10-31T14:15:00,Sales Returns,Revenue,2419.98,CNY,automated,batch,System,False,Synthetic journal entry for audit analytics
JE004433,2025-11-11T11:39:00,Cash,Inventory,16342.41,CNY,automated,batch,System,False,Synthetic journal entry for audit analytics
JE004434,2025-06-18T16:21:00,Accounts Receivable,Revenue,2056.83,CNY,automated,batch,System,False,Synthetic journal entry for audit analytics
JE004435,2025-09-18T18:28:00,Cash,Inventory,93995.4,CNY,manual,u001,Accountant,False,Synthetic journal entry for audit analytics
JE004436,2025-09-05T13:22:00,Sales Returns,Inventory,15680.98,CNY,subledger,u002,Accountant,False,Synthetic journal entry for audit analytics
JE004437,2025-06-19T08:35:00,Sales Returns,Inventory,1757.75,CNY,manual,u002,Accountant,False,Synthetic journal entry for audit analytics
JE004438,2025-02-18T09:45:00,Accounts Receivable,Accounts Receivable,17193.97,CNY,manual,u002,Accountant,False,Synthetic journal entry for audit analytics
JE004439,2025-08-05T13:53:00,Accounts Receivable,Revenue,9112.95,CNY,subledger,u002,Accountant,False,Synthetic journal entry for audit analytics
JE004440,2025-04-07T08:04:00,Accounts Receivable,Inventory,34379.54,CNY,automated,batch,System,False,Synthetic journal entry for audit analytics
JE004441,2025-06-10T17:25:00,Sales Returns,Revenue,60650.31,CNY,subledger,u003,Senior Accountant,False,Synthetic journal entry for audit analytics
JE004442,2025-06-01T12:32:00,Cash,Revenue,28536.58,CNY,manual,u001,Accountant,False,Synthetic journal entry for audit analytics
JE004443,2025-10-19T13:28:00,Cash,Accounts Receivable,2168.7,CNY,automated,batch,System,False,Synthetic journal entry for audit analytics
JE004444,2025-03-05T11:53:00,Accounts Receivable,Revenue,38361.98,CNY,manual,u002,Accountant,False,Synthetic journal entry for audit analytics
JE004445,2025-12-24T09:43:00,Sales Returns,Inventory,3499.04,CNY,manual,u002,Accountant,False,Synthetic journal entry for audit analytics
JE004446,2025-08-11T10:58:00,Sales Returns,Revenue,68916.57,CNY,subledger,u003,Senior Accountant,False,Synthetic journal entry for audit analytics
JE004447,2025-01-25T12:17:00,Sales Returns,Revenue,454019.67,CNY,automated,batch,System,False,Synthetic journal entry for audit analytics
JE004448,2025-11-26T16:35:00,Cash,Inventory,190158.42,CNY,automated,batch,System,False,Synthetic journal entry for audit analytics
JE004449,2025-06-13T16:27:00,Cash,Revenue,10853.81,CNY,automated,batch,System,False,Synthetic journal entry for audit analytics
JE004450,2025-09-19T15:36:00,Cash,Revenue,2365.7,CNY,manual,u003,Senior Accountant,False,Synthetic journal entry for audit analytics
JE004451,2025-02-13T13:34:00,Accounts Receivable,Accounts Receivable,5007.71,CNY,automated,batch,System,False,Synthetic journal entry for audit analytics
JE004452,2025-04-25T16:51:00,Sales Returns,Inventory,1488.5,CNY,manual,u001,Accountant,False,Synthetic journal entry for audit analytics
JE004453,2025-03-20T09:39:00,Accounts Receivable,Inventory,2696.04,CNY,automated,batch,System,False,Synthetic journal entry for audit analytics
JE004454,2025-05-09T09:17:00,Cash,Inventory,54007.68,CNY,manual,u003,Senior Accountant,False,Synthetic journal entry for audit analytics
JE004455,2025-12-09T14:28:00,Accounts Receivable,Revenue,74386.63,CNY,manual,u003,Senior Accountant,False,Synthetic journal entry for audit analytics
JE004456,2025-10-16T15:09:00,Accounts Receivable,Revenue,125484.13,CNY,manual,u001,Accountant,False,Synthetic journal entry for audit analytics
JE004457,2025-07-05T13:20:00,Cash,Inventory,1278.23,CNY,manual,u001,Accountant,False,Synthetic journal entry for audit analytics
JE004458,2025-08-01T14:44:00,Accounts Receivable,Revenue,357967.46,CNY,automated,batch,System,False,Synthetic journal entry for audit analytics
JE004459,2025-08-04T09:14:00,Cash,Inventory,2819.76,CNY,automated,batch,System,False,Synthetic journal entry for audit analytics
JE004460,2025-10-12T13:09:00,Cash,Accounts Receivable,304287.65,CNY,automated,batch,System,False,Synthetic journal entry for audit analytics
JE004461,2025-06-23T18:42:00,Sales Returns,Accounts Receivable,2634.19,CNY,subledger,u002,Accountant,False,Synthetic journal entry for audit analytics
JE004462,2025-07-10T13:32:00,Accounts Receivable,Revenue,8973.31,CNY,manual,u002,Accountant,False,Synthetic journal entry for audit analytics
JE004463,2025-06-24T14:55:00,Sales Returns,Revenue,2385.94,CNY,subledger,u002,Accountant,False,Synthetic journal entry for audit analytics
JE004464,2025-07-13T08:37:00,Accounts Receivable,Revenue,17238.33,CNY,manual,u003,Senior Accountant,False,Synthetic journal entry for audit analytics
JE004465,2025-07-14T17:09:00,Cash,Accounts Receivable,287781.75,CNY,manual,u001,Accountant,False,Synthetic journal entry for audit analytics
JE004466,2025-01-25T11:00:00,Cash,Inventory,210409.41,CNY,automated,batch,System,False,Synthetic journal entry for audit analytics
JE004467,2025-03-06T17:51:00,Sales Returns,Accounts Receivable,2410.89,CNY,manual,u001,Accountant,False,Synthetic journal entry for audit analytics
JE004468,2025-01-18T11:50:00,Cash,Accounts Receivable,17298.54,CNY,automated,batch,System,False,Synthetic journal entry for audit analytics
JE004469,2025-11-11T14:52:00,Sales Returns,Accounts Receivable,4240.25,CNY,manual,u003,Senior Accountant,False,Synthetic journal entry for audit analytics
JE004470,2025-03-02T10:41:00,Accounts Receivable,Inventory,16052.51,CNY,manual,u003,Senior Accountant,False,Synthetic journal entry for audit analytics
JE004471,2025-06-07T13:02:00,Accounts Receivable,Inventory,40450.09,CNY,automated,batch,System,False,Synthetic journal entry for audit analytics
JE004472,2025-11-18T17:31:00,Cash,Accounts Receivable,22529.66,CNY,manual,u001,Accountant,False,Synthetic journal entry for audit analytics
JE004473,2025-10-25T14:50:00,Cash,Revenue,25079.62,CNY,automated,batch,System,False,Synthetic journal entry for audit analytics
JE004474,2025-10-02T13:12:00,Accounts Receivable,Inventory,1678.32,CNY,manual,u002,Accountant,False,Synthetic journal entry for audit analytics
JE004475,2025-11-20T18:35:00,Sales Returns,Inventory,74093.87,CNY,subledger,u003,Senior Accountant,False,Synthetic journal entry for audit analytics
JE004476,2025-07-13T11:19:00,Cash,Inventory,183290.1,CNY,manual,u001,Accountant,False,Synthetic journal entry for audit analytics
JE004477,2025-08-20T09:45:00,Cash,Revenue,6437.5,CNY,manual,u002,Accountant,False,Synthetic journal entry for audit analytics
JE004478,2025-05-04T15:32:00,Sales Returns,Revenue,1664.71,CNY,subledger,u002,Accountant,False,Synthetic journal entry for audit analytics
JE004479,2025-07-10T08:49:00,Cash,Accounts Receivable,36807.45,CNY,automated,batch,System,False,Synthetic journal entry for audit analytics
JE004480,2025-05-08T10:24:00,Cash,Accounts Receivable,621440.37,CNY,automated,batch,System,False,Synthetic journal entry for audit analytics
JE004481,2025-02-02T13:34:00,Accounts Receivable,Inventory,39416.51,CNY,subledger,u004,Controller,False,Synthetic journal entry for audit analytics
JE004482,2025-04-01T09:26:00,Accounts Receivable,Revenue,1000091.03,CNY,manual,u001,Accountant,False,Synthetic journal entry for audit analytics
JE004483,2025-09-17T16:12:00,Accounts Receivable,Revenue,241297.81,CNY,subledger,u001,Accountant,False,Synthetic journal entry for audit analytics
JE004484,2025-12-28T17:03:00,Cash,Accounts Receivable,1381.72,CNY,manual,u001,Accountant,False,Synthetic journal entry for audit analytics
JE004485,2025-12-13T16:30:00,Accounts Receivable,Accounts Receivable,2212.93,CNY,manual,u002,Accountant,False,Synthetic journal entry for audit analytics
JE004486,2025-11-04T09:07:00,Accounts Receivable,Inventory,904933.48,CNY,subledger,u003,Senior Accountant,False,Synthetic journal entry for audit analytics
JE004487,2025-12-27T15:58:00,Cash,Inventory,12621.63,CNY,automated,batch,System,False,Synthetic journal entry for audit analytics
JE004488,2025-11-06T13:33:00,Cash,Accounts Receivable,235619.9,CNY,automated,batch,System,False,Synthetic journal entry for audit analytics
JE004489,2025-09-30T16:45:00,Accounts Receivable,Accounts Receivable,334618.61,CNY,manual,u002,Accountant,False,Synthetic journal entry for audit analytics
JE004490,2025-02-28T14:29:00,Sales Returns,Revenue,1147397.71,CNY,automated,batch,System,False,Synthetic journal entry for audit analytics
JE004491,2025-12-17T16:03:00,Sales Returns,Revenue,309404.29,CNY,manual,u002,Accountant,False,Synthetic journal entry for audit analytics
JE004492,2025-07-03T10:22:00,Accounts Receivable,Inventory,5487.14,CNY,subledger,u003,Senior Accountant,False,Synthetic journal entry for audit analytics
JE004493,2025-01-23T12:46:00,Sales Returns,Revenue,1175882.96,CNY,manual,u004,Controller,False,Synthetic journal entry for audit analytics
JE004494,2025-02-09T09:39:00,Accounts Receivable,Inventory,21741.32,CNY,subledger,u002,Accountant,False,Synthetic journal entry for audit analytics
JE004495,2025-07-24T13:26:00,Cash,Revenue,286009.11,CNY,automated,batch,System,False,Synthetic journal entry for audit analytics
JE004496,2025-02-03T15:25:00,Sales Returns,Accounts Receivable,1172564.97,CNY,subledger,u001,Accountant,False,Synthetic journal entry for audit analytics
JE004497,2025-05-06T10:25:00,Accounts Receivable,Revenue,15964.97,CNY,manual,u001,Accountant,False,Synthetic journal entry for audit analytics
JE004498,2025-10-29T08:37:00,Accounts Receivable,Inventory,207741.0,CNY,manual,u001,Accountant,False,Synthetic journal entry for audit analytics
JE004499,2025-01-07T18:50:00,Cash,Revenue,200439.94,CNY,manual,u002,Accountant,False,Synthetic journal entry for audit analytics
JE004500,2025-09-18T12:50:00,Sales Returns,Accounts Receivable,2576.8,CNY,manual,u002,Accountant,False,Synthetic journal entry for audit analytics
JE004501,2025-01-20T13:34:00,Cash,Inventory,61496.52,CNY,manual,u002,Accountant,False,Synthetic journal entry for audit analytics
JE004502,2025-09-09T18:10:00,Sales Returns,Inventory,18318.49,CNY,subledger,u001,Accountant,False,Synthetic journal entry for audit analytics
JE004503,2025-10-26T12:52:00,Cash,Accounts Receivable,60127.79,CNY,automated,batch,System,False,Synthetic journal entry for audit analytics
JE004504,2025-09-11T16:17:00,Cash,Inventory,1029.28,CNY,automated,batch,System,False,Synthetic journal entry for audit analytics
JE004505,2025-07-30T10:11:00,Sales Returns,Inventory,319950.41,CNY,manual,u001,Accountant,False,Synthetic journal entry for audit analytics
JE004506,2025-09-02T16:48:00,Accounts Receivable,Accounts Receivable,612200.6,CNY,manual,u001,Accountant,False,Synthetic journal entry for audit analytics
JE004507,2025-04-18T12:17:00,Cash,Revenue,1387.3,CNY,subledger,u002,Accountant,False,Synthetic journal entry for audit analytics
JE004508,2025-06-28T14:42:00,Cash,Revenue,42287.62,CNY,subledger,u004,Controller,False,Synthetic journal entry for audit analytics
JE004509,2025-09-03T12:36:00,Accounts Receivable,Accounts Receivable,850124.71,CNY,subledger,u002,Accountant,False,Synthetic journal entry for audit analytics
JE004510,2025-04-24T12:02:00,Cash,Revenue,258891.67,CNY,manual,u001,Accountant,False,Synthetic journal entry for audit analytics
JE004511,2025-02-01T15:52:00,Cash,Revenue,767242.4,CNY,subledger,u003,Senior Accountant,False,Synthetic journal entry for audit analytics
JE004512,2025-05-24T08:52:00,Accounts Receivable,Revenue,615441.6,CNY,subledger,u002,Accountant,False,Synthetic journal entry for audit analytics
JE004513,2025-04-24T14:45:00,Sales Returns,Inventory,16777.45,CNY,automated,batch,System,False,Synthetic journal entry for audit analytics
JE004514,2025-07-27T09:54:00,Cash,Revenue,1182454.42,CNY,manual,u002,Accountant,False,Synthetic journal entry for audit analytics
JE004515,2025-07-06T16:51:00,Cash,Inventory,20619.29,CNY,automated,batch,System,False,Synthetic journal entry for audit analytics
JE004516,2025-09-18T18:50:00,Cash,Inventory,378008.08,CNY,subledger,u001,Accountant,False,Synthetic journal entry for audit analytics
JE004517,2025-03-12T14:48:00,Sales Returns,Revenue,17967.93,CNY,automated,batch,System,False,Synthetic journal entry for audit analytics
JE004518,2025-10-16T15:50:00,Cash,Inventory,7738.06,CNY,automated,batch,System,False,Synthetic journal entry for audit analytics
JE004519,2025-07-24T13:36:00,Cash,Revenue,129125.6,CNY,subledger,u002,Accountant,False,Synthetic journal entry for audit analytics
JE004520,2025-06-12T17:10:00,Cash,Inventory,14735.22,CNY,manual,u003,Senior Accountant,False,Synthetic journal entry for audit analytics
JE004521,2025-09-13T12:36:00,Accounts Receivable,Accounts Receivable,54616.35,CNY,automated,batch,System,False,Synthetic journal entry for audit analytics
JE004522,2025-07-11T16:41:00,Cash,Revenue,10867.21,CNY,automated,batch,System,False,Synthetic journal entry for audit analytics
JE004523,2025-12-16T09:42:00,Accounts Receivable,Accounts Receivable,7900.73,CNY,manual,u001,Accountant,False,Synthetic journal entry for audit analytics
JE004524,2025-10-29T17:07:00,Cash,Accounts Receivable,484031.99,CNY,manual,u002,Accountant,False,Synthetic journal entry for audit analytics
JE004525,2025-03-09T17:15:00,Accounts Receivable,Accounts Receivable,464526.03,CNY,manual,u001,Accountant,False,Synthetic journal entry for audit analytics
JE004526,2025-01-20T13:34:00,Sales Returns,Accounts Receivable,149065.86,CNY,automated,batch,System,False,Synthetic journal entry for audit analytics
JE004527,2025-03-01T09:11:00,Accounts Receivable,Accounts Receivable,1148736.97,CNY,automated,batch,System,False,Synthetic journal entry for audit analytics
JE004528,2025-12-18T10:48:00,Cash,Inventory,147468.09,CNY,manual,u002,Accountant,False,Synthetic journal entry for audit analytics
JE004529,2025-06-16T14:36:00,Accounts Receivable,Revenue,66475.6,CNY,automated,batch,System,False,Synthetic journal entry for audit analytics
JE004530,2025-04-29T11:56:00,Sales Returns,Accounts Receivable,335230.69,CNY,subledger,u001,Accountant,False,Synthetic journal entry for audit analytics
JE004531,2025-09-01T17:38:00,Cash,Accounts Receivable,692581.87,CNY,automated,batch,System,False,Synthetic journal entry for audit analytics
JE004532,2025-07-01T13:53:00,Cash,Inventory,1300221.5,CNY,manual,u002,Accountant,False,Synthetic journal entry for audit analytics
JE004533,2025-05-22T10:07:00,Accounts Receivable,Accounts Receivable,226427.43,CNY,manual,u003,Senior Accountant,False,Synthetic journal entry for audit analytics
JE004534,2025-10-21T08:19:00,Accounts Receivable,Inventory,2982.3,CNY,manual,u001,Accountant,False,Synthetic journal entry for audit analytics
JE004535,2025-05-15T16:28:00,Cash,Revenue,582715.27,CNY,automated,batch,System,False,Synthetic journal entry for audit analytics
JE004536,2025-11-02T12:49:00,Cash,Accounts Receivable,13904.22,CNY,automated,batch,System,False,Synthetic journal entry for audit analytics
JE004537,2025-01-02T09:48:00,Cash,Revenue,88028.1,CNY,subledger,u002,Accountant,False,Synthetic journal entry for audit analytics
JE004538,2025-03-01T11:28:00,Sales Returns,Accounts Receivable,165749.75,CNY,automated,batch,System,False,Synthetic journal entry for audit analytics
JE004539,2025-08-28T13:37:00,Cash,Revenue,547390.62,CNY,automated,batch,System,False,Synthetic journal entry for audit analytics
JE004540,2025-02-13T14:57:00,Accounts Receivable,Revenue,62764.52,CNY,automated,batch,System,False,Synthetic journal entry for audit analytics
JE004541,2025-05-23T17:24:00,Sales Returns,Inventory,37582.77,CNY,manual,u003,Senior Accountant,False,Synthetic journal entry for audit analytics
JE004542,2025-10-12T11:20:00,Sales Returns,Accounts Receivable,25769.49,CNY,automated,batch,System,False,Synthetic journal entry for audit analytics
JE004543,2025-08-09T11:41:00,Cash,Revenue,2187.07,CNY,automated,batch,System,False,Synthetic journal entry for audit analytics
JE004544,2025-03-18T11:16:00,Accounts Receivable,Inventory,102425.98,CNY,manual,u002,Accountant,False,Synthetic journal entry for audit analytics
JE004545,2025-03-01T18:27:00,Cash,Inventory,1238105.53,CNY,manual,u002,Accountant,False,Synthetic journal entry for audit analytics
JE004546,2025-06-17T13:17:00,Cash,Revenue,5289.03,CNY,automated,batch,System,False,Synthetic journal entry for audit analytics
JE004547,2025-07-11T10:23:00,Cash,Inventory,4404.53,CNY,manual,u001,Accountant,False,Synthetic journal entry for audit analytics
JE004548,2025-01-16T17:55:00,Sales Returns,Inventory,20228.7,CNY,subledger,u003,Senior Accountant,False,Synthetic journal entry for audit analytics
JE004549,2025-01-13T10:27:00,Cash,Revenue,86427.0,CNY,manual,u001,Accountant,False,Synthetic journal entry for audit analytics
JE004550,2025-08-15T09:00:00,Accounts Receivable,Inventory,1634.61,CNY,manual,u003,Senior Accountant,False,Synthetic journal entry for audit analytics
JE004551,2025-08-03T16:08:00,Sales Returns,Accounts Receivable,280968.72,CNY,automated,batch,System,False,Synthetic journal entry for audit analytics
JE004552,2025-08-02T12:05:00,Cash,Inventory,25035.99,CNY,subledger,u001,Accountant,False,Synthetic journal entry for audit analytics
JE004553,2025-10-19T17:47:00,Cash,Inventory,43715.16,CNY,automated,batch,System,False,Synthetic journal entry for audit analytics
JE004554,2025-06-25T09:05:00,Sales Returns,Inventory,28565.31,CNY,manual,u002,Accountant,False,Synthetic journal entry for audit analytics
JE004555,2025-02-24T09:39:00,Accounts Receivable,Inventory,112242.03,CNY,subledger,u003,Senior Accountant,False,Synthetic journal entry for audit analytics
JE004556,2025-03-06T17:22:00,Cash,Revenue,785535.78,CNY,subledger,u001,Accountant,False,Synthetic journal entry for audit analytics
JE004557,2025-02-01T10:20:00,Cash,Revenue,192123.43,CNY,automated,batch,System,False,Synthetic journal entry for audit analytics
JE004558,2025-10-10T18:53:00,Accounts Receivable,Revenue,111734.25,CNY,subledger,u005,CFO,False,Synthetic journal entry for audit analytics
JE004559,2025-03-04T09:43:00,Accounts Receivable,Inventory,17841.48,CNY,manual,u001,Accountant,False,Synthetic journal entry for audit analytics
JE004560,2025-11-05T09:10:00,Accounts Receivable,Accounts Receivable,5876.84,CNY,automated,batch,System,False,Synthetic journal entry for audit analytics
JE004561,2025-06-11T14:15:00,Sales Returns,Inventory,417947.96,CNY,manual,u003,Senior Accountant,False,Synthetic journal entry for audit analytics
JE004562,2025-06-26T12:36:00,Accounts Receivable,Inventory,5882.48,CNY,subledger,u003,Senior Accountant,False,Synthetic journal entry for audit analytics
JE004563,2025-04-23T15:40:00,Accounts Receivable,Inventory,13849.01,CNY,manual,u003,Senior Accountant,False,Synthetic journal entry for audit analytics
JE004564,2025-11-02T15:09:00,Sales Returns,Inventory,996098.08,CNY,automated,batch,System,False,Synthetic journal entry for audit analytics
JE004565,2025-09-10T15:42:00,Accounts Receivable,Inventory,424633.02,CNY,automated,batch,System,False,Synthetic journal entry for audit analytics
JE004566,2025-06-06T11:22:00,Sales Returns,Inventory,1449.59,CNY,manual,u003,Senior Accountant,False,Synthetic journal entry for audit analytics
JE004567,2025-12-16T12:31:00,Cash,Accounts Receivable,626792.08,CNY,automated,batch,System,False,Synthetic journal entry for audit analytics
JE004568,2025-04-15T13:47:00,Accounts Receivable,Accounts Receivable,665001.34,CNY,manual,u002,Accountant,False,Synthetic journal entry for audit analytics
JE004569,2025-06-24T09:35:00,Sales Returns,Accounts Receivable,1560.57,CNY,automated,batch,System,False,Synthetic journal entry for audit analytics
JE004570,2025-02-14T12:28:00,Accounts Receivable,Inventory,8173.87,CNY,automated,batch,System,False,Synthetic journal entry for audit analytics
JE004571,2025-06-09T11:36:00,Accounts Receivable,Inventory,5456.21,CNY,subledger,u002,Accountant,False,Synthetic journal entry for audit analytics
JE004572,2025-08-29T16:01:00,Accounts Receivable,Revenue,61293.09,CNY,manual,u003,Senior Accountant,False,Synthetic journal entry for audit analytics
JE004573,2025-06-25T09:10:00,Cash,Accounts Receivable,1157888.14,CNY,manual,u002,Accountant,False,Synthetic journal entry for audit analytics
JE004574,2025-09-11T09:50:00,Sales Returns,Accounts Receivable,7409.23,CNY,automated,batch,System,False,Synthetic journal entry for audit analytics
JE004575,2025-12-04T14:26:00,Sales Returns,Accounts Receivable,111660.49,CNY,automated,batch,System,False,Synthetic journal entry for audit analytics
JE004576,2025-12-23T15:59:00,Accounts Receivable,Revenue,2181.82,CNY,manual,u002,Accountant,False,Synthetic journal entry for audit analytics
JE004577,2025-07-28T15:07:00,Sales Returns,Inventory,14729.0,CNY,automated,batch,System,False,Synthetic journal entry for audit analytics
JE004578,2025-08-08T12:24:00,Accounts Receivable,Inventory,623137.95,CNY,subledger,u001,Accountant,False,Synthetic journal entry for audit analytics
JE004579,2025-03-12T18:09:00,Accounts Receivable,Accounts Receivable,18450.28,CNY,automated,batch,System,False,Synthetic journal entry for audit analytics
JE004580,2025-12-24T15:27:00,Sales Returns,Inventory,42766.94,CNY,manual,u001,Accountant,False,Synthetic journal entry for audit analytics
JE004581,2025-04-11T09:51:00,Cash,Inventory,35486.93,CNY,manual,u002,Accountant,False,Synthetic journal entry for audit analytics
JE004582,2025-04-18T17:19:00,Cash,Inventory,275835.68,CNY,manual,u001,Accountant,False,Synthetic journal entry for audit analytics
JE004583,2025-06-27T13:51:00,Cash,Inventory,1766.57,CNY,manual,u001,Accountant,False,Synthetic journal entry for audit analytics
JE004584,2025-05-30T14:32:00,Accounts Receivable,Revenue,1155141.91,CNY,automated,batch,System,False,Synthetic journal entry for audit analytics
JE004585,2025-09-10T15:39:00,Cash,Inventory,39986.25,CNY,manual,u002,Accountant,False,Synthetic journal entry for audit analytics
JE004586,2025-11-15T15:30:00,Accounts Receivable,Inventory,442396.18,CNY,manual,u001,Accountant,False,Synthetic journal entry for audit analytics
JE004587,2025-12-22T17:59:00,Cash,Revenue,240375.1,CNY,manual,u003,Senior Accountant,False,Synthetic journal entry for audit analytics
JE004588,2025-03-27T11:14:00,Accounts Receivable,Revenue,30659.33,CNY,manual,u003,Senior Accountant,False,Synthetic journal entry for audit analytics
JE004589,2025-05-02T14:14:00,Sales Returns,Accounts Receivable,138543.78,CNY,subledger,u003,Senior Accountant,False,Synthetic journal entry for audit analytics
JE004590,2025-01-26T15:16:00,Cash,Revenue,5687.12,CNY,automated,batch,System,False,Synthetic journal entry for audit analytics
JE004591,2025-04-07T12:50:00,Sales Returns,Inventory,1220972.2,CNY,subledger,u003,Senior Accountant,False,Synthetic journal entry for audit analytics
JE004592,2025-08-23T09:27:00,Cash,Inventory,1052189.56,CNY,automated,batch,System,False,Synthetic journal entry for audit analytics
JE004593,2025-11-06T10:42:00,Sales Returns,Inventory,1873.1,CNY,automated,batch,System,False,Synthetic journal entry for audit analytics
JE004594,2025-10-19T15:37:00,Cash,Accounts Receivable,742209.5,CNY,manual,u004,Controller,False,Synthetic journal entry for audit analytics
JE004595,2025-04-28T16:39:00,Accounts Receivable,Inventory,1502.77,CNY,automated,batch,System,False,Synthetic journal entry for audit analytics
JE004596,2025-07-07T14:41:00,Accounts Receivable,Revenue,15403.4,CNY,automated,batch,System,False,Synthetic journal entry for audit analytics
JE004597,2025-12-26T14:28:00,Sales Returns,Accounts Receivable,6968.21,CNY,manual,u003,Senior Accountant,False,Synthetic journal entry for audit analytics
JE004598,2025-08-19T10:03:00,Cash,Accounts Receivable,892013.83,CNY,manual,u004,Controller,False,Synthetic journal entry for audit analytics
JE004599,2025-02-22T11:43:00,Accounts Receivable,Revenue,4525.97,CNY,manual,u002,Accountant,False,Synthetic journal entry for audit analytics
JE004600,2025-05-03T17:42:00,Sales Returns,Inventory,582102.79,CNY,manual,u003,Senior Accountant,False,Synthetic journal entry for audit analytics
JE004601,2025-11-13T16:04:00,Cash,Revenue,956606.62,CNY,manual,u002,Accountant,False,Synthetic journal entry for audit analytics
JE004602,2025-02-14T13:48:00,Sales Returns,Accounts Receivable,1963.82,CNY,manual,u001,Accountant,False,Synthetic journal entry for audit analytics
JE004603,2025-06-30T10:29:00,Cash,Revenue,1036.5,CNY,automated,batch,System,False,Synthetic journal entry for audit analytics
JE004604,2025-06-17T16:10:00,Cash,Accounts Receivable,835079.18,CNY,manual,u002,Accountant,False,Synthetic journal entry for audit analytics
JE004605,2025-01-31T10:04:00,Sales Returns,Revenue,13522.03,CNY,manual,u004,Controller,False,Synthetic journal entry for audit analytics
JE004606,2025-11-16T16:50:00,Cash,Revenue,22892.19,CNY,manual,u003,Senior Accountant,False,Synthetic journal entry for audit analytics
JE004607,2025-07-01T11:40:00,Sales Returns,Accounts Receivable,25867.09,CNY,automated,batch,System,False,Synthetic journal entry for audit analytics
JE004608,2025-11-08T18:47:00,Accounts Receivable,Revenue,118658.69,CNY,manual,u003,Senior Accountant,False,Synthetic journal entry for audit analytics
JE004609,2025-01-11T18:52:00,Cash,Inventory,355413.18,CNY,manual,u002,Accountant,False,Synthetic journal entry for audit analytics
JE004610,2025-11-15T15:46:00,Cash,Accounts Receivable,122672.66,CNY,automated,batch,System,False,Synthetic journal entry for audit analytics
JE004611,2025-06-12T09:45:00,Cash,Revenue,1124974.55,CNY,manual,u002,Accountant,False,Synthetic journal entry for audit analytics
JE004612,2025-10-05T10:45:00,Cash,Revenue,118809.44,CNY,manual,u001,Accountant,False,Synthetic journal entry for audit analytics
JE004613,2025-06-14T10:11:00,Sales Returns,Inventory,286234.4,CNY,automated,batch,System,False,Synthetic journal entry for audit analytics
JE004614,2025-05-07T15:16:00,Cash,Revenue,1233985.53,CNY,manual,u003,Senior Accountant,False,Synthetic journal entry for audit analytics
JE004615,2025-01-04T08:31:00,Sales Returns,Accounts Receivable,67105.85,CNY,subledger,u001,Accountant,False,Synthetic journal entry for audit analytics
JE004616,2025-10-03T14:41:00,Accounts Receivable,Accounts Receivable,1156.63,CNY,manual,u001,Accountant,False,Synthetic journal entry for audit analytics
JE004617,2025-09-28T17:33:00,Cash,Inventory,29970.82,CNY,manual,u003,Senior Accountant,False,Synthetic journal entry for audit analytics
JE004618,2025-01-23T14:48:00,Accounts Receivable,Revenue,6865.56,CNY,automated,batch,System,False,Synthetic journal entry for audit analytics
JE004619,2025-04-12T16:56:00,Sales Returns,Revenue,173477.46,CNY,manual,u002,Accountant,False,Synthetic journal entry for audit analytics
JE004620,2025-07-12T12:59:00,Cash,Inventory,4140.18,CNY,manual,u002,Accountant,False,Synthetic journal entry for audit analytics
JE004621,2025-11-13T16:38:00,Accounts Receivable,Revenue,470038.02,CNY,manual,u002,Accountant,False,Synthetic journal entry for audit analytics
JE004622,2025-04-09T18:12:00,Accounts Receivable,Inventory,318833.78,CNY,manual,u004,Controller,False,Synthetic journal entry for audit analytics
JE004623,2025-10-31T16:48:00,Sales Returns,Accounts Receivable,184676.39,CNY,manual,u001,Accountant,False,Synthetic journal entry for audit analytics
JE004624,2025-01-31T08:51:00,Cash,Accounts Receivable,27005.59,CNY,manual,u003,Senior Accountant,False,Synthetic journal entry for audit analytics
JE004625,2025-08-19T09:58:00,Accounts Receivable,Inventory,39576.93,CNY,automated,batch,System,False,Synthetic journal entry for audit analytics
JE004626,2025-02-15T08:27:00,Sales Returns,Revenue,7548.65,CNY,subledger,u003,Senior Accountant,False,Synthetic journal entry for audit analytics
JE004627,2025-09-20T09:58:00,Sales Returns,Inventory,1354609.49,CNY,subledger,u001,Accountant,False,Synthetic journal entry for audit analytics
JE004628,2025-04-08T09:18:00,Accounts Receivable,Accounts Receivable,197520.94,CNY,manual,u004,Controller,False,Synthetic journal entry for audit analytics
JE004629,2025-03-08T15:39:00,Accounts Receivable,Inventory,1324.54,CNY,subledger,u001,Accountant,False,Synthetic journal entry for audit analytics
JE004630,2025-01-01T18:57:00,Accounts Receivable,Accounts Receivable,127203.1,CNY,manual,u003,Senior Accountant,False,Synthetic journal entry for audit analytics
JE004631,2025-10-21T12:01:00,Accounts Receivable,Accounts Receivable,2324.85,CNY,automated,batch,System,False,Synthetic journal entry for audit analytics
JE004632,2025-05-28T12:02:00,Sales Returns,Revenue,1558112.93,CNY,manual,u001,Accountant,False,Synthetic journal entry for audit analytics
JE004633,2025-07-20T13:29:00,Sales Returns,Accounts Receivable,45878.98,CNY,subledger,u002,Accountant,False,Synthetic journal entry for audit analytics
JE004634,2025-06-18T10:06:00,Sales Returns,Accounts Receivable,142666.45,CNY,manual,u002,Accountant,False,Synthetic journal entry for audit analytics
JE004635,2025-01-26T09:26:00,Sales Returns,Accounts Receivable,1133527.09,CNY,subledger,u004,Controller,False,Synthetic journal entry for audit analytics
JE004636,2025-01-23T18:39:00,Accounts Receivable,Revenue,1235137.91,CNY,automated,batch,System,False,Synthetic journal entry for audit analytics
JE004637,2025-10-18T11:02:00,Accounts Receivable,Revenue,31480.88,CNY,manual,u002,Accountant,False,Synthetic journal entry for audit analytics
JE004638,2025-07-31T13:52:00,Sales Returns,Inventory,93220.95,CNY,automated,batch,System,False,Synthetic journal entry for audit analytics
JE004639,2025-03-16T09:26:00,Cash,Revenue,1035.75,CNY,automated,batch,System,False,Synthetic journal entry for audit analytics
JE004640,2025-12-17T15:21:00,Accounts Receivable,Accounts Receivable,7181.53,CNY,manual,u001,Accountant,False,Synthetic journal entry for audit analytics
JE004641,2025-07-12T09:41:00,Sales Returns,Revenue,13588.53,CNY,manual,u002,Accountant,False,Synthetic journal entry for audit analytics
JE004642,2025-03-25T16:08:00,Accounts Receivable,Inventory,448935.34,CNY,manual,u003,Senior Accountant,False,Synthetic journal entry for audit analytics
JE004643,2025-09-17T16:17:00,Accounts Receivable,Revenue,75784.85,CNY,automated,batch,System,False,Synthetic journal entry for audit analytics
JE004644,2025-08-19T12:20:00,Cash,Accounts Receivable,7520.12,CNY,subledger,u001,Accountant,False,Synthetic journal entry for audit analytics
JE004645,2025-06-07T13:04:00,Sales Returns,Revenue,2838.36,CNY,manual,u001,Accountant,False,Synthetic journal entry for audit analytics
JE004646,2025-04-08T15:58:00,Accounts Receivable,Accounts Receivable,16017.62,CNY,manual,u003,Senior Accountant,False,Synthetic journal entry for audit analytics
JE004647,2025-05-24T12:49:00,Sales Returns,Revenue,221783.47,CNY,automated,batch,System,False,Synthetic journal entry for audit analytics
JE004648,2025-03-09T08:21:00,Accounts Receivable,Inventory,2928.47,CNY,manual,u001,Accountant,False,Synthetic journal entry for audit analytics
JE004649,2025-10-19T15:06:00,Sales Returns,Accounts Receivable,372779.64,CNY,automated,batch,System,False,Synthetic journal entry for audit analytics
JE004650,2025-06-20T18:02:00,Accounts Receivable,Accounts Receivable,8795.68,CNY,automated,batch,System,False,Synthetic journal entry for audit analytics
JE004651,2025-01-23T18:31:00,Sales Returns,Revenue,830758.62,CNY,manual,u003,Senior Accountant,False,Synthetic journal entry for audit analytics
JE004652,2025-02-25T15:34:00,Cash,Revenue,1141.12,CNY,subledger,u002,Accountant,False,Synthetic journal entry for audit analytics
JE004653,2025-05-23T17:28:00,Cash,Accounts Receivable,51328.23,CNY,manual,u003,Senior Accountant,False,Synthetic journal entry for audit analytics
JE004654,2025-03-17T15:32:00,Sales Returns,Revenue,232159.06,CNY,automated,batch,System,False,Synthetic journal entry for audit analytics
JE004655,2025-11-27T11:28:00,Cash,Inventory,276468.49,CNY,automated,batch,System,False,Synthetic journal entry for audit analytics
JE004656,2025-06-22T15:51:00,Cash,Inventory,415650.04,CNY,manual,u001,Accountant,False,Synthetic journal entry for audit analytics
JE004657,2025-07-05T13:55:00,Cash,Accounts Receivable,16533.04,CNY,manual,u003,Senior Accountant,False,Synthetic journal entry for audit analytics
JE004658,2025-09-27T13:57:00,Accounts Receivable,Inventory,240226.32,CNY,automated,batch,System,False,Synthetic journal entry for audit analytics
JE004659,2025-03-03T14:36:00,Accounts Receivable,Inventory,58376.63,CNY,manual,u002,Accountant,False,Synthetic journal entry for audit analytics
JE004660,2025-03-15T16:55:00,Sales Returns,Revenue,1827.74,CNY,subledger,u001,Accountant,False,Synthetic journal entry for audit analytics
JE004661,2025-10-08T11:40:00,Accounts Receivable,Inventory,41080.69,CNY,subledger,u001,Accountant,False,Synthetic journal entry for audit analytics
JE004662,2025-10-26T14:32:00,Sales Returns,Revenue,384176.22,CNY,manual,u001,Accountant,False,Synthetic journal entry for audit analytics
JE004663,2025-07-02T15:06:00,Cash,Revenue,1561.07,CNY,manual,u002,Accountant,False,Synthetic journal entry for audit analytics
JE004664,2025-02-16T15:11:00,Sales Returns,Accounts Receivable,1012.45,CNY,manual,u004,Controller,False,Synthetic journal entry for audit analytics
JE004665,2025-03-31T10:45:00,Cash,Revenue,8578.51,CNY,manual,u003,Senior Accountant,False,Synthetic journal entry for audit analytics
JE004666,2025-05-19T11:19:00,Accounts Receivable,Inventory,161424.24,CNY,automated,batch,System,False,Synthetic journal entry for audit analytics
JE004667,2025-10-14T16:30:00,Accounts Receivable,Accounts Receivable,7638.38,CNY,subledger,u001,Accountant,False,Synthetic journal entry for audit analytics
JE004668,2025-12-30T23:38:00,Other Receivables,Other Income,2000000,CNY,manual,u005,CFO,False,Synthetic journal entry for audit analytics
JE004669,2025-10-24T14:24:00,Cash,Accounts Receivable,366553.52,CNY,subledger,u001,Accountant,False,Synthetic journal entry for audit analytics
JE004670,2025-09-29T10:30:00,Accounts Receivable,Accounts Receivable,21335.89,CNY,automated,batch,System,False,Synthetic journal entry for audit analytics
JE004671,2025-06-24T14:24:00,Accounts Receivable,Accounts Receivable,20872.78,CNY,automated,batch,System,False,Synthetic journal entry for audit analytics
JE004672,2025-11-15T13:35:00,Cash,Inventory,880987.52,CNY,subledger,u002,Accountant,False,Synthetic journal entry for audit analytics
JE004673,2025-01-06T14:14:00,Sales Returns,Inventory,28087.97,CNY,manual,u004,Controller,False,Synthetic journal entry for audit analytics
JE004674,2025-09-08T17:57:00,Sales Returns,Accounts Receivable,1808.11,CNY,automated,batch,System,False,Synthetic journal entry for audit analytics
JE004675,2025-08-17T13:28:00,Sales Returns,Accounts Receivable,1200.28,CNY,manual,u003,Senior Accountant,False,Synthetic journal entry for audit analytics
JE004676,2025-04-10T08:56:00,Sales Returns,Revenue,18636.84,CNY,subledger,u001,Accountant,False,Synthetic journal entry for audit analytics
JE004677,2025-08-24T16:38:00,Cash,Revenue,356636.77,CNY,automated,batch,System,False,Synthetic journal entry for audit analytics
JE004678,2025-08-07T09:27:00,Cash,Inventory,456935.25,CNY,manual,u001,Accountant,False,Synthetic journal entry for audit analytics
JE004679,2025-04-09T17:26:00,Accounts Receivable,Accounts Receivable,27627.07,CNY,manual,u002,Accountant,False,Synthetic journal entry for audit analytics
JE004680,2025-12-19T15:29:00,Cash,Inventory,37806.59,CNY,manual,u003,Senior Accountant,False,Synthetic journal entry for audit analytics
JE004681,2025-08-30T15:40:00,Sales Returns,Revenue,247650.28,CNY,automated,batch,System,False,Synthetic journal entry for audit analytics
JE004682,2025-11-23T10:08:00,Cash,Accounts Receivable,1685.99,CNY,automated,batch,System,False,Synthetic journal entry for audit analytics
JE004683,2025-10-17T14:04:00,Sales Returns,Revenue,554491.93,CNY,automated,batch,System,False,Synthetic journal entry for audit analytics
JE004684,2025-02-08T13:47:00,Cash,Revenue,3422.64,CNY,automated,batch,System,False,Synthetic journal entry for audit analytics
JE004685,2025-08-14T13:15:00,Sales Returns,Accounts Receivable,12961.62,CNY,manual,u003,Senior Accountant,False,Synthetic journal entry for audit analytics
JE004686,2025-03-25T13:00:00,Cash,Accounts Receivable,6631.83,CNY,manual,u005,CFO,False,Synthetic journal entry for audit analytics
JE004687,2025-11-17T14:00:00,Accounts Receivable,Revenue,843107.73,CNY,manual,u003,Senior Accountant,False,Synthetic journal entry for audit analytics
JE004688,2025-11-14T14:43:00,Sales Returns,Accounts Receivable,40641.32,CNY,manual,u003,Senior Accountant,False,Synthetic journal entry for audit analytics
JE004689,2025-06-28T09:30:00,Sales Returns,Inventory,1909.6,CNY,manual,u002,Accountant,False,Synthetic journal entry for audit analytics
JE004690,2025-04-08T17:22:00,Cash,Accounts Receivable,8664.76,CNY,automated,batch,System,False,Synthetic journal entry for audit analytics
JE004691,2025-08-13T17:37:00,Accounts Receivable,Revenue,586196.68,CNY,automated,batch,System,False,Synthetic journal entry for audit analytics
JE004692,2025-08-02T09:12:00,Sales Returns,Revenue,179173.98,CNY,automated,batch,System,False,Synthetic journal entry for audit analytics
JE004693,2025-02-11T14:31:00,Accounts Receivable,Inventory,468468.63,CNY,manual,u001,Accountant,False,Synthetic journal entry for audit analytics
JE004694,2025-06-28T10:14:00,Sales Returns,Accounts Receivable,2455.97,CNY,manual,u003,Senior Accountant,False,Synthetic journal entry for audit analytics
JE004695,2025-12-19T10:20:00,Cash,Inventory,8902.95,CNY,automated,batch,System,False,Synthetic journal entry for audit analytics
JE004696,2025-06-16T17:41:00,Sales Returns,Revenue,1648.53,CNY,manual,u003,Senior Accountant,False,Synthetic journal entry for audit analytics
JE004697,2025-08-06T08:19:00,Accounts Receivable,Revenue,13690.79,CNY,manual,u003,Senior Accountant,False,Synthetic journal entry for audit analytics
JE004698,2025-11-08T11:44:00,Accounts Receivable,Accounts Receivable,67476.12,CNY,manual,u001,Accountant,False,Synthetic journal entry for audit analytics
JE004699,2025-04-23T13:48:00,Accounts Receivable,Inventory,39923.78,CNY,manual,u002,Accountant,False,Synthetic journal entry for audit analytics
JE004700,2025-02-15T08:50:00,Cash,Accounts Receivable,53422.12,CNY,manual,u003,Senior Accountant,False,Synthetic journal entry for audit analytics
JE004701,2025-08-13T09:11:00,Sales Returns,Inventory,57756.37,CNY,subledger,u003,Senior Accountant,False,Synthetic journal entry for audit analytics
JE004702,2025-06-02T10:59:00,Cash,Inventory,56935.32,CNY,subledger,u003,Senior Accountant,False,Synthetic journal entry for audit analytics
JE004703,2025-10-22T10:52:00,Accounts Receivable,Accounts Receivable,1569301.98,CNY,manual,u001,Accountant,False,Synthetic journal entry for audit analytics
JE004704,2025-11-26T16:06:00,Sales Returns,Accounts Receivable,41371.37,CNY,manual,u002,Accountant,False,Synthetic journal entry for audit analytics
JE004705,2025-07-07T14:10:00,Accounts Receivable,Inventory,433525.1,CNY,automated,batch,System,False,Synthetic journal entry for audit analytics
JE004706,2025-11-03T13:53:00,Cash,Inventory,4634.89,CNY,automated,batch,System,False,Synthetic journal entry for audit analytics
JE004707,2025-11-12T10:16:00,Cash,Revenue,241167.67,CNY,manual,u002,Accountant,False,Synthetic journal entry for audit analytics
JE004708,2025-09-27T11:12:00,Sales Returns,Revenue,35689.88,CNY,subledger,u001,Accountant,False,Synthetic journal entry for audit analytics
JE004709,2025-07-19T15:46:00,Sales Returns,Revenue,453182.85,CNY,automated,batch,System,False,Synthetic journal entry for audit analytics
JE004710,2025-12-08T08:03:00,Cash,Revenue,1276659.93,CNY,automated,batch,System,False,Synthetic journal entry for audit analytics
JE004711,2025-08-02T15:51:00,Cash,Inventory,109514.87,CNY,manual,u002,Accountant,False,Synthetic journal entry for audit analytics
JE004712,2025-08-28T09:06:00,Sales Returns,Accounts Receivable,132137.27,CNY,manual,u002,Accountant,False,Synthetic journal entry for audit analytics
JE004713,2025-05-15T08:04:00,Accounts Receivable,Revenue,26594.56,CNY,manual,u003,Senior Accountant,False,Synthetic journal entry for audit analytics
JE004714,2025-11-03T10:44:00,Accounts Receivable,Accounts Receivable,37884.31,CNY,manual,u003,Senior Accountant,False,Synthetic journal entry for audit analytics
JE004715,2025-06-13T16:32:00,Sales Returns,Accounts Receivable,4873.12,CNY,manual,u001,Accountant,False,Synthetic journal entry for audit analytics
JE004716,2025-01-12T16:01:00,Accounts Receivable,Inventory,15101.29,CNY,manual,u002,Accountant,False,Synthetic journal entry for audit analytics
JE004717,2025-01-31T10:27:00,Cash,Accounts Receivable,229927.28,CNY,automated,batch,System,False,Synthetic journal entry for audit analytics
JE004718,2025-04-07T11:03:00,Accounts Receivable,Accounts Receivable,24560.02,CNY,automated,batch,System,False,Synthetic journal entry for audit analytics
JE004719,2025-05-29T18:08:00,Cash,Inventory,469225.76,CNY,automated,batch,System,False,Synthetic journal entry for audit analytics
JE004720,2025-12-16T15:27:00,Cash,Inventory,3582.37,CNY,subledger,u001,Accountant,False,Synthetic journal entry for audit analytics
JE004721,2025-09-23T08:47:00,Cash,Accounts Receivable,2527.81,CNY,manual,u002,Accountant,False,Synthetic journal entry for audit analytics
JE004722,2025-12-12T13:59:00,Accounts Receivable,Inventory,113936.74,CNY,manual,u002,Accountant,False,Synthetic journal entry for audit analytics
JE004723,2025-05-14T17:24:00,Sales Returns,Inventory,931700.88,CNY,automated,batch,System,False,Synthetic journal entry for audit analytics
JE004724,2025-02-03T12:06:00,Accounts Receivable,Inventory,4853.27,CNY,automated,batch,System,False,Synthetic journal entry for audit analytics
JE004725,2025-09-13T15:40:00,Cash,Accounts Receivable,6696.61,CNY,automated,batch,System,False,Synthetic journal entry for audit analytics
JE004726,2025-11-28T17:49:00,Accounts Receivable,Inventory,9759.43,CNY,manual,u003,Senior Accountant,False,Synthetic journal entry for audit analytics
JE004727,2025-01-25T13:12:00,Sales Returns,Accounts Receivable,156253.68,CNY,manual,u002,Accountant,False,Synthetic journal entry for audit analytics
JE004728,2025-10-27T15:55:00,Cash,Accounts Receivable,237820.86,CNY,subledger,u001,Accountant,False,Synthetic journal entry for audit analytics
JE004729,2025-12-02T11:58:00,Accounts Receivable,Revenue,24253.12,CNY,manual,u002,Accountant,False,Synthetic journal entry for audit analytics
JE004730,2025-02-24T09:37:00,Accounts Receivable,Accounts Receivable,44167.11,CNY,manual,u003,Senior Accountant,False,Synthetic journal entry for audit analytics
JE004731,2025-07-13T18:38:00,Sales Returns,Revenue,16744.19,CNY,automated,batch,System,False,Synthetic journal entry for audit analytics
JE004732,2025-08-26T15:45:00,Accounts Receivable,Accounts Receivable,60062.51,CNY,automated,batch,System,False,Synthetic journal entry for audit analytics
JE004733,2025-04-04T17:04:00,Cash,Revenue,8684.53,CNY,automated,batch,System,False,Synthetic journal entry for audit analytics
JE004734,2025-08-02T14:05:00,Sales Returns,Inventory,84252.95,CNY,manual,u001,Accountant,False,Synthetic journal entry for audit analytics
JE004735,2025-05-13T17:33:00,Cash,Inventory,5207.57,CNY,automated,batch,System,False,Synthetic journal entry for audit analytics
JE004736,2025-03-04T14:09:00,Cash,Revenue,5468.95,CNY,manual,u001,Accountant,False,Synthetic journal entry for audit analytics
JE004737,2025-05-16T17:10:00,Accounts Receivable,Inventory,325699.71,CNY,manual,u002,Accountant,False,Synthetic journal entry for audit analytics
JE004738,2025-12-12T09:06:00,Accounts Receivable,Revenue,1079923.85,CNY,manual,u001,Accountant,False,Synthetic journal entry for audit analytics
JE004739,2025-09-15T11:43:00,Cash,Accounts Receivable,1410.77,CNY,manual,u001,Accountant,False,Synthetic journal entry for audit analytics
JE004740,2025-12-03T17:17:00,Sales Returns,Inventory,2127.22,CNY,subledger,u002,Accountant,False,Synthetic journal entry for audit analytics
JE004741,2025-07-26T17:11:00,Cash,Inventory,14590.75,CNY,subledger,u002,Accountant,False,Synthetic journal entry for audit analytics
JE004742,2025-02-01T09:05:00,Sales Returns,Accounts Receivable,9030.02,CNY,automated,batch,System,False,Synthetic journal entry for audit analytics
JE004743,2025-10-15T17:12:00,Sales Returns,Accounts Receivable,8589.66,CNY,manual,u001,Accountant,False,Synthetic journal entry for audit analytics
JE004744,2025-04-14T10:07:00,Accounts Receivable,Revenue,274819.4,CNY,manual,u001,Accountant,False,Synthetic journal entry for audit analytics
JE004745,2025-03-02T13:20:00,Accounts Receivable,Revenue,4534.63,CNY,automated,batch,System,False,Synthetic journal entry for audit analytics
JE004746,2025-12-05T17:35:00,Cash,Accounts Receivable,29700.44,CNY,subledger,u004,Controller,False,Synthetic journal entry for audit analytics
JE004747,2025-05-01T16:02:00,Cash,Inventory,939608.18,CNY,manual,u001,Accountant,False,Synthetic journal entry for audit analytics
JE004748,2025-04-11T09:40:00,Cash,Accounts Receivable,45978.4,CNY,manual,u003,Senior Accountant,False,Synthetic journal entry for audit analytics
JE004749,2025-07-19T17:10:00,Cash,Revenue,24901.36,CNY,manual,u002,Accountant,False,Synthetic journal entry for audit analytics
JE004750,2025-03-27T16:04:00,Sales Returns,Revenue,25301.75,CNY,subledger,u004,Controller,False,Synthetic journal entry for audit analytics
JE004751,2025-12-29T15:05:00,Cash,Accounts Receivable,54315.19,CNY,manual,u002,Accountant,False,Synthetic journal entry for audit analytics
JE004752,2025-10-14T09:16:00,Accounts Receivable,Accounts Receivable,463061.27,CNY,subledger,u003,Senior Accountant,False,Synthetic journal entry for audit analytics
JE004753,2025-11-25T18:08:00,Cash,Inventory,14346.47,CNY,automated,batch,System,False,Synthetic journal entry for audit analytics
JE004754,2025-05-26T17:58:00,Accounts Receivable,Revenue,5639.9,CNY,subledger,u001,Accountant,False,Synthetic journal entry for audit analytics
JE004755,2025-09-17T08:44:00,Accounts Receivable,Inventory,1098.22,CNY,subledger,u001,Accountant,False,Synthetic journal entry for audit analytics
JE004756,2025-10-10T17:46:00,Sales Returns,Accounts Receivable,45831.3,CNY,automated,batch,System,False,Synthetic journal entry for audit analytics
JE004757,2025-08-19T08:44:00,Cash,Revenue,249626.22,CNY,automated,batch,System,False,Synthetic journal entry for audit analytics
JE004758,2025-03-10T12:50:00,Sales Returns,Inventory,4432.69,CNY,subledger,u001,Accountant,False,Synthetic journal entry for audit analytics
JE004759,2025-12-11T10:55:00,Cash,Accounts Receivable,940329.72,CNY,automated,batch,System,False,Synthetic journal entry for audit analytics
JE004760,2025-02-06T09:03:00,Accounts Receivable,Accounts Receivable,1041.13,CNY,manual,u001,Accountant,False,Synthetic journal entry for audit analytics
JE004761,2025-07-20T18:01:00,Sales Returns,Accounts Receivable,816402.33,CNY,manual,u001,Accountant,False,Synthetic journal entry for audit analytics
JE004762,2025-12-13T16:26:00,Accounts Receivable,Accounts Receivable,944220.99,CNY,manual,u003,Senior Accountant,False,Synthetic journal entry for audit analytics
JE004763,2025-06-19T13:53:00,Accounts Receivable,Inventory,394971.24,CNY,subledger,u003,Senior Accountant,False,Synthetic journal entry for audit analytics
JE004764,2025-05-31T09:53:00,Cash,Accounts Receivable,305067.87,CNY,automated,batch,System,False,Synthetic journal entry for audit analytics
JE004765,2025-05-22T14:31:00,Sales Returns,Revenue,5977.02,CNY,subledger,u002,Accountant,False,Synthetic journal entry for audit analytics
JE004766,2025-07-07T10:24:00,Accounts Receivable,Revenue,4020.28,CNY,automated,batch,System,False,Synthetic journal entry for audit analytics
JE004767,2025-12-24T15:31:00,Sales Returns,Inventory,857465.34,CNY,manual,u002,Accountant,False,Synthetic journal entry for audit analytics
JE004768,2025-07-11T08:28:00,Sales Returns,Inventory,155422.92,CNY,automated,batch,System,False,Synthetic journal entry for audit analytics
JE004769,2025-01-21T11:07:00,Cash,Accounts Receivable,302858.6,CNY,manual,u004,Controller,False,Synthetic journal entry for audit analytics
JE004770,2025-12-22T13:29:00,Sales Returns,Revenue,1575.73,CNY,subledger,u001,Accountant,False,Synthetic journal entry for audit analytics
JE004771,2025-02-26T18:43:00,Accounts Receivable,Accounts Receivable,1490757.26,CNY,automated,batch,System,False,Synthetic journal entry for audit analytics
JE004772,2025-07-14T18:50:00,Sales Returns,Accounts Receivable,69495.86,CNY,manual,u001,Accountant,False,Synthetic journal entry for audit analytics
JE004773,2025-01-14T08:40:00,Cash,Accounts Receivable,383785.61,CNY,automated,batch,System,False,Synthetic journal entry for audit analytics
JE004774,2025-02-17T10:14:00,Cash,Revenue,1427369.28,CNY,manual,u002,Accountant,False,Synthetic journal entry for audit analytics
JE004775,2025-12-16T09:33:00,Sales Returns,Accounts Receivable,3883.02,CNY,subledger,u001,Accountant,False,Synthetic journal entry for audit analytics
JE004776,2025-02-07T13:01:00,Sales Returns,Accounts Receivable,48776.19,CNY,subledger,u001,Accountant,False,Synthetic journal entry for audit analytics
JE004777,2025-10-05T09:56:00,Sales Returns,Revenue,494938.94,CNY,manual,u003,Senior Accountant,False,Synthetic journal entry for audit analytics
JE004778,2025-12-24T13:46:00,Accounts Receivable,Inventory,24971.81,CNY,automated,batch,System,False,Synthetic journal entry for audit analytics
JE004779,2025-07-30T14:54:00,Accounts Receivable,Revenue,21416.31,CNY,subledger,u002,Accountant,False,Synthetic journal entry for audit analytics
JE004780,2025-07-16T08:00:00,Accounts Receivable,Accounts Receivable,1848.45,CNY,automated,batch,System,False,Synthetic journal entry for audit analytics
JE004781,2025-11-06T16:35:00,Sales Returns,Revenue,3391.86,CNY,manual,u002,Accountant,False,Synthetic journal entry for audit analytics
JE004782,2025-02-17T14:55:00,Sales Returns,Revenue,262038.17,CNY,subledger,u002,Accountant,False,Synthetic journal entry for audit analytics
JE004783,2025-02-15T08:39:00,Sales Returns,Inventory,36651.51,CNY,manual,u001,Accountant,False,Synthetic journal entry for audit analytics
JE004784,2025-09-15T10:41:00,Sales Returns,Accounts Receivable,2008.72,CNY,automated,batch,System,False,Synthetic journal entry for audit analytics
JE004785,2025-05-15T09:57:00,Cash,Accounts Receivable,13879.31,CNY,automated,batch,System,False,Synthetic journal entry for audit analytics
JE004786,2025-09-17T11:43:00,Cash,Inventory,27699.19,CNY,manual,u002,Accountant,False,Synthetic journal entry for audit analytics
JE004787,2025-07-27T10:28:00,Accounts Receivable,Inventory,216221.85,CNY,manual,u001,Accountant,False,Synthetic journal entry for audit analytics
JE004788,2025-04-16T14:42:00,Sales Returns,Inventory,27617.44,CNY,manual,u001,Accountant,False,Synthetic journal entry for audit analytics
JE004789,2025-02-24T12:31:00,Sales Returns,Inventory,123672.39,CNY,manual,u001,Accountant,False,Synthetic journal entry for audit analytics
JE004790,2025-03-28T14:09:00,Cash,Revenue,9321.48,CNY,automated,batch,System,False,Synthetic journal entry for audit analytics
JE004791,2025-07-10T09:57:00,Cash,Inventory,3811.61,CNY,subledger,u002,Accountant,False,Synthetic journal entry for audit analytics
JE004792,2025-03-12T17:18:00,Sales Returns,Revenue,9473.16,CNY,manual,u001,Accountant,False,Synthetic journal entry for audit analytics
JE004793,2025-12-06T12:54:00,Accounts Receivable,Inventory,5624.89,CNY,subledger,u001,Accountant,False,Synthetic journal entry for audit analytics
JE004794,2025-09-08T08:36:00,Cash,Revenue,2861.05,CNY,automated,batch,System,False,Synthetic journal entry for audit analytics
JE004795,2025-03-10T12:21:00,Cash,Revenue,1767.57,CNY,manual,u002,Accountant,False,Synthetic journal entry for audit analytics
JE004796,2025-04-06T13:02:00,Sales Returns,Revenue,1135.01,CNY,automated,batch,System,False,Synthetic journal entry for audit analytics
JE004797,2025-05-24T08:57:00,Cash,Accounts Receivable,87536.38,CNY,manual,u002,Accountant,False,Synthetic journal entry for audit analytics
JE004798,2025-02-17T08:09:00,Cash,Inventory,607321.33,CNY,manual,u002,Accountant,False,Synthetic journal entry for audit analytics
JE004799,2025-12-16T10:05:00,Sales Returns,Inventory,1266.7,CNY,subledger,u003,Senior Accountant,False,Synthetic journal entry for audit analytics
JE004800,2025-06-24T08:43:00,Cash,Inventory,1069.33,CNY,automated,batch,System,False,Synthetic journal entry for audit analytics
JE004801,2025-08-08T14:27:00,Cash,Revenue,13453.09,CNY,automated,batch,System,False,Synthetic journal entry for audit analytics
JE004802,2025-05-13T09:11:00,Cash,Revenue,583883.26,CNY,automated,batch,System,False,Synthetic journal entry for audit analytics
JE004803,2025-02-10T13:22:00,Cash,Revenue,323847.33,CNY,manual,u002,Accountant,False,Synthetic journal entry for audit analytics
JE004804,2025-07-18T10:31:00,Cash,Inventory,1651.55,CNY,manual,u001,Accountant,False,Synthetic journal entry for audit analytics
JE004805,2025-04-30T10:08:00,Accounts Receivable,Accounts Receivable,105050.09,CNY,automated,batch,System,False,Synthetic journal entry for audit analytics
JE004806,2025-07-12T17:36:00,Cash,Inventory,1379173.32,CNY,subledger,u002,Accountant,False,Synthetic journal entry for audit analytics
JE004807,2025-08-05T18:59:00,Cash,Revenue,360880.91,CNY,automated,batch,System,False,Synthetic journal entry for audit analytics
JE004808,2025-07-18T15:10:00,Accounts Receivable,Accounts Receivable,1208497.21,CNY,automated,batch,System,False,Synthetic journal entry for audit analytics
JE004809,2025-05-23T16:13:00,Accounts Receivable,Accounts Receivable,4836.17,CNY,manual,u004,Controller,False,Synthetic journal entry for audit analytics
JE004810,2025-03-13T12:28:00,Accounts Receivable,Revenue,327290.82,CNY,automated,batch,System,False,Synthetic journal entry for audit analytics
JE004811,2025-08-09T15:10:00,Accounts Receivable,Inventory,15519.17,CNY,automated,batch,System,False,Synthetic journal entry for audit analytics
JE004812,2025-07-12T15:32:00,Sales Returns,Inventory,27806.99,CNY,automated,batch,System,False,Synthetic journal entry for audit analytics
JE004813,2025-01-12T15:15:00,Cash,Inventory,6496.31,CNY,manual,u003,Senior Accountant,False,Synthetic journal entry for audit analytics
JE004814,2025-07-22T09:37:00,Cash,Inventory,1058931.47,CNY,automated,batch,System,False,Synthetic journal entry for audit analytics
JE004815,2025-11-02T14:54:00,Accounts Receivable,Accounts Receivable,1528.16,CNY,manual,u002,Accountant,False,Synthetic journal entry for audit analytics
JE004816,2025-05-05T13:38:00,Cash,Revenue,59688.63,CNY,automated,batch,System,False,Synthetic journal entry for audit analytics
JE004817,2025-11-21T12:46:00,Sales Returns,Accounts Receivable,208438.77,CNY,subledger,u002,Accountant,False,Synthetic journal entry for audit analytics
JE004818,2025-06-25T12:14:00,Sales Returns,Revenue,1020941.13,CNY,manual,u002,Accountant,False,Synthetic journal entry for audit analytics
JE004819,2025-12-12T18:05:00,Cash,Revenue,1880.11,CNY,manual,u002,Accountant,False,Synthetic journal entry for audit analytics
JE004820,2025-05-07T16:50:00,Accounts Receivable,Revenue,535672.43,CNY,automated,batch,System,False,Synthetic journal entry for audit analytics
JE004821,2025-06-23T12:07:00,Cash,Accounts Receivable,1180480.01,CNY,automated,batch,System,False,Synthetic journal entry for audit analytics
JE004822,2025-07-16T14:05:00,Sales Returns,Inventory,38891.23,CNY,automated,batch,System,False,Synthetic journal entry for audit analytics
JE004823,2025-02-10T18:54:00,Cash,Inventory,135598.11,CNY,automated,batch,System,False,Synthetic journal entry for audit analytics
JE004824,2025-10-11T17:15:00,Accounts Receivable,Accounts Receivable,11357.7,CNY,subledger,u001,Accountant,False,Synthetic journal entry for audit analytics
JE004825,2025-08-11T15:41:00,Accounts Receivable,Accounts Receivable,10682.9,CNY,manual,u001,Accountant,False,Synthetic journal entry for audit analytics
JE004826,2025-11-27T08:26:00,Cash,Inventory,122476.95,CNY,manual,u003,Senior Accountant,False,Synthetic journal entry for audit analytics
JE004827,2025-11-04T11:30:00,Accounts Receivable,Inventory,4736.28,CNY,subledger,u003,Senior Accountant,False,Synthetic journal entry for audit analytics
JE004828,2025-10-25T14:05:00,Sales Returns,Accounts Receivable,572501.27,CNY,manual,u003,Senior Accountant,False,Synthetic journal entry for audit analytics
JE004829,2025-07-22T13:33:00,Accounts Receivable,Revenue,22377.07,CNY,manual,u004,Controller,False,Synthetic journal entry for audit analytics
JE004830,2025-11-23T17:20:00,Accounts Receivable,Accounts Receivable,4030.8,CNY,automated,batch,System,False,Synthetic journal entry for audit analytics
JE004831,2025-03-13T14:45:00,Accounts Receivable,Revenue,1460514.87,CNY,manual,u001,Accountant,False,Synthetic journal entry for audit analytics
JE004832,2025-01-17T15:44:00,Accounts Receivable,Revenue,10566.88,CNY,automated,batch,System,False,Synthetic journal entry for audit analytics
JE004833,2025-08-21T16:10:00,Cash,Inventory,35430.3,CNY,manual,u003,Senior Accountant,False,Synthetic journal entry for audit analytics
JE004834,2025-12-29T17:46:00,Sales Returns,Accounts Receivable,142239.54,CNY,automated,batch,System,False,Synthetic journal entry for audit analytics
JE004835,2025-09-06T13:24:00,Cash,Accounts Receivable,263508.69,CNY,manual,u003,Senior Accountant,False,Synthetic journal entry for audit analytics
JE004836,2025-01-13T18:26:00,Cash,Inventory,13220.72,CNY,automated,batch,System,False,Synthetic journal entry for audit analytics
JE004837,2025-01-19T16:42:00,Accounts Receivable,Inventory,45673.94,CNY,subledger,u003,Senior Accountant,False,Synthetic journal entry for audit analytics
JE004838,2025-10-27T18:16:00,Sales Returns,Accounts Receivable,19808.46,CNY,automated,batch,System,False,Synthetic journal entry for audit analytics
JE004839,2025-01-30T14:05:00,Accounts Receivable,Inventory,7590.78,CNY,manual,u002,Accountant,False,Synthetic journal entry for audit analytics
JE004840,2025-04-09T09:01:00,Sales Returns,Inventory,387541.55,CNY,automated,batch,System,False,Synthetic journal entry for audit analytics
JE004841,2025-11-27T11:07:00,Sales Returns,Accounts Receivable,4774.82,CNY,manual,u001,Accountant,False,Synthetic journal entry for audit analytics
JE004842,2025-12-24T17:57:00,Accounts Receivable,Accounts Receivable,335768.22,CNY,manual,u003,Senior Accountant,False,Synthetic journal entry for audit analytics
JE004843,2025-09-07T13:42:00,Accounts Receivable,Inventory,66074.64,CNY,automated,batch,System,False,Synthetic journal entry for audit analytics
JE004844,2025-03-30T10:33:00,Sales Returns,Inventory,23743.71,CNY,manual,u001,Accountant,False,Synthetic journal entry for audit analytics
JE004845,2025-02-10T09:13:00,Sales Returns,Accounts Receivable,7899.4,CNY,automated,batch,System,False,Synthetic journal entry for audit analytics
JE004846,2025-05-10T15:08:00,Sales Returns,Accounts Receivable,4077.09,CNY,subledger,u003,Senior Accountant,False,Synthetic journal entry for audit analytics
JE004847,2025-12-17T12:24:00,Cash,Accounts Receivable,194481.26,CNY,subledger,u003,Senior Accountant,False,Synthetic journal entry for audit analytics
JE004848,2025-10-15T14:13:00,Cash,Accounts Receivable,1950.38,CNY,automated,batch,System,False,Synthetic journal entry for audit analytics
JE004849,2025-06-19T10:17:00,Accounts Receivable,Revenue,1188494.72,CNY,subledger,u003,Senior Accountant,False,Synthetic journal entry for audit analytics
JE004850,2025-02-03T18:40:00,Cash,Inventory,18542.08,CNY,subledger,u003,Senior Accountant,False,Synthetic journal entry for audit analytics
JE004851,2025-09-19T08:29:00,Cash,Accounts Receivable,1497608.93,CNY,manual,u001,Accountant,False,Synthetic journal entry for audit analytics
JE004852,2025-01-13T18:30:00,Sales Returns,Revenue,113958.51,CNY,manual,u002,Accountant,False,Synthetic journal entry for audit analytics
JE004853,2025-07-29T15:35:00,Cash,Revenue,28932.07,CNY,manual,u001,Accountant,False,Synthetic journal entry for audit analytics
JE004854,2025-09-02T11:17:00,Cash,Revenue,4644.66,CNY,manual,u003,Senior Accountant,False,Synthetic journal entry for audit analytics
JE004855,2025-10-08T15:52:00,Sales Returns,Accounts Receivable,2595.68,CNY,subledger,u003,Senior Accountant,False,Synthetic journal entry for audit analytics
JE004856,2025-10-14T17:10:00,Accounts Receivable,Inventory,1523064.53,CNY,manual,u001,Accountant,False,Synthetic journal entry for audit analytics
JE004857,2025-05-27T09:12:00,Cash,Inventory,4568.93,CNY,manual,u001,Accountant,False,Synthetic journal entry for audit analytics
JE004858,2025-10-17T18:13:00,Cash,Accounts Receivable,471375.01,CNY,manual,u002,Accountant,False,Synthetic journal entry for audit analytics
JE004859,2025-03-24T16:04:00,Accounts Receivable,Inventory,165146.21,CNY,manual,u002,Accountant,False,Synthetic journal entry for audit analytics
JE004860,2025-03-06T11:22:00,Cash,Accounts Receivable,1164977.46,CNY,subledger,u002,Accountant,False,Synthetic journal entry for audit analytics
JE004861,2025-04-03T13:38:00,Accounts Receivable,Accounts Receivable,6307.1,CNY,manual,u001,Accountant,False,Synthetic journal entry for audit analytics
JE004862,2025-11-01T09:24:00,Cash,Revenue,34938.69,CNY,automated,batch,System,False,Synthetic journal entry for audit analytics
JE004863,2025-11-17T09:54:00,Accounts Receivable,Accounts Receivable,5625.32,CNY,subledger,u001,Accountant,False,Synthetic journal entry for audit analytics
JE004864,2025-09-27T15:37:00,Sales Returns,Accounts Receivable,1709.38,CNY,manual,u001,Accountant,False,Synthetic journal entry for audit analytics
JE004865,2025-08-21T13:07:00,Sales Returns,Revenue,52387.61,CNY,manual,u002,Accountant,False,Synthetic journal entry for audit analytics
JE004866,2025-07-22T11:59:00,Sales Returns,Revenue,1146.33,CNY,subledger,u001,Accountant,False,Synthetic journal entry for audit analytics
JE004867,2025-09-22T14:38:00,Cash,Revenue,26853.07,CNY,subledger,u002,Accountant,False,Synthetic journal entry for audit analytics
JE004868,2025-10-29T11:36:00,Cash,Inventory,14779.95,CNY,automated,batch,System,False,Synthetic journal entry for audit analytics
JE004869,2025-06-13T15:10:00,Sales Returns,Accounts Receivable,43307.09,CNY,manual,u001,Accountant,False,Synthetic journal entry for audit analytics
JE004870,2025-04-16T17:24:00,Sales Returns,Accounts Receivable,11761.76,CNY,manual,u003,Senior Accountant,False,Synthetic journal entry for audit analytics
JE004871,2025-10-26T16:38:00,Cash,Accounts Receivable,20308.35,CNY,subledger,u002,Accountant,False,Synthetic journal entry for audit analytics
JE004872,2025-04-30T11:09:00,Cash,Accounts Receivable,12782.52,CNY,automated,batch,System,False,Synthetic journal entry for audit analytics
JE004873,2025-05-07T12:03:00,Cash,Revenue,67506.85,CNY,manual,u001,Accountant,False,Synthetic journal entry for audit analytics
JE004874,2025-08-14T15:42:00,Cash,Inventory,257111.58,CNY,manual,u001,Accountant,False,Synthetic journal entry for audit analytics
JE004875,2025-06-26T13:48:00,Cash,Revenue,1402387.26,CNY,automated,batch,System,False,Synthetic journal entry for audit analytics
JE004876,2025-04-12T14:06:00,Sales Returns,Inventory,1352.12,CNY,manual,u003,Senior Accountant,False,Synthetic journal entry for audit analytics
JE004877,2025-07-02T13:53:00,Sales Returns,Revenue,21009.38,CNY,subledger,u003,Senior Accountant,False,Synthetic journal entry for audit analytics
JE004878,2025-08-24T14:33:00,Cash,Revenue,190194.86,CNY,automated,batch,System,False,Synthetic journal entry for audit analytics
JE004879,2025-06-17T08:21:00,Cash,Revenue,154085.54,CNY,automated,batch,System,False,Synthetic journal entry for audit analytics
JE004880,2025-11-13T13:35:00,Cash,Revenue,3986.1,CNY,manual,u003,Senior Accountant,False,Synthetic journal entry for audit analytics
JE004881,2025-10-03T13:03:00,Cash,Revenue,37560.8,CNY,manual,u003,Senior Accountant,False,Synthetic journal entry for audit analytics
JE004882,2025-04-10T08:20:00,Accounts Receivable,Inventory,9390.06,CNY,manual,u003,Senior Accountant,False,Synthetic journal entry for audit analytics
JE004883,2025-07-24T18:05:00,Accounts Receivable,Accounts Receivable,608805.11,CNY,manual,u001,Accountant,False,Synthetic journal entry for audit analytics
JE004884,2025-12-12T13:17:00,Cash,Revenue,47225.88,CNY,automated,batch,System,False,Synthetic journal entry for audit analytics
JE004885,2025-01-06T09:13:00,Sales Returns,Accounts Receivable,56741.22,CNY,manual,u001,Accountant,False,Synthetic journal entry for audit analytics
JE004886,2025-09-19T09:51:00,Sales Returns,Accounts Receivable,25610.31,CNY,automated,batch,System,False,Synthetic journal entry for audit analytics
JE004887,2025-08-01T10:29:00,Sales Returns,Revenue,36894.25,CNY,automated,batch,System,False,Synthetic journal entry for audit analytics
JE004888,2025-03-11T10:12:00,Cash,Accounts Receivable,3769.88,CNY,automated,batch,System,False,Synthetic journal entry for audit analytics
JE004889,2025-06-03T11:24:00,Accounts Receivable,Revenue,22630.41,CNY,manual,u003,Senior Accountant,False,Synthetic journal entry for audit analytics
JE004890,2025-06-28T14:36:00,Sales Returns,Inventory,285341.62,CNY,automated,batch,System,False,Synthetic journal entry for audit analytics
JE004891,2025-06-04T09:48:00,Accounts Receivable,Revenue,5528.4,CNY,subledger,u002,Accountant,False,Synthetic journal entry for audit analytics
JE004892,2025-01-26T11:22:00,Sales Returns,Revenue,259345.72,CNY,automated,batch,System,False,Synthetic journal entry for audit analytics
JE004893,2025-11-22T11:41:00,Accounts Receivable,Revenue,2036.3,CNY,manual,u002,Accountant,False,Synthetic journal entry for audit analytics
JE004894,2025-10-20T18:57:00,Cash,Inventory,895973.62,CNY,manual,u001,Accountant,False,Synthetic journal entry for audit analytics
JE004895,2025-05-14T11:32:00,Accounts Receivable,Inventory,2911.86,CNY,automated,batch,System,False,Synthetic journal entry for audit analytics
JE004896,2025-01-05T11:08:00,Cash,Inventory,27801.83,CNY,automated,batch,System,False,Synthetic journal entry for audit analytics
JE004897,2025-01-21T16:27:00,Accounts Receivable,Inventory,363533.04,CNY,automated,batch,System,False,Synthetic journal entry for audit analytics
JE004898,2025-01-03T09:01:00,Sales Returns,Accounts Receivable,1245.69,CNY,manual,u001,Accountant,False,Synthetic journal entry for audit analytics
JE004899,2025-04-09T14:20:00,Sales Returns,Accounts Receivable,1458.77,CNY,manual,u001,Accountant,False,Synthetic journal entry for audit analytics
JE004900,2025-07-03T14:52:00,Accounts Receivable,Inventory,1600.7,CNY,manual,u001,Accountant,False,Synthetic journal entry for audit analytics
JE004901,2025-07-16T14:29:00,Accounts Receivable,Accounts Receivable,351342.84,CNY,manual,u001,Accountant,False,Synthetic journal entry for audit analytics
JE004902,2025-05-21T14:05:00,Accounts Receivable,Accounts Receivable,79118.29,CNY,automated,batch,System,False,Synthetic journal entry for audit analytics
JE004903,2025-04-25T15:51:00,Cash,Accounts Receivable,614300.25,CNY,automated,batch,System,False,Synthetic journal entry for audit analytics
JE004904,2025-02-24T09:05:00,Accounts Receivable,Revenue,300887.68,CNY,manual,u002,Accountant,True,Synthetic journal entry for audit analytics
JE004905,2025-11-28T18:09:00,Sales Returns,Accounts Receivable,8337.63,CNY,automated,batch,System,False,Synthetic journal entry for audit analytics
JE004906,2025-03-18T18:53:00,Sales Returns,Revenue,946447.24,CNY,subledger,u002,Accountant,False,Synthetic journal entry for audit analytics
JE004907,2025-05-27T16:21:00,Sales Returns,Accounts Receivable,6200.06,CNY,subledger,u001,Accountant,False,Synthetic journal entry for audit analytics
JE004908,2025-08-12T14:57:00,Accounts Receivable,Revenue,5985.54,CNY,manual,u004,Controller,False,Synthetic journal entry for audit analytics
JE004909,2025-02-27T14:22:00,Cash,Revenue,3321.5,CNY,subledger,u003,Senior Accountant,False,Synthetic journal entry for audit analytics
JE004910,2025-07-05T14:16:00,Sales Returns,Inventory,250990.22,CNY,subledger,u002,Accountant,False,Synthetic journal entry for audit analytics
JE004911,2025-09-21T18:35:00,Accounts Receivable,Revenue,754994.68,CNY,manual,u003,Senior Accountant,False,Synthetic journal entry for audit analytics
JE004912,2025-05-24T10:30:00,Sales Returns,Accounts Receivable,33057.38,CNY,subledger,u001,Accountant,False,Synthetic journal entry for audit analytics
JE004913,2025-04-25T09:01:00,Accounts Receivable,Accounts Receivable,1532890.43,CNY,manual,u003,Senior Accountant,False,Synthetic journal entry for audit analytics
JE004914,2025-09-23T08:38:00,Cash,Inventory,608237.83,CNY,manual,u002,Accountant,False,Synthetic journal entry for audit analytics
JE004915,2025-03-16T08:30:00,Cash,Revenue,73734.8,CNY,manual,u005,CFO,False,Synthetic journal entry for audit analytics
JE004916,2025-07-16T10:15:00,Cash,Revenue,568841.09,CNY,automated,batch,System,False,Synthetic journal entry for audit analytics
JE004917,2025-09-13T16:43:00,Accounts Receivable,Accounts Receivable,1597.21,CNY,automated,batch,System,False,Synthetic journal entry for audit analytics
JE004918,2025-01-17T14:39:00,Accounts Receivable,Inventory,2114.94,CNY,automated,batch,System,False,Synthetic journal entry for audit analytics
JE004919,2025-09-06T08:23:00,Cash,Inventory,237273.29,CNY,manual,u001,Accountant,False,Synthetic journal entry for audit analytics
JE004920,2025-02-21T17:18:00,Accounts Receivable,Inventory,1703.86,CNY,automated,batch,System,False,Synthetic journal entry for audit analytics
JE004921,2025-11-09T12:17:00,Accounts Receivable,Revenue,2462.76,CNY,subledger,u002,Accountant,False,Synthetic journal entry for audit analytics
JE004922,2025-10-07T14:26:00,Sales Returns,Revenue,380055.9,CNY,subledger,u001,Accountant,False,Synthetic journal entry for audit analytics
JE004923,2025-04-10T17:28:00,Sales Returns,Revenue,6386.83,CNY,automated,batch,System,False,Synthetic journal entry for audit analytics
JE004924,2025-03-13T08:27:00,Sales Returns,Inventory,10761.36,CNY,manual,u002,Accountant,False,Synthetic journal entry for audit analytics
JE004925,2025-11-23T14:26:00,Accounts Receivable,Revenue,69665.74,CNY,subledger,u002,Accountant,False,Synthetic journal entry for audit analytics
JE004926,2025-02-02T14:04:00,Sales Returns,Accounts Receivable,632391.38,CNY,manual,u003,Senior Accountant,False,Synthetic journal entry for audit analytics
JE004927,2025-09-28T15:21:00,Accounts Receivable,Accounts Receivable,235471.08,CNY,manual,u002,Accountant,False,Synthetic journal entry for audit analytics
JE004928,2025-10-12T14:49:00,Sales Returns,Revenue,42071.45,CNY,automated,batch,System,False,Synthetic journal entry for audit analytics
JE004929,2025-07-22T11:04:00,Accounts Receivable,Revenue,1524.6,CNY,manual,u002,Accountant,False,Synthetic journal entry for audit analytics
JE004930,2025-05-26T14:41:00,Sales Returns,Accounts Receivable,66048.06,CNY,manual,u002,Accountant,False,Synthetic journal entry for audit analytics
JE004931,2025-11-28T11:36:00,Sales Returns,Accounts Receivable,114521.24,CNY,manual,u002,Accountant,False,Synthetic journal entry for audit analytics
JE004932,2025-12-04T08:21:00,Sales Returns,Inventory,5598.26,CNY,manual,u001,Accountant,False,Synthetic journal entry for audit analytics
JE004933,2025-09-02T10:27:00,Cash,Revenue,23015.94,CNY,automated,batch,System,False,Synthetic journal entry for audit analytics
JE004934,2025-10-19T11:31:00,Cash,Inventory,1058809.47,CNY,automated,batch,System,False,Synthetic journal entry for audit analytics
JE004935,2025-09-15T10:48:00,Sales Returns,Accounts Receivable,149214.08,CNY,manual,u002,Accountant,False,Synthetic journal entry for audit analytics
JE004936,2025-01-19T08:01:00,Accounts Receivable,Accounts Receivable,26650.94,CNY,manual,u003,Senior Accountant,False,Synthetic journal entry for audit analytics
JE004937,2025-02-17T12:15:00,Cash,Accounts Receivable,3045.3,CNY,automated,batch,System,False,Synthetic journal entry for audit analytics
JE004938,2025-03-08T12:37:00,Accounts Receivable,Accounts Receivable,1554.31,CNY,subledger,u001,Accountant,False,Synthetic journal entry for audit analytics
JE004939,2025-04-17T10:32:00,Cash,Revenue,68420.87,CNY,manual,u002,Accountant,False,Synthetic journal entry for audit analytics
JE004940,2025-12-12T11:42:00,Cash,Inventory,1633.17,CNY,manual,u002,Accountant,False,Synthetic journal entry for audit analytics
JE004941,2025-12-04T13:44:00,Sales Returns,Inventory,42544.09,CNY,manual,u002,Accountant,False,Synthetic journal entry for audit analytics
JE004942,2025-10-07T09:37:00,Accounts Receivable,Revenue,1122393.62,CNY,manual,u001,Accountant,False,Synthetic journal entry for audit analytics
JE004943,2025-12-01T17:39:00,Sales Returns,Inventory,6588.95,CNY,manual,u001,Accountant,False,Synthetic journal entry for audit analytics
JE004944,2025-03-10T09:28:00,Cash,Inventory,95464.16,CNY,manual,u002,Accountant,False,Synthetic journal entry for audit analytics
JE004945,2025-06-22T18:46:00,Accounts Receivable,Accounts Receivable,30779.02,CNY,manual,u002,Accountant,False,Synthetic journal entry for audit analytics
JE004946,2025-01-13T12:27:00,Sales Returns,Accounts Receivable,1869.0,CNY,manual,u002,Accountant,False,Synthetic journal entry for audit analytics
JE004947,2025-03-25T09:01:00,Sales Returns,Accounts Receivable,24600.83,CNY,automated,batch,System,False,Synthetic journal entry for audit analytics
JE004948,2025-12-14T16:00:00,Sales Returns,Revenue,1230.37,CNY,manual,u003,Senior Accountant,False,Synthetic journal entry for audit analytics
JE004949,2025-05-20T11:51:00,Cash,Accounts Receivable,25689.51,CNY,manual,u002,Accountant,False,Synthetic journal entry for audit analytics
JE004950,2025-09-01T11:35:00,Sales Returns,Inventory,129512.62,CNY,manual,u001,Accountant,False,Synthetic journal entry for audit analytics
JE004951,2025-07-01T14:08:00,Sales Returns,Inventory,961674.27,CNY,subledger,u001,Accountant,False,Synthetic journal entry for audit analytics
JE004952,2025-11-29T14:58:00,Accounts Receivable,Revenue,1136373.75,CNY,automated,batch,System,False,Synthetic journal entry for audit analytics
JE004953,2025-03-19T08:36:00,Accounts Receivable,Accounts Receivable,7353.83,CNY,manual,u002,Accountant,False,Synthetic journal entry for audit analytics
JE004954,2025-07-26T17:46:00,Sales Returns,Accounts Receivable,705148.17,CNY,subledger,u001,Accountant,False,Synthetic journal entry for audit analytics
JE004955,2025-07-11T09:44:00,Cash,Revenue,2010.5,CNY,automated,batch,System,False,Synthetic journal entry for audit analytics
JE004956,2025-11-24T10:47:00,Accounts Receivable,Inventory,12061.28,CNY,automated,batch,System,False,Synthetic journal entry for audit analytics
JE004957,2025-05-26T12:06:00,Cash,Accounts Receivable,86497.98,CNY,automated,batch,System,False,Synthetic journal entry for audit analytics
JE004958,2025-11-18T09:43:00,Sales Returns,Revenue,207098.03,CNY,manual,u002,Accountant,False,Synthetic journal entry for audit analytics
JE004959,2025-06-26T17:56:00,Cash,Revenue,5360.79,CNY,subledger,u001,Accountant,False,Synthetic journal entry for audit analytics
JE004960,2025-10-30T09:41:00,Cash,Revenue,87063.96,CNY,subledger,u001,Accountant,False,Synthetic journal entry for audit analytics
JE004961,2025-05-17T11:45:00,Accounts Receivable,Revenue,134563.04,CNY,manual,u001,Accountant,False,Synthetic journal entry for audit analytics
JE004962,2025-02-21T09:01:00,Accounts Receivable,Accounts Receivable,339725.68,CNY,automated,batch,System,False,Synthetic journal entry for audit analytics
JE004963,2025-01-25T10:32:00,Accounts Receivable,Inventory,506532.11,CNY,manual,u001,Accountant,False,Synthetic journal entry for audit analytics
JE004964,2025-03-01T10:28:00,Sales Returns,Revenue,39204.07,CNY,automated,batch,System,False,Synthetic journal entry for audit analytics
JE004965,2025-04-11T11:03:00,Accounts Receivable,Accounts Receivable,808726.2,CNY,manual,u003,Senior Accountant,False,Synthetic journal entry for audit analytics
JE004966,2025-04-16T11:37:00,Sales Returns,Accounts Receivable,249157.8,CNY,subledger,u002,Accountant,False,Synthetic journal entry for audit analytics
JE004967,2025-10-03T18:51:00,Cash,Revenue,33354.27,CNY,automated,batch,System,False,Synthetic journal entry for audit analytics
JE004968,2025-05-18T16:02:00,Accounts Receivable,Accounts Receivable,5421.87,CNY,manual,u004,Controller,False,Synthetic journal entry for audit analytics
JE004969,2025-05-16T10:48:00,Sales Returns,Revenue,1265106.42,CNY,automated,batch,System,False,Synthetic journal entry for audit analytics
JE004970,2025-05-02T08:21:00,Cash,Inventory,214434.19,CNY,subledger,u004,Controller,False,Synthetic journal entry for audit analytics
JE004971,2025-01-22T15:43:00,Accounts Receivable,Revenue,416544.83,CNY,manual,u003,Senior Accountant,False,Synthetic journal entry for audit analytics
JE004972,2025-01-22T17:27:00,Sales Returns,Inventory,80233.77,CNY,automated,batch,System,False,Synthetic journal entry for audit analytics
JE004973,2025-06-22T14:48:00,Cash,Revenue,3640.01,CNY,subledger,u001,Accountant,False,Synthetic journal entry for audit analytics
JE004974,2025-01-19T13:38:00,Accounts Receivable,Inventory,237310.87,CNY,automated,batch,System,False,Synthetic journal entry for audit analytics
JE004975,2025-09-24T14:47:00,Cash,Inventory,41714.96,CNY,manual,u002,Accountant,False,Synthetic journal entry for audit analytics
JE004976,2025-04-08T12:13:00,Accounts Receivable,Revenue,13083.06,CNY,automated,batch,System,False,Synthetic journal entry for audit analytics
JE004977,2025-01-16T14:59:00,Accounts Receivable,Revenue,9784.39,CNY,automated,batch,System,False,Synthetic journal entry for audit analytics
JE004978,2025-07-21T16:06:00,Accounts Receivable,Accounts Receivable,4981.18,CNY,manual,u002,Accountant,False,Synthetic journal entry for audit analytics
JE004979,2025-09-07T13:32:00,Sales Returns,Accounts Receivable,47029.82,CNY,manual,u004,Controller,False,Synthetic journal entry for audit analytics
JE004980,2025-08-06T11:57:00,Accounts Receivable,Accounts Receivable,165039.22,CNY,subledger,u001,Accountant,False,Synthetic journal entry for audit analytics
JE004981,2025-06-07T15:11:00,Accounts Receivable,Revenue,45321.21,CNY,manual,u004,Controller,False,Synthetic journal entry for audit analytics
JE004982,2025-08-07T10:27:00,Sales Returns,Accounts Receivable,5900.61,CNY,subledger,u001,Accountant,False,Synthetic journal entry for audit analytics
JE004983,2025-08-09T09:44:00,Accounts Receivable,Inventory,3963.73,CNY,manual,u003,Senior Accountant,False,Synthetic journal entry for audit analytics
JE004984,2025-07-18T12:58:00,Cash,Revenue,8081.86,CNY,manual,u005,CFO,False,Synthetic journal entry for audit analytics
JE004985,2025-08-14T10:31:00,Cash,Accounts Receivable,20401.47,CNY,automated,batch,System,False,Synthetic journal entry for audit analytics
JE004986,2025-03-17T18:48:00,Cash,Revenue,116741.45,CNY,subledger,u001,Accountant,False,Synthetic journal entry for audit analytics
JE004987,2025-09-13T16:25:00,Cash,Revenue,264332.19,CNY,automated,batch,System,False,Synthetic journal entry for audit analytics
JE004988,2025-11-04T12:54:00,Accounts Receivable,Revenue,7373.43,CNY,manual,u001,Accountant,False,Synthetic journal entry for audit analytics
JE004989,2025-05-05T11:21:00,Sales Returns,Inventory,462705.7,CNY,manual,u003,Senior Accountant,False,Synthetic journal entry for audit analytics
JE004990,2025-08-14T14:08:00,Cash,Revenue,1989.62,CNY,automated,batch,System,False,Synthetic journal entry for audit analytics
JE004991,2025-08-01T10:31:00,Cash,Inventory,12964.62,CNY,automated,batch,System,False,Synthetic journal entry for audit analytics
JE004992,2025-05-24T12:47:00,Cash,Revenue,3076.76,CNY,subledger,u005,CFO,False,Synthetic journal entry for audit analytics
JE004993,2025-12-10T18:29:00,Sales Returns,Accounts Receivable,4620.35,CNY,manual,u002,Accountant,False,Synthetic journal entry for audit analytics
JE004994,2025-11-19T17:44:00,Cash,Inventory,3727.57,CNY,automated,batch,System,False,Synthetic journal entry for audit analytics
JE004995,2025-02-01T14:20:00,Cash,Accounts Receivable,3770.68,CNY,manual,u001,Accountant,False,Synthetic journal entry for audit analytics
JE004996,2025-06-25T17:16:00,Sales Returns,Revenue,2253.5,CNY,manual,u001,Accountant,False,Synthetic journal entry for audit analytics
JE004997,2025-06-12T15:32:00,Accounts Receivable,Revenue,916349.36,CNY,manual,u001,Accountant,False,Synthetic journal entry for audit analytics
JE004998,2025-10-11T15:07:00,Accounts Receivable,Accounts Receivable,1186422.95,CNY,automated,batch,System,False,Synthetic journal entry for audit analytics
JE004999,2025-06-02T14:48:00,Accounts Receivable,Inventory,459580.76,CNY,manual,u004,Controller,False,Synthetic journal entry for audit analytics
JE005000,2025-03-20T13:49:00,Accounts Receivable,Inventory,2862.45,CNY,automated,batch,System,False,Synthetic journal entry for audit analytics
